{"type": "FeatureCollection", "features": [{"type": "Feature", "geometry": {"type": "Polygon", "coordinates": [[[-112.0651900004361, 33.42951000014654], [-112.06519499956066, 33.42929799996155], [-112.06518600023813, 33.428971999720574], [-112.0651820000402, 33.428826000264394], [-112.06517399964426, 33.42846099979972], [-112.06515100007803, 33.42753200035829], [-112.0651400002074, 33.42671600023686], [-112.06513600000943, 33.426380000162396], [-112.06512799961351, 33.42581699996281], [-112.06507400008515, 33.42502199970017], [-112.06507300026023, 33.4250079997935], [-112.06501200016088, 33.42431199997868], [-112.06498899969633, 33.42394099977846], [-112.06496399958198, 33.423374000313764], [-112.06493500016798, 33.42266600022231], [-112.06493199979494, 33.42257900017175], [-112.06492699977206, 33.42242000031945], [-112.06490800040379, 33.42173499986128], [-112.06489400016008, 33.421290000350915], [-112.06488400011436, 33.420991999643014], [-112.06487400006861, 33.42069599981936], [-112.06471199968689, 33.42071799980041], [-112.06418199995748, 33.420793000034806], [-112.06378100009948, 33.42083100022881], [-112.06342700009715, 33.42085600003172], [-112.06306200022416, 33.42085399962786], [-112.06219500021086, 33.420819000051], [-112.06212200041593, 33.42081600019371], [-112.06173499990331, 33.420788999973944], [-112.0611840002575, 33.42071799980041], [-112.06084299977564, 33.420677999898835], [-112.06063699991131, 33.42064200004664], [-112.06015800023553, 33.420522999637555], [-112.0597769995707, 33.42044200017937], [-112.05939499997928, 33.42037499980219], [-112.05898200042571, 33.42032600012028], [-112.05856599960079, 33.420290000122144], [-112.05829000031459, 33.42027399978492], [-112.05693700005446, 33.420219000290295], [-112.05661700038733, 33.42019199988494], [-112.05632799978402, 33.42015599983124], [-112.05610799967599, 33.42011900030196], [-112.0555379997636, 33.420001000137646], [-112.055341999945, 33.419946999932684], [-112.05510000009568, 33.4198710002538], [-112.05486300026922, 33.41978399965186], [-112.05477200003263, 33.41974800017881], [-112.0543219997708, 33.41959800008924], [-112.05408900014233, 33.41953499992933], [-112.05394199982923, 33.41950299972352], [-112.05363300003273, 33.41944499983588], [-112.05277500024026, 33.419304999921586], [-112.0526179998814, 33.419269000249926], [-112.05246499972053, 33.41924599968123], [-112.05229499984122, 33.41922699998929], [-112.05166999967726, 33.41914499985029], [-112.05098699978696, 33.41904699982035], [-112.0500179996664, 33.41888500032403], [-112.04946299982261, 33.41878200037136], [-112.0493439999969, 33.41875599974525], [-112.04804599998837, 33.4184079998436], [-112.04745900035756, 33.41824499967295], [-112.04727100003657, 33.418196000288596], [-112.04709199993644, 33.41812699996103], [-112.04577800003437, 33.41751499970887], [-112.04560399995708, 33.417443000365985], [-112.04534100019137, 33.417346999649624], [-112.04476500043117, 33.417167000082394], [-112.04431500016939, 33.41704299968029], [-112.04401100039577, 33.41696900020248], [-112.04344700033117, 33.416860000238735], [-112.04257199992192, 33.416697000161534], [-112.04228400004185, 33.41665800015748], [-112.04202600029897, 33.416637000148036], [-112.04179600014521, 33.41662899964328], [-112.04132099976904, 33.416634999647044], [-112.0409650001169, 33.41665800015748], [-112.04050900000732, 33.41670199991085], [-112.04038199978572, 33.41670999965911], [-112.04005000042301, 33.41670699965987], [-112.03961400040491, 33.416703000160595], [-112.03917800038684, 33.416739000146265], [-112.03898000002012, 33.416763999627676], [-112.03851100039005, 33.416812000321414], [-112.0380789996716, 33.4168699997183], [-112.03771399979861, 33.4169210003454], [-112.03738800028371, 33.416955999993846], [-112.0372409999706, 33.41696399971871], [-112.03705500019777, 33.41696399971871], [-112.03674300002822, 33.41694700002136], [-112.03645699979796, 33.416921999842806], [-112.03606400033587, 33.41687699995317], [-112.0356989995646, 33.416823000054876], [-112.03538800011829, 33.4167609996303], [-112.0346640002201, 33.41659300036179], [-112.03394000032192, 33.41643500029788], [-112.03341800009011, 33.4163520002678], [-112.03308300035435, 33.416308000337104], [-112.0327419998725, 33.416275999691884], [-112.03234900041042, 33.41625500033984], [-112.03206400000506, 33.41624900030987], [-112.03166599962182, 33.41625500033984], [-112.03130699959662, 33.41624900030987], [-112.03097699988373, 33.416261000369445], [-112.03073500003438, 33.41627899970596], [-112.02986700019619, 33.416358999794596], [-112.0288060000141, 33.41663899989921], [-112.02774400000712, 33.41691800035345], [-112.02395799993651, 33.41791400023399], [-112.0222160004123, 33.418273999647454], [-112.0184370000144, 33.4190550001024], [-112.01849700028886, 33.419127000358024], [-112.01864100022893, 33.4192960001925], [-112.018857000139, 33.41954899996883], [-112.01930300020283, 33.420072000147705], [-112.01983100028241, 33.42069199975403], [-112.02015699979734, 33.42105599969508], [-112.0204070000426, 33.42132400029119], [-112.02074199977834, 33.421666000096735], [-112.02096199988637, 33.42187500035602], [-112.02108099971207, 33.42198999965632], [-112.02139000040685, 33.42227099978327], [-112.02170599987603, 33.42254200017553], [-112.02201999969539, 33.42279999963842], [-112.02239100031449, 33.42309099965569], [-112.02271099998163, 33.42333199978961], [-112.0230409996945, 33.42356900007143], [-112.02355200005566, 33.42391799969771], [-112.02392299977645, 33.42414899964543], [-112.0240459998001, 33.424222000338474], [-112.0243570001447, 33.42439999995318], [-112.02476399985049, 33.4246149998309], [-112.02487299963043, 33.424674000171535], [-112.02557999981018, 33.42505799998546], [-112.02607199990476, 33.425292000351206], [-112.02644299962552, 33.42545700033561], [-112.02688500038973, 33.42563800010778], [-112.02720699970668, 33.425762000230925], [-112.027272000004, 33.42578700011337], [-112.02769100030366, 33.42593599986321], [-112.02804699995582, 33.426054000208204], [-112.0284539996616, 33.426175000065015], [-112.02881600005983, 33.426271000017294], [-112.02912700040446, 33.42634399967566], [-112.02937500010158, 33.42639799965043], [-112.0298839999146, 33.426490999694906], [-112.03040000029863, 33.42656899984889], [-112.0303769998341, 33.4268199999071], [-112.0303690003365, 33.42689799976546], [-112.03035099989482, 33.42711800010317], [-112.03034699969689, 33.42730899993745], [-112.0303550000928, 33.42745800007373], [-112.03037199981124, 33.427598999710504], [-112.03040799979625, 33.42776800029739], [-112.03046200022291, 33.42792900034194], [-112.03049499983487, 33.42800599983396], [-112.03031900010778, 33.43152699992985], [-112.03029999984122, 33.43314300003714], [-112.03026100038147, 33.436588000096], [-112.03025200016063, 33.43669099991203], [-112.03023000041932, 33.436749000271426], [-112.03021899965037, 33.43676599983943], [-112.03244399994666, 33.43677099993226], [-112.0331000000728, 33.43677099993226], [-112.0343889998605, 33.43678800024562], [-112.03464499995354, 33.43678800024562], [-112.03540800020978, 33.4367850001906], [-112.03613399975778, 33.43678400017222], [-112.03694399986968, 33.436772999969314], [-112.0374369997892, 33.43676699985802], [-112.03785100006598, 33.43675999972771], [-112.03835099965816, 33.436755999652966], [-112.03853999980404, 33.436755999652966], [-112.03967899980391, 33.43675400036518], [-112.04050900000732, 33.43675400036518], [-112.04078799966658, 33.43675999972771], [-112.0408529999639, 33.436761999765025], [-112.04190199955211, 33.4367850001906], [-112.04284999975627, 33.436804999806064], [-112.0433589995693, 33.436804999806064], [-112.04501499977813, 33.436800999733435], [-112.04519100040353, 33.436801999751566], [-112.04641700044205, 33.436804999806064], [-112.04738099964142, 33.43680799986044], [-112.0477439998646, 33.43679799967881], [-112.04840400018867, 33.436779000080136], [-112.04889499956003, 33.43678300015383], [-112.05007299991796, 33.436801999751566], [-112.05084600021995, 33.436804999806064], [-112.05207800010625, 33.436800999733435], [-112.05320700006038, 33.436801999751566], [-112.0543059998773, 33.436801999751566], [-112.05649400036368, 33.436804999806064], [-112.05868100012684, 33.43680799986044], [-112.06029999962743, 33.43681199993279], [-112.06104500034033, 33.436812999950845], [-112.0615850001155, 33.43681399996885], [-112.06304499960743, 33.4368160000049], [-112.06512900033674, 33.436818000040915], [-112.06512400031386, 33.436059000307985], [-112.06511900029098, 33.43538099977133], [-112.06510400022239, 33.4331519998301], [-112.06512599996368, 33.432252000172966], [-112.06514799970499, 33.431341000037], [-112.06517000034462, 33.4304220001011], [-112.06518500041324, 33.42972899976206], [-112.0651900004361, 33.42951000014654]]]}, "properties": {"geoid": "04013117200", "name": "1172", "value": 6.0, "coverage": 1.000000000000777, "n_tiles": 807, "vmin": 5.9683, "vmax": 6.1179, "metric": "recovery_gap_hours", "ok": true, "relief_hours": 0.0, "no_relief": true, "window_hours": 6.0, "population": 1136.0, "over_65": 81.0, "svi": 0.7321, "pct_over_65": 7.1, "pct_poverty": 55.3, "pct_mobile_homes": 0.0, "pct_no_vehicle": 8.5, "quadrant": "blind_spot"}}, {"type": "Feature", "geometry": {"type": "Polygon", "coordinates": [[[-112.11724399977356, 33.56866000029817], [-112.11723700010087, 33.56830799983097], [-112.11720899961347, 33.56789500008773], [-112.11719500026808, 33.56764400002716], [-112.11719199989503, 33.56758299972032], [-112.11684700011354, 33.56757799969328], [-112.11676199972472, 33.567575999682354], [-112.11605000042043, 33.567566999632724], [-112.11565799988495, 33.56756100034761], [-112.11347799979447, 33.56758499973107], [-112.11251600024491, 33.567575999682354], [-112.11181400008805, 33.56756999964936], [-112.11022300017655, 33.567541000232545], [-112.10959200016478, 33.567549000279094], [-112.1082830002856, 33.56754200023838], [-112.10824300010263, 33.56754200023838], [-112.10570499981186, 33.56756100034761], [-112.10504100018815, 33.567565999627114], [-112.10485700006512, 33.567566999632724], [-112.10379500005813, 33.567574999676914], [-112.10283099996046, 33.56758399972573], [-112.10183099987775, 33.5675919997683], [-112.10041599969334, 33.567601999820525], [-112.09985500000178, 33.567606999846184], [-112.09961599962716, 33.567608999856375], [-112.09961300015243, 33.569123000264895], [-112.09961999982512, 33.56984500023091], [-112.09963700044187, 33.57153400019788], [-112.09963700044187, 33.57154799963141], [-112.09963700044187, 33.57162300030068], [-112.09963700044187, 33.57169500028304], [-112.0996380002668, 33.57222300031493], [-112.0996380002668, 33.57253800022483], [-112.09963900009171, 33.57353500024723], [-112.09963900009171, 33.574873999813526], [-112.09961399997735, 33.57568699981144], [-112.09959300006095, 33.5762930001948], [-112.09958600038827, 33.57689600037327], [-112.09957299996948, 33.5784740000977], [-112.09957200014456, 33.57981599972325], [-112.09956600029678, 33.58028200005126], [-112.09957399979437, 33.58079300021175], [-112.09959399988585, 33.58116499986957], [-112.09960599958143, 33.58147099997934], [-112.09963300024391, 33.58210800035948], [-112.10318900016073, 33.58204599995808], [-112.10387100022612, 33.582033999657966], [-112.10812699975168, 33.58198299967354], [-112.10959600036276, 33.581984000260476], [-112.1118740003625, 33.58198699977609], [-112.11192000039327, 33.58198699977609], [-112.11222300034196, 33.58198699977609], [-112.11226299962661, 33.58198699977609], [-112.11281900019361, 33.58198699977609], [-112.1134300001139, 33.58198900020153], [-112.11358099972664, 33.58198599993759], [-112.11374499975817, 33.581963999745], [-112.11385100006339, 33.581957000124774], [-112.11548299998276, 33.5819700002743], [-112.1163800001333, 33.58197399962913], [-112.11683399969475, 33.58197399962913], [-112.11686100035725, 33.57728400014977], [-112.11684999958827, 33.576862000109166], [-112.11684999958827, 33.57683800031084], [-112.11685299996132, 33.57580700033634], [-112.1169149998856, 33.57398399973233], [-112.11700299974915, 33.5726360003117], [-112.11710700040452, 33.57121900036685], [-112.1171120004274, 33.57114600002335], [-112.11711599972705, 33.57107800019132], [-112.11723499955274, 33.56902999987596], [-112.11724399977356, 33.56866000029817]]]}, "properties": {"geoid": "04013104402", "name": "1044.02", "value": 2.9377995406556, "coverage": 1.0000000000011224, "n_tiles": 289, "vmin": 2.7446, "vmax": 3.0835, "metric": "recovery_gap_hours", "ok": true, "relief_hours": 3.062, "no_relief": false, "window_hours": 6.0, "population": 2474.0, "over_65": 491.0, "svi": 0.7714, "pct_over_65": 19.8, "pct_poverty": 16.1, "pct_mobile_homes": 24.8, "pct_no_vehicle": 14.5, "quadrant": "over_targeted"}}, {"type": "Feature", "geometry": {"type": "Polygon", "coordinates": [[[-112.06521499965213, 33.56868300013205], [-112.06522399987297, 33.567980000196314], [-112.06505999984145, 33.56804800022299], [-112.06490400020583, 33.56812800018576], [-112.06477199996135, 33.56820800007436], [-112.06468400009781, 33.568270999934484], [-112.06420600024691, 33.56862999975715], [-112.06399399963651, 33.56878300008692], [-112.06345600040947, 33.569202999980114], [-112.06256500010672, 33.569888000073654], [-112.06148700020621, 33.57063299969294], [-112.06059000005567, 33.571243000230474], [-112.06043299969683, 33.571364000158546], [-112.06028000043425, 33.57149800014706], [-112.06006899964875, 33.57170799973291], [-112.0599740001125, 33.57181399966486], [-112.05985600011172, 33.571965999636774], [-112.05977300027105, 33.57209199981442], [-112.05922599992488, 33.57286199998088], [-112.05779300019714, 33.574933000367515], [-112.0573620002019, 33.575559999729094], [-112.0571639998352, 33.57582199973536], [-112.05698399991013, 33.57604000003709], [-112.05682099970353, 33.576195999674766], [-112.05667599993858, 33.57632199966559], [-112.05660099959549, 33.57638199988171], [-112.0564390001121, 33.576504999895], [-112.05606599984318, 33.57675100014414], [-112.05450900026689, 33.577787000253565], [-112.05445700038835, 33.57782100015329], [-112.05419500044752, 33.57802699978783], [-112.0539619999207, 33.57823899971944], [-112.05379000039157, 33.57842400013452], [-112.05366300016998, 33.578581999709805], [-112.05355799968967, 33.57871200021397], [-112.05342700016841, 33.578911000099815], [-112.0533200000383, 33.57909900018723], [-112.05322399977882, 33.57929500032009], [-112.0531440003112, 33.57948500005452], [-112.05306899996812, 33.57970499981525], [-112.05301299989162, 33.579912999917006], [-112.05295099996735, 33.58020299998488], [-112.05289200041612, 33.58041899998545], [-112.05284300001232, 33.58056599974949], [-112.05280200000443, 33.580671000175975], [-112.05277100004228, 33.58075099966683], [-112.05267599960774, 33.580950999940434], [-112.05257699987354, 33.581131999638814], [-112.05245899987275, 33.58132000012683], [-112.05236000013856, 33.58146000019234], [-112.05173400014966, 33.58226800034467], [-112.0518990000061, 33.58228700020627], [-112.05213599983256, 33.58230799973329], [-112.05217900038859, 33.582310999986035], [-112.05339600020628, 33.58231400023873], [-112.0544670004341, 33.58231699974287], [-112.0550020001864, 33.58229600021799], [-112.05541399991503, 33.5822889998763], [-112.05644300031004, 33.58228999971136], [-112.05656899980843, 33.58227700035837], [-112.05692299981075, 33.58228300011757], [-112.05730600012541, 33.582283999952644], [-112.05744099984463, 33.582283999952644], [-112.0576149999219, 33.58227499993967], [-112.05777999977835, 33.582255000239975], [-112.05786699981697, 33.58223899987823], [-112.05800099971128, 33.58220399963782], [-112.05818599965922, 33.58213899979511], [-112.05832899977433, 33.58207099964246], [-112.05846500021678, 33.58198699977609], [-112.05877999986103, 33.58178599981746], [-112.05885900040208, 33.581741000231744], [-112.0589809997025, 33.581686999799835], [-112.05916599965043, 33.581624000001604], [-112.05923299959758, 33.58160800027121], [-112.0593409995526, 33.581581000017856], [-112.059517000178, 33.581560000313885], [-112.0597549998294, 33.581543999823275], [-112.05998800035621, 33.58153200020169], [-112.06012200025052, 33.58151700029824], [-112.06019400022052, 33.58150400008047], [-112.06032899993976, 33.58147099997934], [-112.06053399997914, 33.58140200020345], [-112.06060299957613, 33.581373000194375], [-112.06073900001857, 33.58131500014701], [-112.06107100027958, 33.581169000010036], [-112.06114400007453, 33.581138000225955], [-112.06136400018255, 33.581060000044076], [-112.06153700043491, 33.58101299963179], [-112.06161899955237, 33.58099900023649], [-112.06177900028425, 33.58098299964182], [-112.06187299999557, 33.58098099994147], [-112.06194300031578, 33.58098000009131], [-112.06202600015644, 33.58098400024035], [-112.06209899995137, 33.58098799964086], [-112.06225399976209, 33.581009000232434], [-112.0625440001903, 33.58106800033461], [-112.06267200023682, 33.58109400015122], [-112.06308899998835, 33.58119599964394], [-112.06328300015713, 33.58124999963471], [-112.06340100015788, 33.58129399962991], [-112.06380600021383, 33.5815019996438], [-112.06391300034396, 33.58155299991248], [-112.0640489998881, 33.5816090001141], [-112.06418699998034, 33.58165600020184], [-112.06422899981312, 33.58166799980613], [-112.06435400038492, 33.581699000148156], [-112.0645290002871, 33.58172899988922], [-112.0645929998612, 33.581736000276344], [-112.06510199967424, 33.581769000276076], [-112.06512799961351, 33.581619000039346], [-112.06515399955276, 33.58138300014698], [-112.06516100012378, 33.58118099968204], [-112.0651560001009, 33.58101000008226], [-112.0651400002074, 33.58040999977797], [-112.06513099998655, 33.57994900020035], [-112.06512900033674, 33.579343000040375], [-112.0651419998572, 33.57866099976315], [-112.06514400040534, 33.57851600025397], [-112.0651410000323, 33.57771799977743], [-112.06515199990295, 33.5772130002323], [-112.065155000276, 33.576843999699726], [-112.06515899957564, 33.575031999899814], [-112.06516399959852, 33.574631999897555], [-112.06517100016954, 33.57413199990762], [-112.0651820000402, 33.573231000321826], [-112.06519499956066, 33.57231600025819], [-112.0651979999337, 33.571406999993215], [-112.06520499960641, 33.570643000141445], [-112.06521100035249, 33.570044000350215], [-112.06521300000233, 33.56960099972564], [-112.06521499965213, 33.56880799987045], [-112.06521499965213, 33.56868300013205]]]}, "properties": {"geoid": "04013104701", "name": "1047.01", "value": 4.007431575156662, "coverage": 1.0000000000013562, "n_tiles": 142, "vmin": 3.9252, "vmax": 4.2092, "metric": "recovery_gap_hours", "ok": true, "relief_hours": 1.993, "no_relief": false, "window_hours": 6.0, "population": 2944.0, "over_65": 376.0, "svi": 0.8025, "pct_over_65": 12.8, "pct_poverty": 25.7, "pct_mobile_homes": 2.0, "pct_no_vehicle": 10.4, "quadrant": "over_targeted"}}, {"type": "Feature", "geometry": {"type": "Polygon", "coordinates": [[[-112.06522399987297, 33.567980000196314], [-112.06522700024603, 33.567766999766306], [-112.06259900044189, 33.56776199974991], [-112.06256199973366, 33.56776199974991], [-112.0615569996281, 33.56775699973323], [-112.06050300001701, 33.567751999716215], [-112.05948799986571, 33.56775099971281], [-112.05940300037518, 33.56775099971281], [-112.05880800034846, 33.5677479997024], [-112.05682200042675, 33.567736999663516], [-112.05463200029054, 33.56773399965268], [-112.0535950003979, 33.567730999641746], [-112.05252199962196, 33.567727999630655], [-112.05143200002588, 33.56772600037173], [-112.05048100034696, 33.567702000278956], [-112.05016300032966, 33.56769000023008], [-112.05002000021453, 33.56769000023008], [-112.048209000195, 33.56770300028298], [-112.048209000195, 33.56773599965993], [-112.04814800009562, 33.56838900029739], [-112.04812299998127, 33.56848599985955], [-112.0481260003543, 33.56853100036797], [-112.04810799991266, 33.56869200006536], [-112.04811299993553, 33.56884900024824], [-112.04814499972258, 33.5690660002074], [-112.04814800009562, 33.5691930001133], [-112.04813399985193, 33.569504999902236], [-112.04809399966896, 33.57037700024232], [-112.04806500025495, 33.571212999838565], [-112.04805199983618, 33.57125499978558], [-112.04802900026995, 33.57167600033508], [-112.04802099987401, 33.57221000019415], [-112.04797999986614, 33.573025999661844], [-112.04789799985036, 33.57467999996572], [-112.04790100022342, 33.57479300019246], [-112.04789100017769, 33.57543400012277], [-112.04788100013194, 33.576035999658906], [-112.0478710000862, 33.57666800023884], [-112.04786100004046, 33.57736800010317], [-112.04785199981961, 33.577432999797175], [-112.04783199972813, 33.57746699983635], [-112.04796300014772, 33.57852300015329], [-112.04796899999549, 33.57856899979827], [-112.0479420002313, 33.57859899987896], [-112.04792999963742, 33.57862499969097], [-112.04790600024629, 33.57877900014401], [-112.04788000030703, 33.57995699984547], [-112.04785299964453, 33.580773000168655], [-112.04781599983463, 33.58142499963592], [-112.04781900020767, 33.58165600020184], [-112.04780699961377, 33.582142000053736], [-112.04780499996397, 33.58220000029366], [-112.04781699965952, 33.58222900002482], [-112.04784400032202, 33.582247000059475], [-112.04789700002547, 33.582255000239975], [-112.04847600015869, 33.582265000090416], [-112.04861500007587, 33.58226699976097], [-112.04939800042358, 33.5822629996714], [-112.05011399992584, 33.58226699976097], [-112.05051399995894, 33.58226699976097], [-112.05173400014966, 33.58226800034467], [-112.05236000013856, 33.58146000019234], [-112.05245899987275, 33.58132000012683], [-112.05257699987354, 33.581131999638814], [-112.05267599960774, 33.580950999940434], [-112.05277100004228, 33.58075099966683], [-112.05280200000443, 33.580671000175975], [-112.05284300001232, 33.58056599974949], [-112.05289200041612, 33.58041899998545], [-112.05295099996735, 33.58020299998488], [-112.05301299989162, 33.579912999917006], [-112.05306899996812, 33.57970499981525], [-112.0531440003112, 33.57948500005452], [-112.05322399977882, 33.57929500032009], [-112.0533200000383, 33.57909900018723], [-112.05342700016841, 33.578911000099815], [-112.05355799968967, 33.57871200021397], [-112.05366300016998, 33.578581999709805], [-112.05379000039157, 33.57842400013452], [-112.0539619999207, 33.57823899971944], [-112.05419500044752, 33.57802699978783], [-112.05445700038835, 33.57782100015329], [-112.05450900026689, 33.577787000253565], [-112.05606599984318, 33.57675100014414], [-112.0564390001121, 33.576504999895], [-112.05660099959549, 33.57638199988171], [-112.05667599993858, 33.57632199966559], [-112.05682099970353, 33.576195999674766], [-112.05698399991013, 33.57604000003709], [-112.0571639998352, 33.57582199973536], [-112.0573620002019, 33.575559999729094], [-112.05779300019714, 33.574933000367515], [-112.05922599992488, 33.57286199998088], [-112.05977300027105, 33.57209199981442], [-112.05985600011172, 33.571965999636774], [-112.0599740001125, 33.57181399966486], [-112.06006899964875, 33.57170799973291], [-112.06028000043425, 33.57149800014706], [-112.06043299969683, 33.571364000158546], [-112.06059000005567, 33.571243000230474], [-112.06148700020621, 33.57063299969294], [-112.06256500010672, 33.569888000073654], [-112.06345600040947, 33.569202999980114], [-112.06399399963651, 33.56878300008692], [-112.06420600024691, 33.56862999975715], [-112.06468400009781, 33.568270999934484], [-112.06477199996135, 33.56820800007436], [-112.06490400020583, 33.56812800018576], [-112.06505999984145, 33.56804800022299], [-112.06522399987297, 33.567980000196314]]]}, "properties": {"geoid": "04013104702", "name": "1047.02", "value": 4.084026366088833, "coverage": 1.00000000000116, "n_tiles": 177, "vmin": 3.8587, "vmax": 4.7448, "metric": "recovery_gap_hours", "ok": true, "relief_hours": 1.916, "no_relief": false, "window_hours": 6.0, "population": 3778.0, "over_65": 581.0, "svi": 0.9469, "pct_over_65": 15.4, "pct_poverty": 39.3, "pct_mobile_homes": 14.3, "pct_no_vehicle": 16.7, "quadrant": "over_targeted"}}, {"type": "Feature", "geometry": {"type": "Polygon", "coordinates": [[[-112.04995999994007, 33.58504799978317], [-112.04978400021298, 33.58489899981252], [-112.04972099956548, 33.58485999993345], [-112.04957999999846, 33.58480400034484], [-112.04944199990622, 33.58474899977807], [-112.04870499958925, 33.58443800026782], [-112.04864000019023, 33.584419999941815], [-112.04858699958847, 33.5844169997624], [-112.04847299978563, 33.584419999941815], [-112.04847699998359, 33.58308899964789], [-112.04847799980851, 33.58301499978762], [-112.04847600015869, 33.582265000090416], [-112.04789700002547, 33.582255000239975], [-112.04784400032202, 33.582247000059475], [-112.04781699965952, 33.58222900002482], [-112.04780499996397, 33.58220000029366], [-112.04780699961377, 33.582142000053736], [-112.04781900020767, 33.58165600020184], [-112.04781599983463, 33.58142499963592], [-112.04785299964453, 33.580773000168655], [-112.04788000030703, 33.57995699984547], [-112.04790600024629, 33.57877900014401], [-112.04792999963742, 33.57862499969097], [-112.0479420002313, 33.57859899987896], [-112.04796899999549, 33.57856899979827], [-112.04796300014772, 33.57852300015329], [-112.04783199972813, 33.57746699983635], [-112.04785199981961, 33.577432999797175], [-112.04786100004046, 33.57736800010317], [-112.0478710000862, 33.57666800023884], [-112.04788100013194, 33.576035999658906], [-112.04789100017769, 33.57543400012277], [-112.04790100022342, 33.57479300019246], [-112.04789799985036, 33.57467999996572], [-112.04797999986614, 33.573025999661844], [-112.04802099987401, 33.57221000019415], [-112.04802900026995, 33.57167600033508], [-112.04805199983618, 33.57125499978558], [-112.0478219996824, 33.571240000341476], [-112.04759300025187, 33.571212999838565], [-112.04731000039463, 33.57116200019624], [-112.04714200016514, 33.571123000097174], [-112.04693200010286, 33.571063999933074], [-112.04686099995776, 33.571041999950346], [-112.04668799970538, 33.570979999832794], [-112.04651799982607, 33.57091199986994], [-112.04631199996174, 33.57081600000739], [-112.0460690002875, 33.570686000335165], [-112.04595299993656, 33.570619000111016], [-112.04572000030804, 33.57047299984459], [-112.04564499996496, 33.57042199976512], [-112.04531100005413, 33.57024999983262], [-112.04505900015907, 33.57012000005662], [-112.04484999992168, 33.57002500003895], [-112.04463900003451, 33.569942999632374], [-112.04445699956129, 33.5698840001588], [-112.04431199979634, 33.56984500023091], [-112.04422300010788, 33.56982199995813], [-112.04380299998331, 33.569737000165965], [-112.04352400032406, 33.569665000047586], [-112.0433870000567, 33.56962500003905], [-112.04327499990372, 33.56960499965359], [-112.04315100005516, 33.569595999815455], [-112.0424089997153, 33.56963899978221], [-112.04165200020516, 33.56952600029379], [-112.0391900000824, 33.5691589998091], [-112.03879699972201, 33.56909799982411], [-112.0385220002607, 33.56905500033641], [-112.03746799975131, 33.56751300006364], [-112.03719400011495, 33.567110999631815], [-112.037410000025, 33.56580600031188], [-112.0375659996606, 33.564867000018786], [-112.037514999607, 33.56482299988373], [-112.03623599986503, 33.56371099984757], [-112.03619300020732, 33.563673000176266], [-112.0361220000622, 33.56361100000692], [-112.03601300028227, 33.56367899973151], [-112.03579499982406, 33.56380099982976], [-112.03547500015694, 33.56396000001819], [-112.03435899972327, 33.56451599984869], [-112.03382499979588, 33.564781999839816], [-112.03200100025589, 33.56566200019561], [-112.03064899982067, 33.566326000270905], [-112.03024499958963, 33.566537999747126], [-112.03005100031919, 33.56664700008731], [-112.02991200040202, 33.56672499982048], [-112.02946499961494, 33.56699699981669], [-112.02906899977984, 33.5672560003348], [-112.02868800001332, 33.56752400013107], [-112.02831800011745, 33.56780199987303], [-112.02795400006939, 33.56809700020895], [-112.02767700005997, 33.568333999748646], [-112.02741699976896, 33.56856800015297], [-112.02716700042201, 33.56880499989683], [-112.02690999960575, 33.56906100026623], [-112.02638499989921, 33.56961000031176], [-112.02628500034008, 33.569714999845075], [-112.02590100020053, 33.57011700012859], [-112.025813000337, 33.57020100032005], [-112.02499700037731, 33.570989000275155], [-112.02471399962177, 33.57122200025664], [-112.02460900003977, 33.57130100030996], [-112.02436800001536, 33.57148399995687], [-112.02414000040973, 33.57164500013529], [-112.02401200036321, 33.57173500008098], [-112.0237029996684, 33.571936000244584], [-112.02352600011639, 33.57204399980405], [-112.02342300018422, 33.572106999858924], [-112.02302399997608, 33.57233100026383], [-112.02298799999106, 33.572351000017775], [-112.02264800023242, 33.57252600009965], [-112.0223009999028, 33.57269100036513], [-112.02204700035789, 33.5728030002568], [-112.02158500040052, 33.57298399982803], [-112.02056400040144, 33.5733470000159], [-112.0197819998786, 33.57360500026062], [-112.01967300009866, 33.573641000181254], [-112.01849499974072, 33.5740479997988], [-112.01685299977561, 33.574609000151625], [-112.01678900020151, 33.574630999973785], [-112.0161699998853, 33.5748600001709], [-112.01578800029388, 33.57501800028281], [-112.01549000036805, 33.575151999838475], [-112.01519999993984, 33.57529300009578], [-112.0149150004328, 33.575442000186435], [-112.01463699970013, 33.57559800015642], [-112.01436200023883, 33.575762999789035], [-112.01408900042735, 33.5759379996898], [-112.01382199956537, 33.5761219998914], [-112.0135980001577, 33.57628700001923], [-112.01356200017268, 33.57631299977926], [-112.01326800044481, 33.576544999709405], [-112.01299200026027, 33.576781000108305], [-112.01267800044091, 33.57705800008312], [-112.01247199967827, 33.57724900014506], [-112.01220700026272, 33.57750799984383], [-112.01200499969804, 33.577742000079496], [-112.01184400003957, 33.577938000300335], [-112.01162300010664, 33.57822499987416], [-112.01138499955694, 33.57856799992017], [-112.01124700036299, 33.57878799977321], [-112.01109199965397, 33.57904799996516], [-112.01087999994186, 33.579434000060495], [-112.01078799988038, 33.5796180002933], [-112.01065300016116, 33.57993800021929], [-112.01049099977946, 33.58035299968924], [-112.01047200041118, 33.58040999977797], [-112.01039600024322, 33.5806390003589], [-112.010325999923, 33.58088199974871], [-112.01020999957204, 33.58133900019716], [-112.01020200007444, 33.581375999731236], [-112.01015299967064, 33.5816170003538], [-112.01009099974637, 33.5820479996337], [-112.0100639999822, 33.582399000368866], [-112.01005399993645, 33.58252399970388], [-112.0109329996453, 33.58251300005103], [-112.01216899972957, 33.582501999648464], [-112.0128380002745, 33.58249599990448], [-112.01310400041326, 33.58248600008085], [-112.01358399991398, 33.58246599968171], [-112.0141420001308, 33.58245400018839], [-112.01527399955967, 33.58244299977829], [-112.01658400016208, 33.582429999699954], [-112.01677099975984, 33.582427000199736], [-112.01727700009813, 33.58241900003518], [-112.01743899958153, 33.58241700036811], [-112.01970200041099, 33.58237599969919], [-112.02081899977125, 33.58235900027403], [-112.02178500041707, 33.58235000026882], [-112.02335200003914, 33.58232800016904], [-112.02397499965495, 33.58232700033449], [-112.02448000016835, 33.582318000325934], [-112.02553399977941, 33.5823000003061], [-112.02615700029357, 33.5822889998763], [-112.02663500014447, 33.58228300011757], [-112.02722400032343, 33.58227499993967], [-112.02765699996849, 33.58226900017991], [-112.02823199990372, 33.58226000016531], [-112.02867299994472, 33.58225299982076], [-112.02932900007082, 33.58224299996897], [-112.02959000018673, 33.58223899987823], [-112.03054400023869, 33.58222400009768], [-112.03072800036169, 33.5822209998419], [-112.0314749998261, 33.582223000261855], [-112.03218000035602, 33.58223099969624], [-112.03254299968087, 33.58222800018906], [-112.03361100043396, 33.58222900002482], [-112.03494799990223, 33.58223399995167], [-112.03528099998817, 33.582234999787296], [-112.03699800029636, 33.58223899987823], [-112.03790999961721, 33.58223999971381], [-112.0379880003333, 33.582234999787296], [-112.03806799980096, 33.582234999787296], [-112.03807299982383, 33.58245800026916], [-112.03810200013613, 33.584044999904286], [-112.03704500015202, 33.58404300027489], [-112.03702099986259, 33.58573999992084], [-112.03582400013639, 33.58573500019713], [-112.03486000003869, 33.58573599999221], [-112.03485400019092, 33.586845999634825], [-112.03485900021377, 33.58727100032546], [-112.0337689997194, 33.58727599996017], [-112.0326869996209, 33.58695199968429], [-112.0326869996209, 33.587282999897276], [-112.0326849999711, 33.58794399973743], [-112.03267599975025, 33.58807599989247], [-112.03267999994823, 33.58809700025567], [-112.03267800029839, 33.58948799971048], [-112.03267800029839, 33.59075600020498], [-112.03486699971138, 33.59075100002363], [-112.03486699971138, 33.59112000020635], [-112.03487000008442, 33.59543999967701], [-112.03487099990934, 33.59585399973593], [-112.03582999998416, 33.5958600000475], [-112.038508000017, 33.59587400002462], [-112.03901799965494, 33.595655000015284], [-112.03921699984657, 33.59548300023648], [-112.03969499969746, 33.595070000328484], [-112.04113699964604, 33.593796999637355], [-112.04132800034006, 33.59363299976871], [-112.04201700007813, 33.593042000078405], [-112.04217400043699, 33.592889999811135], [-112.04234599996612, 33.592701999838624], [-112.04250099977682, 33.59250499976211], [-112.04280999957331, 33.59206499984691], [-112.04288300026654, 33.59195800037009], [-112.04317000032171, 33.59153400004738], [-112.04321299997942, 33.59146899975017], [-112.04335100007168, 33.59128099967388], [-112.04345200035405, 33.591157000036205], [-112.04361700021047, 33.59097299971436], [-112.04375699995255, 33.590835000337826], [-112.04392900038002, 33.590687000370714], [-112.04411599997776, 33.59054599982212], [-112.04420200019148, 33.59048599972572], [-112.04439200016228, 33.59036900012864], [-112.04459600037679, 33.59026200004481], [-112.04480499971582, 33.590168000239316], [-112.04484499989881, 33.59015300034048], [-112.04516700011409, 33.59003199981403], [-112.04603999997519, 33.58972600013113], [-112.04629699989313, 33.58962899974336], [-112.04664000002482, 33.589486999958886], [-112.04671700001771, 33.589447999908636], [-112.04693999960047, 33.58932300012764], [-112.04713999961702, 33.58919099963556], [-112.04722800037888, 33.589124000306214], [-112.04735100040251, 33.58903099976604], [-112.04739700043326, 33.58899399977263], [-112.04757099961223, 33.5888380000711], [-112.04772899979598, 33.58867299999345], [-112.047836999751, 33.588543000276914], [-112.04797300019344, 33.58835499981081], [-112.04807299975256, 33.58819700016905], [-112.04816399998917, 33.588032000362126], [-112.04843599997572, 33.58745600008658], [-112.04875800019099, 33.58677800019813], [-112.04882500013814, 33.58665300029039], [-112.04887500036685, 33.58656000007997], [-112.04898999999459, 33.58638199990452], [-112.04912600043703, 33.58618399982454], [-112.04943600005842, 33.58575499983858], [-112.04947799989122, 33.58569800028697], [-112.04995999994007, 33.58504799978317]]]}, "properties": {"geoid": "04013104801", "name": "1048.01", "value": 3.773118842538949, "coverage": 1.0000000000011642, "n_tiles": 692, "vmin": 2.8918, "vmax": 5.3022, "metric": "recovery_gap_hours", "ok": true, "relief_hours": 2.227, "no_relief": false, "window_hours": 6.0, "population": 3904.0, "over_65": 724.0, "svi": 0.1137, "pct_over_65": 18.5, "pct_poverty": 8.8, "pct_mobile_homes": 0.0, "pct_no_vehicle": 2.1, "quadrant": "low_priority"}}, {"type": "Feature", "geometry": {"type": "Polygon", "coordinates": [[[-112.0486379996421, 33.554169999696846], [-112.04839099976986, 33.553969000101304], [-112.04833700024152, 33.55391400010068], [-112.04825400040083, 33.553811999816276], [-112.04819599977621, 33.55372499965463], [-112.04810999956248, 33.55356700025573], [-112.04809100019423, 33.55352100001634], [-112.04804599998837, 33.553412999748595], [-112.04803000009487, 33.553362000074266], [-112.04799300028493, 33.553237999859874], [-112.04796499979751, 33.55310600032957], [-112.04795700029992, 33.55304900018082], [-112.04789899967528, 33.552387000203154], [-112.04783599992611, 33.55122800010422], [-112.04784099994897, 33.55095199981158], [-112.04786699988824, 33.55067300027975], [-112.04787699993398, 33.55060099998864], [-112.04792499961457, 33.55034400009277], [-112.04800699963032, 33.54984599988397], [-112.0480259998969, 33.54961599976565], [-112.04802500007199, 33.5494349998768], [-112.04800800035355, 33.54924199999126], [-112.04796700034565, 33.54901899980773], [-112.04788399960667, 33.54872400018809], [-112.04776300013117, 33.548284000191], [-112.04771399972736, 33.548106999932855], [-112.04767899956725, 33.54795300017464], [-112.04763699973445, 33.54771000019242], [-112.0476109997952, 33.54746300007091], [-112.04758499985594, 33.54697600016654], [-112.04758499985594, 33.54664700012737], [-112.04752299993164, 33.54544800017071], [-112.04751999955859, 33.54515500012029], [-112.04751799990879, 33.54493199987094], [-112.04751399971082, 33.54457800023395], [-112.04751200006099, 33.54437000036309], [-112.04750399966508, 33.543294999947484], [-112.04749899964222, 33.542557999720124], [-112.0474979998173, 33.54230200015961], [-112.04749699999238, 33.54192100030459], [-112.04748699994664, 33.540158000090535], [-112.04748600012172, 33.54006699985992], [-112.04748600012172, 33.53993700032686], [-112.04748600012172, 33.53979900022847], [-112.04748500029682, 33.53971299976267], [-112.04748199992378, 33.53944200028636], [-112.04747900044903, 33.53894699965737], [-112.04747500025108, 33.538252000063366], [-112.04607400031037, 33.538268999935894], [-112.04599499976933, 33.53827099987663], [-112.0459079997307, 33.538272000221326], [-112.04582499989004, 33.538272000221326], [-112.04532799977257, 33.53827999998374], [-112.0441040002822, 33.538302999670876], [-112.04317500034459, 33.538322000221704], [-112.04249499992905, 33.5383359997973], [-112.04240500041567, 33.538337000141254], [-112.04195400032896, 33.53834100001952], [-112.04167499977137, 33.538344000302516], [-112.04157400038736, 33.538344000302516], [-112.04150999991495, 33.53834499989767], [-112.04149099964836, 33.53834499989767], [-112.04143499957188, 33.53834499989767], [-112.04114699969179, 33.53834499989767], [-112.0407049998259, 33.53834499989767], [-112.04062000033541, 33.53834499989767], [-112.04056000006095, 33.53834499989767], [-112.03950200025193, 33.538346999836634], [-112.03886200001934, 33.53835200005827], [-112.0387110004066, 33.53835200005827], [-112.03670000037054, 33.53835799987455], [-112.03625000010874, 33.53835900021825], [-112.03598399996994, 33.53835000011936], [-112.03589299973335, 33.53834200036347], [-112.0356700001506, 33.53832099987751], [-112.03564400021133, 33.53831899993795], [-112.0353110001254, 33.538268999935894], [-112.03506400025319, 33.538218000308326], [-112.0348180002059, 33.53815799978299], [-112.03458999970194, 33.53809099978361], [-112.034368999769, 33.538012999651876], [-112.03413699996543, 33.53791699991145], [-112.03409799960737, 33.537901999919015], [-112.03383900003958, 33.53777900033185], [-112.03373799975725, 33.53772500011081], [-112.03355700000728, 33.5376230001837], [-112.03336600021156, 33.53750299976294], [-112.03318299991346, 33.537375999685246], [-112.03306200043795, 33.5372839999134], [-112.03283099956097, 33.537086999909796], [-112.03261300000108, 33.53687199970134], [-112.03247800028187, 33.536722999706384], [-112.03232900031894, 33.536537999807564], [-112.03230300037967, 33.536502000145475], [-112.03219299987651, 33.53634900029125], [-112.03210699966279, 33.536216999670906], [-112.03199000038522, 33.53601400025223], [-112.0318339998513, 33.53568200003908], [-112.03168700043653, 33.53534200001496], [-112.03158500032929, 33.53508299965205], [-112.03148099967389, 33.53480799984554], [-112.03145800010768, 33.53474700031175], [-112.03135900037347, 33.534534000301036], [-112.03122899977882, 33.53429799976772], [-112.03114099991525, 33.53415999965232], [-112.0309810000817, 33.533937000237366], [-112.03080199998153, 33.5337239997286], [-112.03064100032307, 33.53355499980225], [-112.03056500015506, 33.5334810001736], [-112.03053199964481, 33.533419000051445], [-112.03050900007858, 33.53336599975476], [-112.03047899994135, 33.533326999812424], [-112.03027899992482, 33.533161000321726], [-112.03002299983177, 33.53297499988218], [-112.02995599988462, 33.53293000031964], [-112.02974599982235, 33.532797999720415], [-112.0294689998129, 33.53264900019173], [-112.02924500040523, 33.53254199970837], [-112.0291299998792, 33.53249099969733], [-112.02897500006848, 33.53242900036285], [-112.02868600036349, 33.532320000277686], [-112.02734800017198, 33.53181300026004], [-112.02631200010428, 33.53141799990506], [-112.0258839995838, 33.53125500027331], [-112.02419499976298, 33.53061399969694], [-112.02388299959347, 33.53051700029151], [-112.02367099988135, 33.53046200034097], [-112.02356499957615, 33.53043699994348], [-112.02334799984116, 33.53039600005464], [-112.02138399966078, 33.529952000086624], [-112.02054299958672, 33.52976100026251], [-112.02042399976104, 33.52973499996766], [-112.01983499958205, 33.52960400017746], [-112.01926200019494, 33.52947699972834], [-112.01912599975249, 33.52945499963748], [-112.01900799975172, 33.529434999686174], [-112.01871300019894, 33.52940699989633], [-112.01846299995368, 33.52940100020763], [-112.01826999960983, 33.52940400005203], [-112.01807600033939, 33.52941699987581], [-112.01801299969189, 33.5294240000105], [-112.01783000029211, 33.529446000109246], [-112.01764100014621, 33.52947699972834], [-112.01741799966513, 33.529525000179405], [-112.0171619995721, 33.52959499991587], [-112.01698300037026, 33.52965699978489], [-112.01694499983711, 33.529671000014865], [-112.01676200043732, 33.52974499990918], [-112.0165359995832, 33.52985099966763], [-112.01631899984824, 33.52996999978556], [-112.01617200043344, 33.53005999972199], [-112.01611700018186, 33.53009799994987], [-112.01594499975442, 33.53021699972791], [-112.01562400026236, 33.53049199990988], [-112.01523799957467, 33.53084499989625], [-112.01500999996905, 33.53102799988834], [-112.01483400024195, 33.53115199977337], [-112.01464799957078, 33.531267000141874], [-112.0144369996836, 33.531383000033], [-112.01424400023807, 33.53147399967085], [-112.01404599987134, 33.53155700032672], [-112.01370699993764, 33.531681000201864], [-112.013507999746, 33.531743999744236], [-112.01327299956937, 33.53180499989916], [-112.01318999972868, 33.53182099987134], [-112.01303599974291, 33.53185099971755], [-112.01294399968138, 33.5318650003411], [-112.01294299985646, 33.53196300014956], [-112.0127040003802, 33.53198399993365], [-112.01243900006632, 33.53200199995841], [-112.0121910003692, 33.53199799978684], [-112.01201899994176, 33.53199400036385], [-112.01170299957425, 33.53198699968845], [-112.01148400018945, 33.531967999991636], [-112.01027800024242, 33.53197299983342], [-112.00820799975683, 33.53197499991981], [-112.00705399968831, 33.53196500023618], [-112.00681400038712, 33.53196500023618], [-112.0067060004321, 33.53197499991981], [-112.00399800026203, 33.53197200016465], [-112.00308699986778, 33.53197200016465], [-112.00209000015813, 33.53197700000621], [-111.99942499964574, 33.531954000133595], [-111.9977299999772, 33.531947000203715], [-111.99679199981877, 33.53194399969871], [-111.99640100000651, 33.53194300002961], [-111.9953299997787, 33.53193699976802], [-111.99517900016598, 33.53183800025972], [-111.99518300036391, 33.53291300014598], [-111.99517699961783, 33.5331779996978], [-111.99517199959496, 33.53330499995237], [-111.99518800038679, 33.53358400014541], [-111.99518400018883, 33.53385400036869], [-111.99518800038679, 33.534263999955066], [-111.99518699966356, 33.53459299995929], [-111.99518699966356, 33.535591999964595], [-111.99518599983865, 33.53773299992385], [-111.99517699961783, 33.539100999740874], [-111.99531100041042, 33.539098000232926], [-111.99531300006028, 33.53975899986575], [-111.99532099955785, 33.541409999954936], [-111.99532200028109, 33.541691000056645], [-111.99532300010601, 33.54185299992393], [-111.99532599958073, 33.542544000079666], [-111.99544799977947, 33.544460000282264], [-111.99543400043409, 33.54559800035889], [-111.99541599999243, 33.54923099984126], [-111.99541099996955, 33.54951600007663], [-111.9953790001825, 33.55133399972184], [-111.99535200041832, 33.552486000132234], [-111.99534599967222, 33.55341399991803], [-111.99533800017463, 33.553715000241404], [-111.99490100033161, 33.55371900015656], [-111.98718299970228, 33.55355199998509], [-111.98641699997131, 33.5535369997118], [-111.98643899971262, 33.555586000042496], [-111.98644299991057, 33.557102999769064], [-111.98644299991057, 33.557226000298996], [-111.98644600028362, 33.56094800026639], [-111.98644799993345, 33.56236300021921], [-111.98645200013141, 33.56426300035754], [-111.98645100030649, 33.5646000002496], [-111.98668800013294, 33.5646000002496], [-111.9866849997599, 33.56528100005535], [-111.98669099960769, 33.56626999988454], [-111.98669099960769, 33.56637699977582], [-111.98428600028465, 33.56825099998388], [-111.98335899999687, 33.5698040003261], [-111.9821289997604, 33.57185999989144], [-111.98111199995925, 33.57185799997973], [-111.98110000026368, 33.57219200031156], [-111.98168100004673, 33.57294100003038], [-111.98201800033061, 33.57340099967837], [-111.98209500032353, 33.57390200009236], [-111.98213299995834, 33.5742899998552], [-111.98436499992735, 33.574675000349686], [-111.9850229997033, 33.574533999831345], [-111.98565200006523, 33.57419300007798], [-111.98635699969684, 33.573904999888875], [-111.98647899989558, 33.57376999996065], [-111.98648999976623, 33.573155000360295], [-111.98648100044372, 33.57187499997631], [-111.98706700024964, 33.5718740000206], [-111.98919899976121, 33.5718740000206], [-111.99082800020585, 33.57187599993195], [-111.99081899998504, 33.57061300028948], [-111.99319400006917, 33.57060799968941], [-111.9947170002086, 33.56964499967138], [-111.99565799984175, 33.56907500010078], [-111.99565799984175, 33.56877600014625], [-111.99565799984175, 33.568378000340154], [-111.99566100021481, 33.5683529996836], [-111.99568700015406, 33.56827599992146], [-111.99568700015406, 33.56821500006112], [-111.99746300001351, 33.56820900007253], [-111.99770800023587, 33.568200000088865], [-111.99992400031135, 33.568163000146164], [-112.00256700018409, 33.56813000018383], [-112.00492600037471, 33.56810200020598], [-112.00604600010801, 33.568074000219006], [-112.01054699985595, 33.56802300021939], [-112.01179399981086, 33.568020000218496], [-112.01294600022952, 33.56800800021378], [-112.0129450004046, 33.56759699979459], [-112.012922999765, 33.567560000341935], [-112.01291400044246, 33.56714299997304], [-112.01502300038784, 33.56697400028221], [-112.01502000001476, 33.5666980001511], [-112.01595300015033, 33.5666140002941], [-112.01624500022838, 33.56658699984155], [-112.01626600014478, 33.5668620003137], [-112.01713099960995, 33.566782999941076], [-112.01921899963891, 33.5656050000989], [-112.02026399992748, 33.56551899986853], [-112.0202730001483, 33.56656400019786], [-112.02134799967577, 33.56646399991844], [-112.02135100004881, 33.56766500012284], [-112.02135000022389, 33.56772000034915], [-112.02146400002673, 33.57128800005033], [-112.02149499998885, 33.57235799966858], [-112.0217240003177, 33.572336999965984], [-112.02234199991068, 33.572334000114935], [-112.02302399997608, 33.57233100026383], [-112.02342300018422, 33.572106999858924], [-112.02352600011639, 33.57204399980405], [-112.0237029996684, 33.571936000244584], [-112.02401200036321, 33.57173500008098], [-112.02414000040973, 33.57164500013529], [-112.02436800001536, 33.57148399995687], [-112.02460900003977, 33.57130100030996], [-112.02471399962177, 33.57122200025664], [-112.02499700037731, 33.570989000275155], [-112.025813000337, 33.57020100032005], [-112.02590100020053, 33.57011700012859], [-112.02628500034008, 33.569714999845075], [-112.02638499989921, 33.56961000031176], [-112.02690999960575, 33.56906100026623], [-112.02716700042201, 33.56880499989683], [-112.02741699976896, 33.56856800015297], [-112.02767700005997, 33.568333999748646], [-112.02795400006939, 33.56809700020895], [-112.02831800011745, 33.56780199987303], [-112.02868800001332, 33.56752400013107], [-112.02906899977984, 33.5672560003348], [-112.02946499961494, 33.56699699981669], [-112.02991200040202, 33.56672499982048], [-112.03005100031919, 33.56664700008731], [-112.03024499958963, 33.566537999747126], [-112.03064899982067, 33.566326000270905], [-112.03200100025589, 33.56566200019561], [-112.03382499979588, 33.564781999839816], [-112.03435899972327, 33.56451599984869], [-112.03547500015694, 33.56396000001819], [-112.03579499982406, 33.56380099982976], [-112.03601300028227, 33.56367899973151], [-112.0361220000622, 33.56361100000692], [-112.03623099984215, 33.56354300022872], [-112.03644099990444, 33.56339900008145], [-112.03666699986024, 33.5632279996882], [-112.03682500004399, 33.56309400033847], [-112.03702300041073, 33.56290799994681], [-112.03719300029003, 33.5627329998323], [-112.03736999984204, 33.562533000015755], [-112.0375370002466, 33.56232299982216], [-112.03761000004154, 33.56222199980388], [-112.03767899963852, 33.56212499994188], [-112.03777400007307, 33.56197900028375], [-112.03783400034753, 33.56188500036302], [-112.03796200039406, 33.561638000346434], [-112.03799300035618, 33.56156899968825], [-112.03803699983881, 33.56147199984138], [-112.03813599957302, 33.5612199997455], [-112.038219000312, 33.560959999755084], [-112.0382829998861, 33.5606989996455], [-112.03832999974178, 33.56043499997981], [-112.0383590000541, 33.560164999708185], [-112.03837099974965, 33.55984599994086], [-112.03836699955168, 33.55949300012508], [-112.03831200019842, 33.558588000046115], [-112.038684999569, 33.55843200003303], [-112.03883799972988, 33.55836199969567], [-112.03912499978505, 33.558222000347854], [-112.03950300007682, 33.558019000216795], [-112.03957099984889, 33.55797799993693], [-112.03975599979682, 33.55787000000135], [-112.03984700003343, 33.557816999727045], [-112.04037599993794, 33.55747699994843], [-112.04082899967446, 33.55718099988809], [-112.04167399994648, 33.5566390003502], [-112.04282899983987, 33.55586699971103], [-112.04288699956619, 33.555830999865826], [-112.04305800016873, 33.55572300024017], [-112.0431540004282, 33.555666000320976], [-112.04340499960004, 33.5555279998879], [-112.04353699984453, 33.55546599986027], [-112.04370900027199, 33.55539999995094], [-112.04375500030274, 33.555387000291844], [-112.0439369998776, 33.5553279998563], [-112.04416899968122, 33.5552690001291], [-112.04440200020804, 33.555223000047384], [-112.0446409996843, 33.555189999631885], [-112.04487900023399, 33.55517099979532], [-112.04507900025055, 33.55516499964905], [-112.04558100039085, 33.5551719999444], [-112.04583199956274, 33.5551759997921], [-112.04606799956429, 33.55517999963961], [-112.04616999967153, 33.55518599978484], [-112.04635200014472, 33.555189999631885], [-112.04659300016914, 33.55518699993381], [-112.04680999990411, 33.555169000245705], [-112.04687299965332, 33.55515999965158], [-112.04705599995143, 33.55512699996064], [-112.0472369997014, 33.55508099980332], [-112.04741599980153, 33.55502199990741], [-112.04758400003102, 33.55495299995265], [-112.04774700023764, 33.55487200035858], [-112.04791299991899, 33.55477200001554], [-112.04797999986614, 33.55472400010925], [-112.04807000027782, 33.554659999943155], [-112.0486379996421, 33.554169999696846]]]}, "properties": {"geoid": "04013105102", "name": "1051.02", "value": 4.058922038638129, "coverage": 1.0000000000011695, "n_tiles": 2038, "vmin": 2.5344, "vmax": 5.2955, "metric": "recovery_gap_hours", "ok": true, "relief_hours": 1.941, "no_relief": false, "window_hours": 6.0, "population": 4687.0, "over_65": 1134.0, "svi": 0.052, "pct_over_65": 24.2, "pct_poverty": 8.4, "pct_mobile_homes": 0.0, "pct_no_vehicle": 4.4, "quadrant": "low_priority"}}, {"type": "Feature", "geometry": {"type": "Polygon", "coordinates": [[[-112.10887599976421, 33.557589000111406], [-112.10888099978708, 33.55742699980204], [-112.10887099974133, 33.55732200029878], [-112.10885400002289, 33.55722799980101], [-112.108813000015, 33.55709299999825], [-112.10874600006785, 33.55694300030263], [-112.10861999967118, 33.5567070003241], [-112.10854600005133, 33.556593999633435], [-112.10811000003324, 33.5557979996826], [-112.10806200035266, 33.55567600025699], [-112.1080299996673, 33.555550000080196], [-112.10801399977376, 33.555422000175895], [-112.10801600032188, 33.5552619998416], [-112.1080299996673, 33.555130999810416], [-112.10806099962943, 33.55498400015615], [-112.10811900025405, 33.55481700018423], [-112.1082060002927, 33.554611999974576], [-112.10826700039208, 33.554433999796004], [-112.1083050000269, 33.554259999889354], [-112.10832299957025, 33.554070000038465], [-112.10831300042281, 33.55311599981329], [-112.10713000004202, 33.553100000039876], [-112.1051919998009, 33.55310199963738], [-112.1046789997899, 33.55311099969728], [-112.10399800044773, 33.55310900009997], [-112.10142199962384, 33.55310500015656], [-112.09967500007673, 33.55307799997226], [-112.09966599985589, 33.5567099999694], [-112.0996669996808, 33.55701100003722], [-112.09966800040401, 33.55712099980279], [-112.0996669996808, 33.55723700017965], [-112.09965800035827, 33.55797799993693], [-112.09964800031254, 33.558927999942966], [-112.09964699958931, 33.55903499994849], [-112.09963999991663, 33.55974700021235], [-112.0996380002668, 33.559964999933165], [-112.09965699963506, 33.56043099962706], [-112.09987000007038, 33.56042800011093], [-112.09990400040559, 33.56042800011093], [-112.10005599984322, 33.560415999799794], [-112.10040999984554, 33.56036900012445], [-112.10059300014365, 33.56035599971596], [-112.10088900041968, 33.5603549996269], [-112.10138300016409, 33.5603549996269], [-112.10155499969322, 33.56035300019728], [-112.10206000020659, 33.56035100001904], [-112.10251299994314, 33.560348999840734], [-112.10327000035159, 33.56034600032175], [-112.10366799983655, 33.56034400014334], [-112.1041020002048, 33.56034400014334], [-112.10469600040665, 33.56034500023258], [-112.10560699990258, 33.56033700026714], [-112.10573800032213, 33.56033600017786], [-112.10824599957736, 33.56034600032175], [-112.10825300014835, 33.55958899985094], [-112.10825800017123, 33.55906999985153], [-112.10827700043781, 33.55894600034496], [-112.10831699972246, 33.55879299980289], [-112.10837299979895, 33.55865100018746], [-112.10844899996694, 33.558510999810935], [-112.1085379996554, 33.55838199969092], [-112.10868199959545, 33.55816399971747], [-112.10873699984703, 33.55806599967374], [-112.10880299996928, 33.55791100033244], [-112.10884999982494, 33.55775200023616], [-112.10887599976421, 33.557589000111406]]]}, "properties": {"geoid": "04013105503", "name": "1055.03", "value": 3.711904143532158, "coverage": 1.0000000000020381, "n_tiles": 81, "vmin": 3.0545, "vmax": 4.2274, "metric": "recovery_gap_hours", "ok": true, "relief_hours": 2.288, "no_relief": false, "window_hours": 6.0, "population": 4125.0, "over_65": 223.0, "svi": 0.7379, "pct_over_65": 5.4, "pct_poverty": 38.5, "pct_mobile_homes": 0.0, "pct_no_vehicle": 26.5, "quadrant": "low_priority"}}, {"type": "Feature", "geometry": {"type": "Polygon", "coordinates": [[[-112.11690800021292, 33.53754799994023], [-112.11690900003781, 33.53638800036793], [-112.11690900003781, 33.53620899971762], [-112.11689599961902, 33.53570099966843], [-112.11689599961902, 33.534934000317435], [-112.11689599961902, 33.534018999632444], [-112.11689499979411, 33.533118000167114], [-112.1168939999692, 33.531297999856875], [-112.11689700034226, 33.53114600020574], [-112.11689499979411, 33.528571000069306], [-112.11689499979411, 33.52765499972175], [-112.116907000388, 33.52656100022683], [-112.11689200031938, 33.52600999970842], [-112.11689099959614, 33.525120999881885], [-112.11688899994634, 33.524022999991836], [-112.11469200013742, 33.52406499966705], [-112.11411600037724, 33.524082000082515], [-112.11351299995457, 33.52409499995747], [-112.1127699997898, 33.52411000009876], [-112.11273999965259, 33.52411000009876], [-112.11237099958166, 33.52411600015458], [-112.11230700000755, 33.524114999646024], [-112.11227000019761, 33.52411600015458], [-112.11223500003751, 33.52411600015458], [-112.11216800009036, 33.524117999673805], [-112.11216700026546, 33.52416900013009], [-112.11216600044055, 33.52433799967976], [-112.11218300015899, 33.52573099978822], [-112.11216700026546, 33.52727200026489], [-112.11217300011324, 33.527773999866454], [-112.11220800027336, 33.530945999902976], [-112.11220800027336, 33.53131800012609], [-112.11220800027336, 33.53312299994239], [-112.11220800027336, 33.53325399964259], [-112.11221499994603, 33.534257999854624], [-112.11221900014401, 33.534879999816766], [-112.11221599977094, 33.53850799963954], [-112.11221599977094, 33.538617999751025], [-112.11230000033486, 33.538615999818326], [-112.11235100038847, 33.53861500022631], [-112.11242099981037, 33.53861500022631], [-112.11261199960607, 33.53861199995273], [-112.11279099970622, 33.53861100036073], [-112.11280400012501, 33.53861100036073], [-112.11345199985519, 33.53860699974619], [-112.11365100004683, 33.53860600015408], [-112.11400699969899, 33.538602999880176], [-112.11566000043308, 33.538571999789504], [-112.11667800005914, 33.538567000329365], [-112.11690800021292, 33.5385690002632], [-112.11690800021292, 33.53754799994023]]]}, "properties": {"geoid": "04013106801", "name": "1068.01", "value": 3.9891773638188415, "coverage": 1.0000000000012672, "n_tiles": 85, "vmin": 3.9703, "vmax": 3.9962, "metric": "recovery_gap_hours", "ok": true, "relief_hours": 2.011, "no_relief": false, "window_hours": 6.0, "population": 4706.0, "over_65": 115.0, "svi": 0.9833, "pct_over_65": 2.4, "pct_poverty": 71.2, "pct_mobile_homes": 0.4, "pct_no_vehicle": 29.9, "quadrant": "over_targeted"}}, {"type": "Feature", "geometry": {"type": "Polygon", "coordinates": [[[-112.13421099977099, 33.50360199983936], [-112.13421800034197, 33.50228800017821], [-112.13349100007073, 33.50228400013058], [-112.1331999998176, 33.50226699992593], [-112.13300900002189, 33.502250999730265], [-112.1325529999123, 33.502197999810114], [-112.13230199984214, 33.502181000337636], [-112.13208199973413, 33.5021780002982], [-112.12992799958292, 33.50217600027189], [-112.12836500015884, 33.50217500025867], [-112.12716199968655, 33.50217500025867], [-112.12557199959996, 33.50217500025867], [-112.12397999986354, 33.50217600027189], [-112.12307400039047, 33.50217700028507], [-112.12219999980616, 33.50217700028507], [-112.12131400042458, 33.5021780002982], [-112.11955399956037, 33.50218399962795], [-112.1186270001709, 33.50218699966718], [-112.11804399983974, 33.50218899969325], [-112.11702100019079, 33.502192999745326], [-112.11701799981775, 33.50289300001573], [-112.1170139996198, 33.50401099977542], [-112.11701299979488, 33.50443199987218], [-112.11700899959692, 33.505367000009386], [-112.1170069999471, 33.50591600024844], [-112.1170060001222, 33.50602199999715], [-112.1170060001222, 33.50605099983508], [-112.11700299974915, 33.50666200010277], [-112.11700299974915, 33.50672000008911], [-112.11700000027442, 33.50711899996195], [-112.11699899955119, 33.50726100034949], [-112.11699899955119, 33.5073819999948], [-112.11699799972628, 33.50765099967719], [-112.11699299970341, 33.50855000017844], [-112.11698699985561, 33.509459000368395], [-112.11954699988767, 33.509452000115814], [-112.12129799963274, 33.50944499986272], [-112.12360199957178, 33.50943800035803], [-112.12558099982077, 33.50944100014581], [-112.12688999969996, 33.50944699972108], [-112.12697799956354, 33.50944799965026], [-112.12758099998621, 33.50945000025757], [-112.12786499966832, 33.50945000025757], [-112.12988499992522, 33.50944100014581], [-112.13159700021053, 33.50943800035803], [-112.13163900004334, 33.50943800035803], [-112.13186499999914, 33.50943800035803], [-112.13230500021521, 33.50943800035803], [-112.13419599970234, 33.50943800035803], [-112.13418800020476, 33.507627000126554], [-112.13418800020476, 33.50759800006768], [-112.1341920004027, 33.506935000358], [-112.13419599970234, 33.50629200012733], [-112.13419599970234, 33.506205000077486], [-112.13419800025048, 33.505826999878586], [-112.13420300027336, 33.504916999758215], [-112.13421099977099, 33.50360199983936]]]}, "properties": {"geoid": "04013109101", "name": "1091.01", "value": 4.093670874688673, "coverage": 1.0000000000010716, "n_tiles": 153, "vmin": 3.8387, "vmax": 4.6744, "metric": "recovery_gap_hours", "ok": true, "relief_hours": 1.906, "no_relief": false, "window_hours": 6.0, "population": 3798.0, "over_65": 339.0, "svi": 0.7361, "pct_over_65": 8.9, "pct_poverty": 42.7, "pct_mobile_homes": 0.0, "pct_no_vehicle": 1.4, "quadrant": "low_priority"}}, {"type": "Feature", "geometry": {"type": "Polygon", "coordinates": [[[-112.11697299961192, 33.55309499992293], [-112.11696900031228, 33.55208699992943], [-112.1169650001143, 33.55123399977527], [-112.1169650001143, 33.551126999839], [-112.11696000009144, 33.550189999829634], [-112.11696099991634, 33.549453000010985], [-112.11695800044161, 33.54923900008661], [-112.1169509998706, 33.548111000107646], [-112.11694599984773, 33.54697900014972], [-112.1169509998706, 33.54585099986674], [-112.11694800039587, 33.545499000024336], [-112.11694199964977, 33.5446289998523], [-112.11694099982485, 33.544493999828], [-112.11693999999994, 33.54429099963303], [-112.11693800035013, 33.54406099970263], [-112.11693199960403, 33.54315899979734], [-112.11692499993136, 33.54221200023929], [-112.11690800021292, 33.5385690002632], [-112.11667800005914, 33.538567000329365], [-112.11566000043308, 33.538571999789504], [-112.11400699969899, 33.538602999880176], [-112.11365100004683, 33.53860600015408], [-112.11345199985519, 33.53860699974619], [-112.11280400012501, 33.53861100036073], [-112.11279099970622, 33.53861100036073], [-112.11261199960607, 33.53861199995273], [-112.11242099981037, 33.53861500022631], [-112.11235100038847, 33.53861500022631], [-112.11230000033486, 33.538615999818326], [-112.11221599977094, 33.538617999751025], [-112.11221599977094, 33.538681999819524], [-112.11221699959586, 33.54004500021759], [-112.11223000001465, 33.540844000243474], [-112.11223599986243, 33.54107100031101], [-112.11221900014401, 33.54247100020607], [-112.11222199961873, 33.54295499991954], [-112.11223800041058, 33.545920999860115], [-112.11224799955801, 33.54762100015121], [-112.11226900037272, 33.549253000139814], [-112.11228600009116, 33.551578000183795], [-112.11229100011403, 33.5529710000739], [-112.11229199993893, 33.55313900004389], [-112.11249299978039, 33.55313900004389], [-112.11267500025357, 33.55313699969859], [-112.11285699982845, 33.55313699969859], [-112.11481099996311, 33.55312200010188], [-112.11697299961192, 33.55309499992293]]]}, "properties": {"geoid": "04013106001", "name": "1060.01", "value": 3.983756800282401, "coverage": 1.0000000000010896, "n_tiles": 85, "vmin": 3.9415, "vmax": 4.0908, "metric": "recovery_gap_hours", "ok": true, "relief_hours": 2.016, "no_relief": false, "window_hours": 6.0, "population": 1856.0, "over_65": 167.0, "svi": 0.9682, "pct_over_65": 9.0, "pct_poverty": 42.3, "pct_mobile_homes": 7.0, "pct_no_vehicle": 12.9, "quadrant": "over_targeted"}}, {"type": "Feature", "geometry": {"type": "Polygon", "coordinates": [[[-112.01298499968927, 33.49888599998318], [-112.0129860004125, 33.4984550000672], [-112.01298399986435, 33.49666800034778], [-112.01297800001657, 33.495234999766694], [-112.01220800008764, 33.495234999766694], [-112.01201999976668, 33.495233999673296], [-112.01024300008234, 33.49522300014367], [-112.00858299967553, 33.49520999967622], [-112.00690899992335, 33.495199000143536], [-112.00517700044487, 33.495185000327666], [-112.00420099975331, 33.49518099995177], [-111.99981200015836, 33.495153000311944], [-111.99757000014363, 33.495138999739495], [-111.9956889998039, 33.49512600000852], [-111.99543899955864, 33.495122999724586], [-111.99543100006103, 33.49592500001387], [-111.99542299966511, 33.49621799981912], [-111.99540500012178, 33.496939999839505], [-111.9954000000989, 33.49767000035389], [-111.99539500007602, 33.498420999648786], [-111.9953859998552, 33.49930400014799], [-111.99538400020536, 33.49945000005256], [-111.99537400015963, 33.50023300003373], [-111.99537300033472, 33.501212000169176], [-111.99537400015963, 33.501305000134145], [-111.99537800035758, 33.50165800013076], [-111.99537400015963, 33.50249600015488], [-111.99552999979524, 33.50249400013589], [-111.99597199966111, 33.50251300031455], [-111.99667600036612, 33.50252099963948], [-111.9969779995916, 33.5025190003701], [-111.9979130002753, 33.5025190003701], [-111.99847899998974, 33.50252399966702], [-111.99885800010641, 33.502521999648636], [-111.99976600012761, 33.50252399966702], [-112.00081999973867, 33.50252399966702], [-112.00087599981518, 33.50252399966702], [-112.00104900006754, 33.50252399966702], [-112.00209199980794, 33.50254599986589], [-112.00244300033553, 33.502543999848065], [-112.0039110002234, 33.50253299974905], [-112.00416700031643, 33.50253299974905], [-112.00580699973342, 33.502537999794185], [-112.00690899992335, 33.50254299983909], [-112.0080300003799, 33.50254699987481], [-112.0091009997094, 33.502548999892575], [-112.00967999984262, 33.502551999919156], [-112.01017600013519, 33.5025569999632], [-112.0102260003639, 33.50255799997199], [-112.01114699990556, 33.502560999998266], [-112.01116299979908, 33.502560999998266], [-112.01186599978088, 33.502560999998266], [-112.01188300039763, 33.502560999998266], [-112.0127040003802, 33.50256400002442], [-112.0129860004125, 33.50256900006782], [-112.0129860004125, 33.501407000198306], [-112.01298499968927, 33.50028200026776], [-112.01298499968927, 33.50023300003373], [-112.01298499968927, 33.500047999985505], [-112.01298499968927, 33.49979399975703], [-112.01298499968927, 33.49888599998318]]]}, "properties": {"geoid": "04013108302", "name": "1083.02", "value": 6.0, "coverage": 1.000000000000467, "n_tiles": 153, "vmin": 5.9692, "vmax": 6.101, "metric": "recovery_gap_hours", "ok": true, "relief_hours": 0.0, "no_relief": true, "window_hours": 6.0, "population": 3258.0, "over_65": 519.0, "svi": 0.4151, "pct_over_65": 15.9, "pct_poverty": 19.2, "pct_mobile_homes": 0.0, "pct_no_vehicle": 4.1, "quadrant": "blind_spot"}}, {"type": "Feature", "geometry": {"type": "Polygon", "coordinates": [[[-112.15169099977936, 33.510179000208545], [-112.15169199960427, 33.51012200021486], [-112.15160600028884, 33.51006099974641], [-112.15150500000652, 33.50996600035549], [-112.15095900038357, 33.50944799965026], [-112.15067900000108, 33.50944900032841], [-112.14878400031597, 33.50944699972108], [-112.14774900007316, 33.50944699972108], [-112.14734700039027, 33.50944499986272], [-112.14612300000157, 33.50944499986272], [-112.14520800030768, 33.5094439999335], [-112.14375899978809, 33.509442000075076], [-112.14288799957683, 33.509442000075076], [-112.14070199963857, 33.50943900028733], [-112.1385349999669, 33.50943800035803], [-112.13635499987643, 33.50943800035803], [-112.13438499984822, 33.50943800035803], [-112.13419599970234, 33.50943800035803], [-112.13420300027336, 33.5110600000269], [-112.13420400009825, 33.51130999976985], [-112.13420800029623, 33.51221900017715], [-112.13421199959588, 33.513076999797164], [-112.13421400014401, 33.51365500009234], [-112.13421800034197, 33.51452499964717], [-112.1342190001669, 33.51483600000492], [-112.1342199999918, 33.51502500010723], [-112.13422199964161, 33.51551200025943], [-112.13422199964161, 33.51561499991423], [-112.13422500001468, 33.51613400025035], [-112.13422699966448, 33.51667000009421], [-112.13422699966448, 33.51672999980294], [-112.13439099969601, 33.51672999980294], [-112.13469399964472, 33.51672999980294], [-112.13530899976297, 33.51673099964796], [-112.1376980000908, 33.51673300008687], [-112.13854599983753, 33.51673300008687], [-112.13940600017817, 33.51673399993187], [-112.14071599988227, 33.51673399993187], [-112.14272400044361, 33.51673600037071], [-112.14275899970538, 33.51674100034421], [-112.14280200026138, 33.516758999797084], [-112.14283400004847, 33.516792999751985], [-112.14284699956893, 33.51682699969346], [-112.14284800029216, 33.51709900024249], [-112.14381999988747, 33.51709699981205], [-112.14475899987079, 33.51709400028969], [-112.14569700002923, 33.51709400028969], [-112.1476519999888, 33.51709000017747], [-112.14769499964648, 33.51709100001828], [-112.14786200005106, 33.51710400019507], [-112.1480339995802, 33.5171299997937], [-112.14819699978685, 33.51716699987168], [-112.14857699972842, 33.51724800035146], [-112.14866899978993, 33.517265999698786], [-112.14873699956199, 33.5172860002175], [-112.14886399978359, 33.51731500002525], [-112.14899199983012, 33.51733600037062], [-112.14921000028832, 33.51735899963747], [-112.1493640002741, 33.51736400032391], [-112.14951099968889, 33.51736199989959], [-112.1504349996036, 33.5173669998369], [-112.15152500009799, 33.51737199977392], [-112.15152900029595, 33.51668900015627], [-112.15162399983221, 33.51669099984719], [-112.15164499974861, 33.51669199969267], [-112.15166200036536, 33.51669199969267], [-112.15166300019028, 33.5159060000143], [-112.15166700038822, 33.513745999659974], [-112.15166200036536, 33.513465999993045], [-112.15164999977148, 33.51283000033614], [-112.15162700020527, 33.51157099998907], [-112.15168300028175, 33.51137100010681], [-112.15168999995444, 33.51027799979297], [-112.15169099977936, 33.510179000208545]]]}, "properties": {"geoid": "04013107102", "name": "1071.02", "value": 4.005198086588707, "coverage": 1.000000000000443, "n_tiles": 167, "vmin": 3.9217, "vmax": 4.0318, "metric": "recovery_gap_hours", "ok": true, "relief_hours": 1.995, "no_relief": false, "window_hours": 6.0, "population": 5414.0, "over_65": 393.0, "svi": 0.8666, "pct_over_65": 7.3, "pct_poverty": 34.3, "pct_mobile_homes": 0.0, "pct_no_vehicle": 5.1, "quadrant": "over_targeted"}}, {"type": "Feature", "geometry": {"type": "Polygon", "coordinates": [[[-112.13422699966448, 33.51672999980294], [-112.13422699966448, 33.51667000009421], [-112.13422500001468, 33.51613400025035], [-112.13422199964161, 33.51561499991423], [-112.13422199964161, 33.51551200025943], [-112.1342199999918, 33.51502500010723], [-112.1342190001669, 33.51483600000492], [-112.13421800034197, 33.51452499964717], [-112.13421400014401, 33.51365500009234], [-112.13421199959588, 33.513076999797164], [-112.13420800029623, 33.51221900017715], [-112.13420400009825, 33.51130999976985], [-112.13420300027336, 33.5110600000269], [-112.13419599970234, 33.50943800035803], [-112.13230500021521, 33.50943800035803], [-112.13186499999914, 33.50943800035803], [-112.13163900004334, 33.50943800035803], [-112.13159700021053, 33.50943800035803], [-112.12988499992522, 33.50944100014581], [-112.12786499966832, 33.50945000025757], [-112.12758099998621, 33.50945000025757], [-112.12697799956354, 33.50944799965026], [-112.12688999969996, 33.50944699972108], [-112.12558099982077, 33.50944100014581], [-112.12360199957178, 33.50943800035803], [-112.12129799963274, 33.50944499986272], [-112.11954699988767, 33.509452000115814], [-112.11698699985561, 33.509459000368395], [-112.11697699980986, 33.51128300001217], [-112.116971999787, 33.51228899968972], [-112.11696699976413, 33.513061000102105], [-112.11696699976413, 33.51319400000536], [-112.1169569997184, 33.51492300036484], [-112.1169509998706, 33.51601499981779], [-112.11694800039587, 33.51644000007612], [-112.11694699967265, 33.51678399965507], [-112.1178310003027, 33.51679000021908], [-112.1182809996662, 33.516792999751985], [-112.11864899991222, 33.51679000021908], [-112.11997600023308, 33.51678699993713], [-112.12017500042471, 33.51678699993713], [-112.12124900012726, 33.51678500024837], [-112.12334600037705, 33.51678100012186], [-112.12449600024759, 33.51677799983959], [-112.12472600040135, 33.5167720000237], [-112.12558500001875, 33.51673099964796], [-112.1266100002158, 33.51672200029357], [-112.12699900037825, 33.51672300013868], [-112.12710399996021, 33.51672300013868], [-112.12989499997097, 33.516725999673895], [-112.1303839996925, 33.51671700031898], [-112.1310509996893, 33.51671200034409], [-112.1319250002736, 33.51670300023875], [-112.1325930000953, 33.51670999990464], [-112.13274799990597, 33.51670900005943], [-112.13290899956448, 33.51670800021415], [-112.13294200007475, 33.51670800021415], [-112.133072999596, 33.516705999774665], [-112.13400800027969, 33.51671700031898], [-112.13406600000602, 33.516719999854395], [-112.13422699966448, 33.51672999980294]]]}, "properties": {"geoid": "04013107201", "name": "1072.01", "value": 4.006492200167837, "coverage": 1.0000000000004126, "n_tiles": 156, "vmin": 3.9134, "vmax": 4.0342, "metric": "recovery_gap_hours", "ok": true, "relief_hours": 1.994, "no_relief": false, "window_hours": 6.0, "population": 3129.0, "over_65": 33.0, "svi": 0.9163, "pct_over_65": 1.1, "pct_poverty": 58.6, "pct_mobile_homes": 4.9, "pct_no_vehicle": 5.3, "quadrant": "over_targeted"}}, {"type": "Feature", "geometry": {"type": "Polygon", "coordinates": [[[-112.08247299990268, 33.512532000372204], [-112.08248399977333, 33.50934099967338], [-112.07814100020916, 33.509313000119654], [-112.07441899971269, 33.50929100014288], [-112.07374300039339, 33.50928699966983], [-112.07255900018767, 33.509271000023], [-112.07049700009797, 33.50926199989262], [-112.06938599968717, 33.50925600030448], [-112.06719300007624, 33.509245000309576], [-112.06650199979003, 33.50924199976597], [-112.06562300008115, 33.50923700010813], [-112.06500999961273, 33.50923400031327], [-112.0650089997878, 33.51016200005669], [-112.06500600031308, 33.512858000249814], [-112.06500299994002, 33.51373299972761], [-112.0649939997192, 33.516488000273675], [-112.06499700009225, 33.518679000065916], [-112.06499899974209, 33.520113000240215], [-112.06498700004651, 33.52190299976711], [-112.06498899969633, 33.523739000083744], [-112.06673600014176, 33.52375200001025], [-112.0677389996992, 33.523758000090844], [-112.06857800012341, 33.52376199989477], [-112.06929199997586, 33.52376700021104], [-112.06982599990324, 33.52377000025089], [-112.07139099987548, 33.52378099989687], [-112.07369900001247, 33.523796999855925], [-112.07592099993572, 33.52380599997206], [-112.07802700040634, 33.52381999965157], [-112.0780759999118, 33.52381999965157], [-112.08023199971285, 33.52382599972745], [-112.08241199980331, 33.523853999826635], [-112.08241400035145, 33.52291099981735], [-112.08241400035145, 33.522811999710825], [-112.08241699982618, 33.521993999645574], [-112.08242699987193, 33.52182199990177], [-112.08243500026785, 33.52081200029583], [-112.08243600009274, 33.52066000018687], [-112.0824389995675, 33.520243000373824], [-112.08244100011562, 33.51937600009808], [-112.08244199994053, 33.51930300013344], [-112.08244299976545, 33.51889799985697], [-112.08244399959037, 33.51841000021696], [-112.08244899961325, 33.51750399995437], [-112.0824539996361, 33.51661600017092], [-112.08245799983406, 33.51569399988633], [-112.08246299985694, 33.51478400016983], [-112.08246799987982, 33.513890000162995], [-112.08246899970472, 33.51350699966922], [-112.08247200007776, 33.512960000179795], [-112.08247299990268, 33.512532000372204]]]}, "properties": {"geoid": "04013107500", "name": "1075", "value": 4.975354267876564, "coverage": 1.0000000000002205, "n_tiles": 295, "vmin": 4.4997, "vmax": 5.1335, "metric": "recovery_gap_hours", "ok": true, "relief_hours": 1.025, "no_relief": false, "window_hours": 6.0, "population": 3464.0, "over_65": 549.0, "svi": 0.168, "pct_over_65": 15.8, "pct_poverty": 9.6, "pct_mobile_homes": 0.0, "pct_no_vehicle": 2.7, "quadrant": "low_priority"}}, {"type": "Feature", "geometry": {"type": "Polygon", "coordinates": [[[-112.04752200010674, 33.517555999652465], [-112.04752499958147, 33.516488000273675], [-112.04752499958147, 33.51466400025831], [-112.04752499958147, 33.51411599996988], [-112.04752200010674, 33.51286099991903], [-112.04751799990879, 33.51103200028039], [-112.04751600025895, 33.509213000248316], [-112.04634700012184, 33.50923600017651], [-112.04585800040032, 33.509230999769294], [-112.04543800027574, 33.50921400018016], [-112.04474000031682, 33.50919999963485], [-112.04465999995087, 33.509196999838714], [-112.04444200039099, 33.50919899970285], [-112.04427699963624, 33.50919999963485], [-112.0432959998201, 33.50921200031642], [-112.04320399975859, 33.50921400018016], [-112.04203299997168, 33.50922999983759], [-112.04097900036061, 33.50923600017651], [-112.03886200001934, 33.50924999996702], [-112.03801099989953, 33.50926099996128], [-112.0369029998618, 33.50928100008349], [-112.03668600012682, 33.5092820000146], [-112.03568299967107, 33.509290000211884], [-112.03451899955684, 33.509290000211884], [-112.03319100030939, 33.50928699966983], [-112.0326160003741, 33.50928699966983], [-112.03179399966834, 33.509306999786084], [-112.03123299997677, 33.50931000032737], [-112.03020699995479, 33.50932699989765], [-112.03021700000053, 33.51040899964395], [-112.03021600017561, 33.51106299975852], [-112.03021399962749, 33.51165999969437], [-112.03019899955886, 33.51223599992487], [-112.03018199984044, 33.512939000270116], [-112.03018000019061, 33.513126000249294], [-112.03016599994692, 33.51428299994165], [-112.03016799959673, 33.51477700034812], [-112.03017400034283, 33.516050999770805], [-112.03017500016773, 33.516252999770316], [-112.03017699981758, 33.516598999785884], [-112.03018000019061, 33.518208000011576], [-112.03017099996978, 33.519456000193735], [-112.03015199970322, 33.51975900007261], [-112.03012800031208, 33.51998299991117], [-112.03004100027344, 33.52057499995529], [-112.02999400041777, 33.52098399980138], [-112.02997599997613, 33.521219999977106], [-112.02996599993037, 33.52149200019324], [-112.0299679995802, 33.52207699966523], [-112.02997500015121, 33.52263499971446], [-112.02997799962593, 33.5237629996585], [-112.03020299975682, 33.5238180001254], [-112.03030300021426, 33.52382299968959], [-112.0303550000928, 33.52381999965157], [-112.03130300029697, 33.52381200004896], [-112.0333760002573, 33.52380200017018], [-112.03396700008611, 33.523798000368146], [-112.03403900005613, 33.52380500020881], [-112.034044000079, 33.52464999970898], [-112.0341419999883, 33.52464699969965], [-112.03459899992278, 33.524642000183135], [-112.0352690002926, 33.52463499966132], [-112.03550500029415, 33.52463099989778], [-112.03599200036587, 33.52462599963145], [-112.0360569997649, 33.524624999877695], [-112.03608400042738, 33.52461500009295], [-112.03609600012295, 33.52461100032854], [-112.03611299984138, 33.52459700002817], [-112.03643300040683, 33.52410199977408], [-112.03649299978298, 33.523978000263696], [-112.03655300005744, 33.523799999894734], [-112.03870300001067, 33.52380500020881], [-112.03890499967703, 33.523798000368146], [-112.03971399996404, 33.523773000290646], [-112.04192199964359, 33.5237559998144], [-112.0422320001633, 33.52374999973365], [-112.04298700002361, 33.52373800031972], [-112.0430349997042, 33.52372999996063], [-112.04309300032885, 33.523710000183044], [-112.0432799999266, 33.523739000083744], [-112.04343499973727, 33.5237629996585], [-112.0436110003627, 33.5237600003673], [-112.04369099983032, 33.523758000090844], [-112.04375799977747, 33.523757000327095], [-112.04385300021202, 33.5237559998144], [-112.04410000008423, 33.52375200001025], [-112.04501499977813, 33.52373800031972], [-112.04609900042473, 33.52373600004281], [-112.047476000076, 33.52372399987803], [-112.04748399957357, 33.522651999662166], [-112.04749100014459, 33.521922999962605], [-112.04749299979441, 33.52157899985051], [-112.0474979998173, 33.520893000358136], [-112.04749899964222, 33.520732999755204], [-112.04750200001524, 33.52009899996067], [-112.04750399966508, 33.5196409999444], [-112.04751100023609, 33.51873400002112], [-112.04751500043405, 33.5183020002622], [-112.04752200010674, 33.517555999652465]]]}, "properties": {"geoid": "04013107700", "name": "1077", "value": 5.2901802061798655, "coverage": 1.0000000000002098, "n_tiles": 292, "vmin": 4.7973, "vmax": 6.2346, "metric": "recovery_gap_hours", "ok": true, "relief_hours": 0.71, "no_relief": false, "window_hours": 6.0, "population": 4117.0, "over_65": 682.0, "svi": 0.1917, "pct_over_65": 16.6, "pct_poverty": 4.7, "pct_mobile_homes": 0.0, "pct_no_vehicle": 10.2, "quadrant": "low_priority"}}, {"type": "Feature", "geometry": {"type": "Polygon", "coordinates": [[[-112.03021600017561, 33.51106299975852], [-112.03021700000053, 33.51040899964395], [-112.03020699995479, 33.50932699989765], [-112.02865600022628, 33.509362999637446], [-112.02803500026025, 33.50939099992407], [-112.02722000012547, 33.50943699967971], [-112.02616599961608, 33.50947799976702], [-112.02561800034333, 33.50951500012139], [-112.0254619998094, 33.50952899986675], [-112.02491000033866, 33.50957999993643], [-112.02459300014625, 33.50959999998489], [-112.02420700035688, 33.50960800015278], [-112.02395000043894, 33.50960800015278], [-112.02286800034045, 33.50964800023222], [-112.02159799992101, 33.509702999936664], [-112.02028200036912, 33.5097420000464], [-112.01938400039367, 33.509776999688235], [-112.0171549998994, 33.50987299995989], [-112.01593999973154, 33.509905999700976], [-112.01582099990586, 33.5099090002215], [-112.0149649997632, 33.50993800025497], [-112.01423199964418, 33.509968000201866], [-112.01302400004732, 33.50996700027868], [-112.0130230002224, 33.5102260002145], [-112.01303099972003, 33.51115000016739], [-112.01302900007019, 33.51177800022296], [-112.01302900007019, 33.51193000020965], [-112.01302099967427, 33.51222799999995], [-112.01298300003945, 33.51322999963425], [-112.01297499964353, 33.513423999665285], [-112.0129710003439, 33.51405699982201], [-112.01295700010017, 33.514849999638294], [-112.0129379998336, 33.51564900031873], [-112.01291899956703, 33.516432999639434], [-112.01291100006942, 33.516758999797084], [-112.0129019998486, 33.517237999713764], [-112.01289500017589, 33.517811999841825], [-112.01289400035098, 33.51804199995682], [-112.01289299962775, 33.51817799992601], [-112.01289299962775, 33.51820600035566], [-112.01289299962775, 33.51825100009109], [-112.01289299962775, 33.51833099972934], [-112.01289299962775, 33.51847599991489], [-112.01289199980285, 33.518530000174955], [-112.01289099997796, 33.51865099978931], [-112.01287799955915, 33.5194019997628], [-112.01288099993218, 33.51949399983884], [-112.01288299958202, 33.51953099965457], [-112.01290000019877, 33.51998900025322], [-112.01292500031312, 33.520302999851154], [-112.01297299999369, 33.52075000007674], [-112.01294799987933, 33.52153999983421], [-112.01289400035098, 33.52325400010434], [-112.01289199980285, 33.52334100023598], [-112.0129379998336, 33.52427100020357], [-112.01295700010017, 33.52463000014407], [-112.01300899997871, 33.52568300022651], [-112.01306699970505, 33.526831999643754], [-112.01306500005519, 33.52690200006251], [-112.01305300035965, 33.52756200036931], [-112.01301900002447, 33.52874500003113], [-112.0129720001688, 33.53000000027401], [-112.01294600022952, 33.530825000266454], [-112.01294100020667, 33.53168600006024], [-112.01294399968138, 33.5318650003411], [-112.01303599974291, 33.53185099971755], [-112.01318999972868, 33.53182099987134], [-112.01327299956937, 33.53180499989916], [-112.013507999746, 33.531743999744236], [-112.01370699993764, 33.531681000201864], [-112.01404599987134, 33.53155700032672], [-112.01424400023807, 33.53147399967085], [-112.0144369996836, 33.531383000033], [-112.01464799957078, 33.531267000141874], [-112.01483400024195, 33.53115199977337], [-112.01500999996905, 33.53102799988834], [-112.01523799957467, 33.53084499989625], [-112.01562400026236, 33.53049199990988], [-112.01594499975442, 33.53021699972791], [-112.01611700018186, 33.53009799994987], [-112.01617200043344, 33.53005999972199], [-112.01631899984824, 33.52996999978556], [-112.0165359995832, 33.52985099966763], [-112.01676200043732, 33.52974499990918], [-112.01694499983711, 33.529671000014865], [-112.01698300037026, 33.52965699978489], [-112.0171619995721, 33.52959499991587], [-112.01741799966513, 33.529525000179405], [-112.01764100014621, 33.52947699972834], [-112.01783000029211, 33.529446000109246], [-112.01801299969189, 33.5294240000105], [-112.01807600033939, 33.52941699987581], [-112.01826999960983, 33.52940400005203], [-112.01846299995368, 33.52940100020763], [-112.01871300019894, 33.52940699989633], [-112.01900799975172, 33.529434999686174], [-112.01912599975249, 33.52945499963748], [-112.01926200019494, 33.52947699972834], [-112.01983499958205, 33.52960400017746], [-112.02042399976104, 33.52973499996766], [-112.02054299958672, 33.52976100026251], [-112.02138399966078, 33.529952000086624], [-112.02334799984116, 33.53039600005464], [-112.02356499957615, 33.53043699994348], [-112.02367099988135, 33.53046200034097], [-112.02388299959347, 33.53051700029151], [-112.02419499976298, 33.53061399969694], [-112.0258839995838, 33.53125500027331], [-112.02631200010428, 33.53141799990506], [-112.02637900005143, 33.53133699996569], [-112.02643299957978, 33.53126099983338], [-112.02646299971701, 33.53121899990895], [-112.02650500044811, 33.53114899998961], [-112.0266100000301, 33.53098599985079], [-112.02672899985579, 33.53083099985636], [-112.02683799963575, 33.530712000174574], [-112.026975999728, 33.53058799965852], [-112.02730299996615, 33.53031799971938], [-112.02793900000079, 33.52982899967194], [-112.02809399981149, 33.5297050001361], [-112.02834999990452, 33.52949000028998], [-112.0284469999889, 33.529398000363166], [-112.02856400016478, 33.52927999990673], [-112.02883500032641, 33.5289759999818], [-112.02901799972621, 33.52875299992629], [-112.0291440001229, 33.528578000272496], [-112.02929599956055, 33.52834299966685], [-112.02945799994225, 33.5280639997851], [-112.02954699963071, 33.52788700005368], [-112.02968100042334, 33.527587999819886], [-112.02979100002818, 33.527324000081485], [-112.02981199994458, 33.5272590001187], [-112.02986700019619, 33.527031000001145], [-112.02989399996035, 33.5268389999877], [-112.0299259997474, 33.52665699984658], [-112.02995199968667, 33.526416999848514], [-112.02997400032629, 33.525992999671885], [-112.02998099999898, 33.52528999981789], [-112.02998099999898, 33.52522700006646], [-112.02997699980102, 33.524742000193946], [-112.02998099999898, 33.52423700019244], [-112.02998000017406, 33.524140000373556], [-112.02998000017406, 33.52406000011685], [-112.02997900034917, 33.52397399972093], [-112.02997799962593, 33.5237629996585], [-112.02997500015121, 33.52263499971446], [-112.0299679995802, 33.52207699966523], [-112.02996599993037, 33.52149200019324], [-112.02997599997613, 33.521219999977106], [-112.02999400041777, 33.52098399980138], [-112.03004100027344, 33.52057499995529], [-112.03012800031208, 33.51998299991117], [-112.03015199970322, 33.51975900007261], [-112.03017099996978, 33.519456000193735], [-112.03018000019061, 33.518208000011576], [-112.03017699981758, 33.516598999785884], [-112.03017500016773, 33.516252999770316], [-112.03017400034283, 33.516050999770805], [-112.03016799959673, 33.51477700034812], [-112.03016599994692, 33.51428299994165], [-112.03018000019061, 33.513126000249294], [-112.03018199984044, 33.512939000270116], [-112.03019899955886, 33.51223599992487], [-112.03021399962749, 33.51165999969437], [-112.03021600017561, 33.51106299975852]]]}, "properties": {"geoid": "04013107800", "name": "1078", "value": 5.43821025349764, "coverage": 1.000000000000676, "n_tiles": 408, "vmin": 4.8752, "vmax": 6.2018, "metric": "recovery_gap_hours", "ok": true, "relief_hours": 0.562, "no_relief": false, "window_hours": 6.0, "population": 2523.0, "over_65": 1136.0, "svi": 0.0768, "pct_over_65": 45.0, "pct_poverty": 9.6, "pct_mobile_homes": 0.0, "pct_no_vehicle": 4.8, "quadrant": "low_priority"}}, {"type": "Feature", "geometry": {"type": "Polygon", "coordinates": [[[-112.09996899980459, 33.47553700029987], [-112.09996399978172, 33.475076999852575], [-112.09996399978172, 33.474986000096976], [-112.09995999958376, 33.473204999985676], [-112.0999489997131, 33.47096200018607], [-112.09995100026126, 33.47011500027595], [-112.09993899966736, 33.469883999817455], [-112.09995499956091, 33.46927900015902], [-112.09994700006327, 33.46844100016464], [-112.09992299977384, 33.46702499979593], [-112.09993100016976, 33.46595800016601], [-112.09993199999468, 33.465876999654895], [-112.09983800028333, 33.465878000087265], [-112.09926499999789, 33.4658879999138], [-112.09799499957846, 33.465845000051985], [-112.09770500004853, 33.46584299993589], [-112.09664899988934, 33.4658359999039], [-112.0955900002554, 33.465833999787634], [-112.09496400026651, 33.46583300010417], [-112.09451499982961, 33.46583300010417], [-112.09379199975635, 33.46583099998778], [-112.09345399964755, 33.46583099998778], [-112.09260699972572, 33.465828999871405], [-112.09132899980867, 33.465828999871405], [-112.08919399992403, 33.46582600007138], [-112.08703399992507, 33.465824999638414], [-112.08606399997959, 33.46582600007138], [-112.08488899999469, 33.46581499980462], [-112.08263699993422, 33.46581100032043], [-112.08264199995708, 33.46600899967187], [-112.082642999782, 33.46640599969232], [-112.08265100017792, 33.46678299995004], [-112.0826930000107, 33.46757799973793], [-112.08269800003356, 33.467657999746365], [-112.08271999977488, 33.46856299975739], [-112.08274200041451, 33.4694329998597], [-112.08276199960767, 33.47033899970108], [-112.08278500007222, 33.47122299990361], [-112.08280699981351, 33.47211499996646], [-112.08282799972993, 33.47302199984369], [-112.08285500039241, 33.474054999931276], [-112.08287600030881, 33.4748659997132], [-112.08287799995863, 33.474941000347165], [-112.08289999969995, 33.475825000060034], [-112.08291899996652, 33.4767080001873], [-112.08294699955562, 33.477694000129496], [-112.0829669996471, 33.47854999971417], [-112.08298699973858, 33.47943299979229], [-112.08301000020312, 33.480352999942966], [-112.08410200034734, 33.48036699990888], [-112.08423799989144, 33.48036899968979], [-112.08442100018955, 33.48037100021985], [-112.08529300022575, 33.48038500018287], [-112.08613900032265, 33.48039300005366], [-112.08643399987544, 33.480396000098665], [-112.08699200009228, 33.48040700001312], [-112.08922300023637, 33.48045199992101], [-112.08924499997767, 33.48045199992101], [-112.09137800021247, 33.480482999860534], [-112.09194499975182, 33.480490000207936], [-112.0929220002683, 33.48050299988821], [-112.09356400015072, 33.48049699980545], [-112.09374200042595, 33.48049900033257], [-112.09513099977278, 33.48050499966591], [-112.09575400028693, 33.48051699982984], [-112.09669099972214, 33.48052799972894], [-112.0978430001408, 33.48055000027215], [-112.09850599993962, 33.48056199968058], [-112.09996899980459, 33.480613999845275], [-112.09995700010903, 33.47952899999744], [-112.09995799993393, 33.478523999765564], [-112.09995600028411, 33.47692300005755], [-112.09995600028411, 33.47646399978584], [-112.09996899980459, 33.47553700029987]]]}, "properties": {"geoid": "04013111900", "name": "1119", "value": 5.002735414326911, "coverage": 1.000000000000267, "n_tiles": 299, "vmin": 4.8194, "vmax": 5.4836, "metric": "recovery_gap_hours", "ok": true, "relief_hours": 0.997, "no_relief": false, "window_hours": 6.0, "population": 2522.0, "over_65": 502.0, "svi": 0.0647, "pct_over_65": 19.9, "pct_poverty": 10.7, "pct_mobile_homes": 0.0, "pct_no_vehicle": 2.7, "quadrant": "low_priority"}}, {"type": "Feature", "geometry": {"type": "Polygon", "coordinates": [[[-112.09963900009171, 33.574873999813526], [-112.09963900009171, 33.57353500024723], [-112.0996380002668, 33.57253800022483], [-112.0996380002668, 33.57222300031493], [-112.09963700044187, 33.57169500028304], [-112.09963700044187, 33.57162300030068], [-112.09963700044187, 33.57154799963141], [-112.09963700044187, 33.57153400019788], [-112.09961999982512, 33.56984500023091], [-112.09961300015243, 33.569123000264895], [-112.09961599962716, 33.567608999856375], [-112.09800200014946, 33.56760099981538], [-112.09714799965663, 33.56759699979459], [-112.09692500007387, 33.56759599978932], [-112.09613500005342, 33.5675919997683], [-112.09535400025386, 33.56758799974713], [-112.0945690002563, 33.56758399972573], [-112.09363399957262, 33.56757899969868], [-112.09197999991193, 33.56757099965491], [-112.09123799957207, 33.56757099965491], [-112.09076999976692, 33.56757099965491], [-112.08953600023081, 33.56757099965491], [-112.08912199995402, 33.56757099965491], [-112.08745599969946, 33.567565000370074], [-112.08692599997005, 33.56756400036445], [-112.08523600032433, 33.56756300035886], [-112.08486999972811, 33.56756200035321], [-112.08440899959568, 33.567560000341935], [-112.08416400027161, 33.567560000341935], [-112.08386200014782, 33.567558000330614], [-112.08252099958325, 33.567554000307865], [-112.08251899993344, 33.56824000000908], [-112.08251899993344, 33.56825599997201], [-112.08251899993344, 33.56831999979394], [-112.08251800010852, 33.56838700030526], [-112.0825159995604, 33.56894100009402], [-112.08251399991055, 33.56961100029369], [-112.08251300008565, 33.56985400004309], [-112.08250999971261, 33.57124700008236], [-112.08253499982698, 33.572768999877354], [-112.08252200030647, 33.57284400023424], [-112.08249800001704, 33.572909000341184], [-112.08248700014639, 33.572927000074266], [-112.082530999629, 33.57300100035128], [-112.08256800033725, 33.57304100029257], [-112.08259299955327, 33.573061999823935], [-112.08263500028438, 33.57308000027359], [-112.08271099955407, 33.57309500014647], [-112.08471099971946, 33.57309300026336], [-112.08472300031336, 33.57494199964928], [-112.08578500032033, 33.57494199964928], [-112.08689099980992, 33.57494199964928], [-112.0877829999376, 33.57493700004843], [-112.08906400022771, 33.57492899993796], [-112.08998800014243, 33.574929999858284], [-112.0912259998765, 33.57490399968162], [-112.09338800042363, 33.57489399972676], [-112.09554800042261, 33.5748960003166], [-112.09703999970158, 33.574887000281585], [-112.09792199978352, 33.57487800024562], [-112.09963900009171, 33.574873999813526]]]}, "properties": {"geoid": "04013104501", "name": "1045.01", "value": 3.676716849005449, "coverage": 1.0000000000009925, "n_tiles": 149, "vmin": 2.9521, "vmax": 4.2364, "metric": "recovery_gap_hours", "ok": true, "relief_hours": 2.323, "no_relief": false, "window_hours": 6.0, "population": 4070.0, "over_65": 310.0, "svi": 0.9885, "pct_over_65": 7.6, "pct_poverty": 49.2, "pct_mobile_homes": 9.0, "pct_no_vehicle": 16.3, "quadrant": "over_targeted"}}, {"type": "Feature", "geometry": {"type": "Polygon", "coordinates": [[[-112.08243500026785, 33.537367999839226], [-112.08243699991766, 33.53692399973463], [-112.08243500026785, 33.53642499969477], [-112.08243199989481, 33.53552500022275], [-112.0824329997197, 33.534729000109685], [-112.08243400044294, 33.5342720000884], [-112.0824329997197, 33.533850000282825], [-112.0824329997197, 33.53341600034634], [-112.08241699982618, 33.531107000010785], [-112.08241900037432, 33.530298999655855], [-112.08242100002415, 33.52954899964617], [-112.0824179996511, 33.52879300013976], [-112.08241400035145, 33.52753399997303], [-112.08241600000127, 33.52573099978822], [-112.08241199980331, 33.523853999826635], [-112.08023199971285, 33.52382599972745], [-112.0780759999118, 33.52381999965157], [-112.07802700040634, 33.52381999965157], [-112.07592099993572, 33.52380599997206], [-112.07369900001247, 33.523796999855925], [-112.07139099987548, 33.52378099989687], [-112.06982599990324, 33.52377000025089], [-112.06929199997586, 33.52376700021104], [-112.06857800012341, 33.52376199989477], [-112.0677389996992, 33.523758000090844], [-112.06673600014176, 33.52375200001025], [-112.06498899969633, 33.523739000083744], [-112.06499999956698, 33.52738000025221], [-112.06501200016088, 33.52830099982268], [-112.06501600035881, 33.52916400018956], [-112.06501899983357, 33.530005999921165], [-112.06502300003153, 33.53097699973306], [-112.06502700022948, 33.53201300005495], [-112.06502999970422, 33.53286200035378], [-112.06503200025236, 33.53335200012308], [-112.06503399990218, 33.53366100013141], [-112.06503700027524, 33.5345470001023], [-112.06503800010013, 33.53465499998831], [-112.06504200029809, 33.53578099963838], [-112.06505499981859, 33.53689000020603], [-112.06505499981859, 33.537359999992404], [-112.06505499981859, 33.538272000221326], [-112.06665400012598, 33.53829100003019], [-112.0671479998704, 33.538289000089925], [-112.0677460002702, 33.53828599980503], [-112.06789299968499, 33.53828799974537], [-112.06886699982843, 33.538298999790854], [-112.0692950003489, 33.538302999670876], [-112.06989200002548, 33.53830999983488], [-112.07093599959082, 33.538302999670876], [-112.07198799955206, 33.53830799989506], [-112.07300699990134, 33.53831100017914], [-112.07375099989099, 33.5383139997144], [-112.0750530000975, 33.53832299981704], [-112.07561700016208, 33.538328000040075], [-112.07619499957211, 33.53832600010066], [-112.07762800019817, 33.53832299981704], [-112.07814899970676, 33.5383240001612], [-112.07917499972874, 33.538328000040075], [-112.08070700008899, 33.53832999997943], [-112.0808469998311, 33.53833100032351], [-112.08174399998164, 33.53834499989767], [-112.0824329997197, 33.53835500034082], [-112.08243500026785, 33.537367999839226]]]}, "properties": {"geoid": "04013106600", "name": "1066", "value": 4.6543388462704725, "coverage": 1.0000000000006852, "n_tiles": 297, "vmin": 2.7525, "vmax": 5.346, "metric": "recovery_gap_hours", "ok": true, "relief_hours": 1.346, "no_relief": false, "window_hours": 6.0, "population": 3649.0, "over_65": 1065.0, "svi": 0.5035, "pct_over_65": 29.2, "pct_poverty": 12.9, "pct_mobile_homes": 0.4, "pct_no_vehicle": 7.4, "quadrant": "low_priority"}}, {"type": "Feature", "geometry": {"type": "Polygon", "coordinates": [[[-112.01290500022165, 33.45856800035409], [-112.01290799969638, 33.45843199967392], [-112.01290400039674, 33.45764900027657], [-112.0129029996735, 33.45753199995751], [-112.01290100002367, 33.45674700035061], [-112.01290100002367, 33.455830000055755], [-112.01290100002367, 33.4552909996365], [-112.01290100002367, 33.455196000117766], [-112.01290100002367, 33.454927999944], [-112.01289799965063, 33.451310000100385], [-112.01279200024372, 33.451310000100385], [-112.01269000013649, 33.45131400025361], [-112.01171500016814, 33.451306999798014], [-112.01108499998128, 33.45130400024501], [-112.01022200016592, 33.451300000091386], [-112.00845800000208, 33.45129299963465], [-112.00629399980511, 33.451285000075664], [-112.00536200039281, 33.451285000075664], [-112.0041239997604, 33.451286999778056], [-112.00357200028968, 33.451279000218506], [-112.00210500022673, 33.45127599991506], [-111.99971300042417, 33.451273000360985], [-111.99577199964456, 33.45126800035449], [-111.9955130000768, 33.45126500005061], [-111.99544799977947, 33.45126500005061], [-111.99539099987808, 33.45126199974669], [-111.99531300006028, 33.451259000192124], [-111.99530999968721, 33.45128400022442], [-111.99533999982444, 33.451300000091386], [-111.99538800040332, 33.451332999667095], [-111.99545199997743, 33.45137699983147], [-111.99562100003182, 33.45147799963025], [-111.9963430002802, 33.451923000251796], [-111.99641500025024, 33.451959999713885], [-111.99671999984875, 33.45214999974159], [-111.99679000016893, 33.45218799969719], [-111.9970269999954, 33.452336999835744], [-111.99706200015551, 33.45235599977469], [-111.99712900010266, 33.4523990003311], [-111.99720100007269, 33.45243600033962], [-111.99747499970906, 33.45260099967902], [-111.99754099983132, 33.45264400011395], [-111.99771200043384, 33.45274800018879], [-111.99778400040385, 33.45278599988235], [-111.997815000366, 33.452809999640785], [-111.99793599984153, 33.4528780002943], [-111.99821000037622, 33.45304300029176], [-111.99827700032337, 33.453085999757995], [-111.9983009997145, 33.45309999963192], [-111.99855099995975, 33.45325199993772], [-111.99862299992978, 33.453290000159924], [-111.99900000039663, 33.45351799964444], [-111.99920299988793, 33.45364800009466], [-111.99951599988236, 33.45385699978151], [-111.99963499970805, 33.453936999711246], [-111.99970400020334, 33.45397799984334], [-111.99978299984605, 33.45403100004026], [-112.0007019997379, 33.45464399969492], [-112.0008060003933, 33.45470600003979], [-112.00099499964085, 33.454838999638774], [-112.0012649999776, 33.45503200027756], [-112.00207199971646, 33.4556469999526], [-112.00350799981726, 33.45674000033359], [-112.0036440002597, 33.45684300020566], [-112.00407000023206, 33.45714700016955], [-112.00448799980848, 33.45745600021653], [-112.00556900008203, 33.458229999669626], [-112.00606399965137, 33.458570999655834], [-112.00613200032173, 33.45861799994432], [-112.0064119998059, 33.4588150002227], [-112.00657699966236, 33.45893600011091], [-112.00670700025701, 33.4590319997906], [-112.00686600026566, 33.45915200036488], [-112.00698300044152, 33.45916800027905], [-112.00727899981922, 33.459215000243965], [-112.00819299968819, 33.45938300019717], [-112.00839899955251, 33.45942600026668], [-112.00860600014008, 33.45946799980861], [-112.00869800020159, 33.459488000189964], [-112.00952400020701, 33.459688000002956], [-112.01005700030947, 33.45983900024931], [-112.01285199961988, 33.460648000177066], [-112.01285400016802, 33.46020600010898], [-112.01287000006153, 33.4594709998286], [-112.01287099988645, 33.45939399978124], [-112.01289699982573, 33.458761000187145], [-112.01290500022165, 33.45856800035409]]]}, "properties": {"geoid": "04013113602", "name": "1136.02", "value": 5.999952768069628, "coverage": 1.0000000000004463, "n_tiles": 127, "vmin": 5.9999, "vmax": 6.0002, "metric": "recovery_gap_hours", "ok": true, "relief_hours": 0.0, "no_relief": false, "window_hours": 6.0, "population": 4292.0, "over_65": 307.0, "svi": 0.9584, "pct_over_65": 7.2, "pct_poverty": 35.7, "pct_mobile_homes": 12.3, "pct_no_vehicle": 9.5, "quadrant": "confirmed"}}, {"type": "Feature", "geometry": {"type": "Polygon", "coordinates": [[[-112.04778999989534, 33.444144000210294], [-112.04779099972025, 33.44406600011102], [-112.0477809996745, 33.442277999940025], [-112.04777400000182, 33.44136400021835], [-112.04776700032912, 33.44030300024846], [-112.04775700028338, 33.43910999976009], [-112.04775300008541, 33.43879900032345], [-112.04774100038986, 33.437761999895216], [-112.04773999966662, 33.43764899976763], [-112.0477439998646, 33.43679799967881], [-112.04738099964142, 33.43680799986044], [-112.04641700044205, 33.436804999806064], [-112.04519100040353, 33.436801999751566], [-112.04501499977813, 33.436800999733435], [-112.0433589995693, 33.436804999806064], [-112.04284999975627, 33.436804999806064], [-112.04190199955211, 33.4367850001906], [-112.0408529999639, 33.436761999765025], [-112.04078799966658, 33.43675999972771], [-112.04050900000732, 33.43675400036518], [-112.03967899980391, 33.43675400036518], [-112.03853999980404, 33.436755999652966], [-112.03835099965816, 33.436755999652966], [-112.03785100006598, 33.43675999972771], [-112.0374369997892, 33.43676699985802], [-112.03694399986968, 33.436772999969314], [-112.03613399975778, 33.43678400017222], [-112.03540800020978, 33.4367850001906], [-112.03464499995354, 33.43678800024562], [-112.0343889998605, 33.43678800024562], [-112.0331000000728, 33.43677099993226], [-112.03244399994666, 33.43677099993226], [-112.03021899965037, 33.43676599983943], [-112.03018500021349, 33.4368160000049], [-112.03017299961961, 33.43685599996661], [-112.03018799968821, 33.43711499962851], [-112.03017000014488, 33.4372239996487], [-112.03009499980179, 33.43731200002591], [-112.02991700042489, 33.43736699993518], [-112.02991300022691, 33.43759600005512], [-112.02990300018118, 33.437682000039004], [-112.02989899998322, 33.43785399975105], [-112.02989599961018, 33.43790300003374], [-112.02983200003607, 33.43991499973882], [-112.02980299972374, 33.44054199986689], [-112.02981500031763, 33.44085899963101], [-112.0298260001883, 33.44114400001211], [-112.02989899998322, 33.441390000069596], [-112.030129000137, 33.44224999969461], [-112.03032599978047, 33.443227000077066], [-112.03043100026076, 33.44389399997104], [-112.03038600005493, 33.44399800004414], [-112.03029999984122, 33.444232000314976], [-112.03027700027499, 33.444314999923], [-112.03023899974184, 33.44444899964642], [-112.03019299971109, 33.444674000103696], [-112.03016299957386, 33.44490500027582], [-112.03015199970322, 33.44511000035471], [-112.03015199970322, 33.445410999716934], [-112.03015300042644, 33.44631999998262], [-112.03015599990115, 33.44709399989135], [-112.03015599990115, 33.447155999637566], [-112.03015900027422, 33.44718600034515], [-112.03016199974894, 33.447226000023136], [-112.03016400029708, 33.447275000259395], [-112.03017299961961, 33.4474510000232], [-112.03017599999265, 33.448202999828986], [-112.03018500021349, 33.4482790001842], [-112.0301860000384, 33.44904599996262], [-112.03017199979469, 33.44930599983452], [-112.03016000009913, 33.450322000081904], [-112.03015699972607, 33.451351999825995], [-112.03260299995532, 33.451374000280886], [-112.03457600035655, 33.45139199983127], [-112.03598200032013, 33.45140299967955], [-112.03634499964498, 33.45140699982849], [-112.03640499991943, 33.45140699982849], [-112.03672200011184, 33.4514100001274], [-112.03695800011337, 33.451412999676734], [-112.03708899963463, 33.45141400027601], [-112.0372760001307, 33.45141500012576], [-112.03739300030657, 33.45141500012576], [-112.03753300004867, 33.45141699982522], [-112.03898500004297, 33.45143099996856], [-112.04119199989763, 33.45143099996856], [-112.04337199998811, 33.45142799967032], [-112.04445499991147, 33.45142799967032], [-112.04554600023079, 33.45142799967032], [-112.04670100012417, 33.45142699982073], [-112.04770500040485, 33.4514250001215], [-112.04772499959802, 33.45044299982948], [-112.0477449996895, 33.44945499967791], [-112.04774899988745, 33.44924300025136], [-112.04774700023764, 33.448324000284245], [-112.04775499973526, 33.44733599997947], [-112.04774300003967, 33.44721800008901], [-112.04773499964375, 33.447152999941046], [-112.04772499959802, 33.44699200033338], [-112.04776700032912, 33.44617399973111], [-112.04778400004754, 33.44517800029949], [-112.04778800024552, 33.444525000292586], [-112.04778900007042, 33.44434899983889], [-112.04778999989534, 33.444144000210294]]]}, "properties": {"geoid": "04013113900", "name": "1139", "value": 6.0, "coverage": 1.0000000000008304, "n_tiles": 302, "vmin": 5.9797, "vmax": 6.0077, "metric": "recovery_gap_hours", "ok": true, "relief_hours": 0.0, "no_relief": true, "window_hours": 6.0, "population": 1532.0, "over_65": 59.0, "svi": 0.9659, "pct_over_65": 3.9, "pct_poverty": 73.4, "pct_mobile_homes": 4.4, "pct_no_vehicle": 49.2, "quadrant": "confirmed"}}, {"type": "Feature", "geometry": {"type": "Polygon", "coordinates": [[[-112.06539799995024, 33.44319600030453], [-112.06540200014821, 33.44290400028347], [-112.06536199996522, 33.44217200014115], [-112.06525800020816, 33.440923999997615], [-112.06524099959141, 33.44077199982526], [-112.06516899962139, 33.43992600029301], [-112.06515699992583, 33.43975400019064], [-112.0651340003596, 33.439234000126106], [-112.06513099998655, 33.43787699988717], [-112.06512900033674, 33.436818000040915], [-112.06304499960743, 33.4368160000049], [-112.0615850001155, 33.43681399996885], [-112.06104500034033, 33.436812999950845], [-112.06029999962743, 33.43681199993279], [-112.05868100012684, 33.43680799986044], [-112.05649400036368, 33.436804999806064], [-112.0543059998773, 33.436801999751566], [-112.05320700006038, 33.436801999751566], [-112.05207800010625, 33.436800999733435], [-112.05084600021995, 33.436804999806064], [-112.05007299991796, 33.436801999751566], [-112.04889499956003, 33.43678300015383], [-112.04840400018867, 33.436779000080136], [-112.0477439998646, 33.43679799967881], [-112.04773999966662, 33.43764899976763], [-112.04774100038986, 33.437761999895216], [-112.04775300008541, 33.43879900032345], [-112.04775700028338, 33.43910999976009], [-112.04776700032912, 33.44030300024846], [-112.04777400000182, 33.44136400021835], [-112.0477809996745, 33.442277999940025], [-112.04779099972025, 33.44406600011102], [-112.04778999989534, 33.444144000210294], [-112.04778900007042, 33.44434899983889], [-112.04778800024552, 33.444525000292586], [-112.04778400004754, 33.44517800029949], [-112.04776700032912, 33.44617399973111], [-112.04772499959802, 33.44699200033338], [-112.04773499964375, 33.447152999941046], [-112.04774300003967, 33.44721800008901], [-112.04775499973526, 33.44733599997947], [-112.04774700023764, 33.448324000284245], [-112.04774899988745, 33.44924300025136], [-112.0477449996895, 33.44945499967791], [-112.04772499959802, 33.45044299982948], [-112.04770500040485, 33.4514250001215], [-112.04892999972014, 33.451420000123775], [-112.04986899970348, 33.451412999676734], [-112.05203600027346, 33.45139599998067], [-112.05222399969614, 33.45139400028073], [-112.05369599978191, 33.45138500013151], [-112.05420299994513, 33.45138000013141], [-112.05471900032917, 33.45137699983147], [-112.05591500023046, 33.451365999979835], [-112.05640599960182, 33.451365999979835], [-112.05703999998663, 33.45136500012952], [-112.05778300015139, 33.451362999679404], [-112.05810299981852, 33.45136199982906], [-112.05895599958812, 33.45136199982906], [-112.06005299975523, 33.45136000012834], [-112.06041699980328, 33.45136000012834], [-112.06080799961555, 33.45135900027796], [-112.06207399983703, 33.45135699982764], [-112.06423499966091, 33.451354000276424], [-112.06498700004651, 33.451351999825995], [-112.06514299968212, 33.451357999678045], [-112.06512799961351, 33.45040300013603], [-112.06512199976574, 33.45001399996273], [-112.06511699974286, 33.44966799995519], [-112.0651130004432, 33.449385000341735], [-112.06512299959063, 33.44922299975541], [-112.06513099998655, 33.449021000034755], [-112.06512400031386, 33.44844499982109], [-112.0651130004432, 33.44828299972767], [-112.06509300035172, 33.44794400028808], [-112.06506999988717, 33.44717200026605], [-112.06506900006228, 33.44706599970134], [-112.06507300026023, 33.446339999648835], [-112.06507499991005, 33.44580800036148], [-112.06507599973497, 33.44567000007535], [-112.06509199962849, 33.44534299995487], [-112.06512500013878, 33.44501999979472], [-112.06513500018453, 33.444944000331816], [-112.06525800020816, 33.444221000306754], [-112.06526400005593, 33.44418099999258], [-112.06528999999522, 33.44402900027968], [-112.06534400042189, 33.443713999982336], [-112.06537700003386, 33.44347200028342], [-112.06539799995024, 33.44319600030453]]]}, "properties": {"geoid": "04013114000", "name": "1140", "value": 6.0, "coverage": 1.0000000000007419, "n_tiles": 289, "vmin": 5.9711, "vmax": 6.1079, "metric": "recovery_gap_hours", "ok": true, "relief_hours": 0.0, "no_relief": true, "window_hours": 6.0, "population": 1865.0, "over_65": 190.0, "svi": 0.713, "pct_over_65": 10.2, "pct_poverty": 39.5, "pct_mobile_homes": 1.7, "pct_no_vehicle": 24.2, "quadrant": "blind_spot"}}, {"type": "Feature", "geometry": {"type": "Polygon", "coordinates": [[[-112.08255699956827, 33.45142799967032], [-112.08255400009354, 33.45111300000966], [-112.0825520004437, 33.45035300030587], [-112.08254499987268, 33.449286000102646], [-112.08253800020002, 33.44823400006085], [-112.08252700032935, 33.447110999681094], [-112.08249800001704, 33.44603199963065], [-112.08248700014639, 33.44511599988898], [-112.08248299994843, 33.44474300031691], [-112.0824810002986, 33.4445319997964], [-112.08247799992554, 33.44392199968585], [-112.08213499979388, 33.44386299968732], [-112.08175400002736, 33.44382399989492], [-112.08016399994078, 33.44383000026773], [-112.0790669997737, 33.443815999646986], [-112.07806900023914, 33.44383699982763], [-112.0776449999166, 33.44391400019661], [-112.07746099979359, 33.443949000205414], [-112.07669300041279, 33.444146000077374], [-112.0765450002748, 33.44418399979194], [-112.07637399967224, 33.44419499980483], [-112.07547700042001, 33.44427099992395], [-112.07544499973464, 33.44425199971302], [-112.07543100038927, 33.44425299964532], [-112.07512800044057, 33.44424999984836], [-112.07490900015745, 33.44424899991602], [-112.07417799968825, 33.44424500018654], [-112.07378900042414, 33.444239999774894], [-112.072504999761, 33.444227999835114], [-112.07119300040708, 33.444221000306754], [-112.06992700018559, 33.44421499996099], [-112.06867699985763, 33.44420799968195], [-112.06798200027174, 33.444210000297154], [-112.06748099995633, 33.44421200016273], [-112.06661499976794, 33.44421499996099], [-112.06621899993281, 33.4442169998264], [-112.06573600005905, 33.444217999759104], [-112.06525800020816, 33.444221000306754], [-112.06513500018453, 33.444944000331816], [-112.06512500013878, 33.44501999979472], [-112.06509199962849, 33.44534299995487], [-112.06507599973497, 33.44567000007535], [-112.06507499991005, 33.44580800036148], [-112.06507300026023, 33.446339999648835], [-112.06506900006228, 33.44706599970134], [-112.06506999988717, 33.44717200026605], [-112.06509300035172, 33.44794400028808], [-112.0651130004432, 33.44828299972767], [-112.06512400031386, 33.44844499982109], [-112.06513099998655, 33.449021000034755], [-112.06512299959063, 33.44922299975541], [-112.0651130004432, 33.449385000341735], [-112.06511699974286, 33.44966799995519], [-112.06512199976574, 33.45001399996273], [-112.06512799961351, 33.45040300013603], [-112.06514299968212, 33.451357999678045], [-112.06535899959219, 33.45137599998128], [-112.06620700023724, 33.45137500013109], [-112.0674719997355, 33.451374000280886], [-112.06753600020792, 33.451381999831675], [-112.06869899959892, 33.451385999981575], [-112.06996200034568, 33.45139299968127], [-112.07002300044505, 33.45139599998067], [-112.07120400027772, 33.45138299968178], [-112.07127799989757, 33.45139400028073], [-112.07239799963087, 33.45140599997866], [-112.07254300029415, 33.4514100001274], [-112.07381299981526, 33.45140000012993], [-112.07510900017398, 33.45140599997866], [-112.07641600040336, 33.45141099997719], [-112.07771799971154, 33.45141099997719], [-112.07895899981868, 33.45141400027601], [-112.08017099961347, 33.4514159999755], [-112.08136099966698, 33.45141099997719], [-112.08163199982863, 33.45141099997719], [-112.08255699956827, 33.45142799967032]]]}, "properties": {"geoid": "04013114100", "name": "1141", "value": 5.336411375253926, "coverage": 1.0000000000000673, "n_tiles": 153, "vmin": 4.8655, "vmax": 6.0484, "metric": "recovery_gap_hours", "ok": true, "relief_hours": 0.664, "no_relief": false, "window_hours": 6.0, "population": 2061.0, "over_65": 78.0, "svi": 0.4885, "pct_over_65": 3.8, "pct_poverty": 27.5, "pct_mobile_homes": 0.0, "pct_no_vehicle": 32.8, "quadrant": "low_priority"}}, {"type": "Feature", "geometry": {"type": "Polygon", "coordinates": [[[-112.08254200039796, 33.43956499998136], [-112.08254099967475, 33.439092999901675], [-112.08253800020002, 33.438101000144506], [-112.08253599965187, 33.43796700036129], [-112.08252300013139, 33.43682900023812], [-112.08226000036565, 33.43683500034512], [-112.08206899967162, 33.43685800000171], [-112.08188799992168, 33.436891999841414], [-112.08170399979865, 33.43694199993427], [-112.08151399982786, 33.43700700023684], [-112.08138699960625, 33.43704200003358], [-112.08125199988704, 33.43706599965043], [-112.0811289998634, 33.437074999786205], [-112.08046299969153, 33.43708099987614], [-112.0794109997303, 33.437082999906046], [-112.07832899963181, 33.437077999831196], [-112.07724599970844, 33.437074999786205], [-112.07619700012025, 33.43707399977116], [-112.07514199978596, 33.43707399977116], [-112.0750820004098, 33.437069999710886], [-112.07492599987589, 33.43705000015651], [-112.07477100006518, 33.43701599962901], [-112.07460000036095, 33.436960000230556], [-112.0744699997663, 33.436909000131116], [-112.07435199976554, 33.43687400028073], [-112.07421100019855, 33.43684499977283], [-112.0740680000834, 33.43682900023812], [-112.07376400030978, 33.43682200011281], [-112.0733369996142, 33.43681399996885], [-112.07245999955515, 33.43680799986044], [-112.07120099990466, 33.43680999989664], [-112.06990500044427, 33.43681399996885], [-112.06869399957607, 33.436818000040915], [-112.06794299991368, 33.436819000058904], [-112.06792600019526, 33.436819000058904], [-112.0673529999098, 33.436819000058904], [-112.0663520000022, 33.436818000040915], [-112.06512900033674, 33.436818000040915], [-112.06513099998655, 33.43787699988717], [-112.0651340003596, 33.439234000126106], [-112.06515699992583, 33.43975400019064], [-112.06516899962139, 33.43992600029301], [-112.06524099959141, 33.44077199982526], [-112.06525800020816, 33.440923999997615], [-112.06536199996522, 33.44217200014115], [-112.06540200014821, 33.44290400028347], [-112.06539799995024, 33.44319600030453], [-112.06537700003386, 33.44347200028342], [-112.06534400042189, 33.443713999982336], [-112.06528999999522, 33.44402900027968], [-112.06526400005593, 33.44418099999258], [-112.06525800020816, 33.444221000306754], [-112.06573600005905, 33.444217999759104], [-112.06621899993281, 33.4442169998264], [-112.06661499976794, 33.44421499996099], [-112.06748099995633, 33.44421200016273], [-112.06798200027174, 33.444210000297154], [-112.06867699985763, 33.44420799968195], [-112.06992700018559, 33.44421499996099], [-112.07119300040708, 33.444221000306754], [-112.072504999761, 33.444227999835114], [-112.07378900042414, 33.444239999774894], [-112.07417799968825, 33.44424500018654], [-112.07490900015745, 33.44424899991602], [-112.07512800044057, 33.44424999984836], [-112.07543100038927, 33.44425299964532], [-112.07544499973464, 33.44425199971302], [-112.07547700042001, 33.44427099992395], [-112.07637399967224, 33.44419499980483], [-112.0765450002748, 33.44418399979194], [-112.07669300041279, 33.444146000077374], [-112.07746099979359, 33.443949000205414], [-112.0776449999166, 33.44391400019661], [-112.07806900023914, 33.44383699982763], [-112.0790669997737, 33.443815999646986], [-112.08016399994078, 33.44383000026773], [-112.08175400002736, 33.44382399989492], [-112.08213499979388, 33.44386299968732], [-112.08247799992554, 33.44392199968585], [-112.08247799992554, 33.4438489998215], [-112.08247499955252, 33.442958999646365], [-112.08247700010064, 33.442807000041036], [-112.08248600032147, 33.441934999683866], [-112.08251999975835, 33.44092200005625], [-112.08252499978121, 33.440761000127935], [-112.0825299998041, 33.440111999775866], [-112.082530999629, 33.439884000282014], [-112.08254200039796, 33.43956499998136]]]}, "properties": {"geoid": "04013114200", "name": "1142", "value": 5.351854236556039, "coverage": 1.0000000000017633, "n_tiles": 153, "vmin": 4.8607, "vmax": 6.0506, "metric": "recovery_gap_hours", "ok": true, "relief_hours": 0.648, "no_relief": false, "window_hours": 6.0, "population": 933.0, "over_65": 135.0, "svi": 0.9088, "pct_over_65": 14.5, "pct_poverty": 45.4, "pct_mobile_homes": 1.2, "pct_no_vehicle": 12.0, "quadrant": "over_targeted"}}, {"type": "Feature", "geometry": {"type": "Polygon", "coordinates": [[[-112.1000609998661, 33.44391300026039], [-112.10006300041424, 33.44379500021085], [-112.10005800039136, 33.44330899995394], [-112.10004699962239, 33.44232899988197], [-112.10004499997257, 33.44216199982813], [-112.10003499992685, 33.441342000222825], [-112.10002900007906, 33.44069900030867], [-112.10002099968312, 33.44051399981079], [-112.10002800025414, 33.4403710002132], [-112.10002700042922, 33.44024000012335], [-112.1000190000333, 33.4394589998662], [-112.10000599961451, 33.43855399966407], [-112.10000300013976, 33.43764299971697], [-112.10000200031487, 33.437053000202376], [-112.09999599956878, 33.43673099993138], [-112.09957700016743, 33.436728999893354], [-112.09797899968491, 33.43673800006402], [-112.09714600000679, 33.43673900008294], [-112.09688200041616, 33.43674000010183], [-112.09612400018277, 33.43674300015846], [-112.09564600033191, 33.43674000010183], [-112.09487700022787, 33.43673700004515], [-112.09347000043938, 33.43673900008294], [-112.09265000028175, 33.43674000010183], [-112.09142500006814, 33.4367420001396], [-112.09125299964069, 33.43674500019616], [-112.09075600042154, 33.43675100030892], [-112.0901689998924, 33.43675400036518], [-112.08920099959674, 33.43675000029014], [-112.08909500018984, 33.43674500019616], [-112.08854700001875, 33.436746000214995], [-112.0879300002507, 33.436753000346435], [-112.08688499996215, 33.43676599983943], [-112.08682999971056, 33.43676699985802], [-112.08584600041969, 33.43678700022733], [-112.0847619997731, 33.43681199993279], [-112.08466600041191, 33.43681099991472], [-112.08412599973846, 33.43680999989664], [-112.08360699987969, 33.43679400035546], [-112.08309700024175, 33.43682200011281], [-112.08252300013139, 33.43682900023812], [-112.08253599965187, 33.43796700036129], [-112.08253800020002, 33.438101000144506], [-112.08254099967475, 33.439092999901675], [-112.08254200039796, 33.43956499998136], [-112.082530999629, 33.439884000282014], [-112.0825299998041, 33.440111999775866], [-112.08252499978121, 33.440761000127935], [-112.08251999975835, 33.44092200005625], [-112.08248600032147, 33.441934999683866], [-112.08247700010064, 33.442807000041036], [-112.08247499955252, 33.442958999646365], [-112.08247799992554, 33.4438489998215], [-112.08247799992554, 33.44392199968585], [-112.08316199964077, 33.44395200001278], [-112.08411499986781, 33.443987999941626], [-112.08473800038195, 33.444059999754536], [-112.08513000001912, 33.444057999885466], [-112.08993600026389, 33.44403100014942], [-112.09137800021247, 33.44406600011102], [-112.0914009997787, 33.44406600011102], [-112.0935909999149, 33.444021999985665], [-112.09556099994309, 33.44400399965537], [-112.09576000013472, 33.44401000001574], [-112.09759299989555, 33.443995000238424], [-112.09812199980006, 33.444024999790514], [-112.1000609998661, 33.44391300026039]]]}, "properties": {"geoid": "04013114302", "name": "1143.02", "value": 5.032453243060454, "coverage": 1.0000000000010456, "n_tiles": 162, "vmin": 4.8607, "vmax": 5.1672, "metric": "recovery_gap_hours", "ok": true, "relief_hours": 0.968, "no_relief": false, "window_hours": 6.0, "population": 2711.0, "over_65": 210.0, "svi": 0.899, "pct_over_65": 7.7, "pct_poverty": 59.1, "pct_mobile_homes": 0.9, "pct_no_vehicle": 28.2, "quadrant": "over_targeted"}}, {"type": "Feature", "geometry": {"type": "Polygon", "coordinates": [[[-112.0835220003892, 33.49731400036712], [-112.08353200043493, 33.49707199972551], [-112.08351999984104, 33.496708999742026], [-112.08345500044204, 33.4948979998577], [-112.0827270003459, 33.494890999925715], [-112.0825459996976, 33.49488899973102], [-112.08144100003292, 33.494870000126355], [-112.08109299987838, 33.49486099999671], [-112.08039900011744, 33.49485199986619], [-112.08011999955986, 33.49485199986619], [-112.07914700013964, 33.494852999963996], [-112.07853799986918, 33.49484600002837], [-112.07817100034639, 33.494847000126185], [-112.07623300010525, 33.49483300025341], [-112.07598500040814, 33.49482799976322], [-112.07487999984512, 33.49483599979824], [-112.07378400040126, 33.49482899986125], [-112.07160699978553, 33.4948129997891], [-112.0704910002502, 33.49480699994859], [-112.06943099989303, 33.49479899991082], [-112.06836300003826, 33.49479199997083], [-112.0679630000052, 33.4947899997738], [-112.06674199998955, 33.49478199973452], [-112.06650500016308, 33.4947800002864], [-112.06573600005905, 33.494773999694445], [-112.06550599990528, 33.49476400020521], [-112.065339000399, 33.49475700026239], [-112.06503899992504, 33.49474200027597], [-112.065035999552, 33.497258000210685], [-112.06503499972709, 33.498054999895594], [-112.06503399990218, 33.49910200028453], [-112.06503300007726, 33.49985399993132], [-112.06503200025236, 33.50048400037407], [-112.06503100042747, 33.50126599996771], [-112.06502999970422, 33.50230699965306], [-112.06502999970422, 33.50241400008695], [-112.06502999970422, 33.50246799988464], [-112.06515199990295, 33.50250800026797], [-112.0661000001071, 33.50284699977798], [-112.06628500005505, 33.50291000009744], [-112.06629900029876, 33.5029150001208], [-112.06715100024346, 33.50316100016591], [-112.0672740002671, 33.50319200021635], [-112.06734600023714, 33.50320000022761], [-112.06735799993268, 33.50320000022761], [-112.06748199978125, 33.503222000254645], [-112.06752299978912, 33.5032310002641], [-112.0676059996298, 33.5032420002744], [-112.0679789998987, 33.50330400030618], [-112.06806299956429, 33.503313000307095], [-112.06831100015972, 33.50335500029905], [-112.0683520001676, 33.50336500029414], [-112.06837599955874, 33.50336900029185], [-112.06872600026142, 33.50342200024402], [-112.06880800027719, 33.503439000221825], [-112.06889199994278, 33.503445000213176], [-112.06922300037888, 33.50350000011465], [-112.06930500039464, 33.503517000077125], [-112.06942800041831, 33.50353700002872], [-112.06951200008389, 33.50355099999204], [-112.06955399991669, 33.50355499998115], [-112.06963599993244, 33.50357199993284], [-112.06971899977312, 33.50357999990891], [-112.06984299962167, 33.50360099984269], [-112.06988399962957, 33.50361099980935], [-112.06996700036855, 33.503621999771305], [-112.07021400024077, 33.50366400036239], [-112.07029799990634, 33.503672000329956], [-112.07033800008932, 33.50368400028], [-112.07051399981641, 33.50370900017051], [-112.07059599983218, 33.50372600009189], [-112.07068000039608, 33.5037320000634], [-112.0708440004276, 33.50376299990934], [-112.07096999992599, 33.50377699983615], [-112.07122099999616, 33.503790999760646], [-112.07126299982896, 33.5037899997661], [-112.07147200006634, 33.50380399968854], [-112.07155400008209, 33.50381600036931], [-112.07163799974768, 33.50381800035774], [-112.07176300031945, 33.50382800029934], [-112.07184799980996, 33.50382900029345], [-112.07201400038963, 33.50384600019132], [-112.07205600022242, 33.50384400020347], [-112.07209800005522, 33.50384700018516], [-112.0721390000631, 33.50385500013588], [-112.07218199972081, 33.50385000016676], [-112.07226499956148, 33.503863000085786], [-112.07251599963163, 33.50387699999642], [-112.07259900037063, 33.503883999950894], [-112.07264100020342, 33.50388299995742], [-112.07276699970181, 33.50388999991141], [-112.07285000044081, 33.50390099983797], [-112.0729340001064, 33.50390399981768], [-112.07310099961265, 33.50391499974239], [-112.07314300034376, 33.50391499974239], [-112.07347899990442, 33.50393900032247], [-112.07356199974511, 33.50395100023544], [-112.07376299958656, 33.50397000009426], [-112.07393800038706, 33.50398699996444], [-112.07402100022772, 33.50399899987076], [-112.07406399988544, 33.50399899987076], [-112.0741889995589, 33.504009999783406], [-112.0742720002979, 33.50402399967027], [-112.07447999981206, 33.504044000253764], [-112.07456400037593, 33.50404700022853], [-112.07481399972289, 33.504074999987964], [-112.07485499973077, 33.50408399990871], [-112.07493799957145, 33.504088999864244], [-112.07498000030257, 33.504096999792594], [-112.0751889996416, 33.50411499962858], [-112.07523200019763, 33.50411499962858], [-112.07527400003042, 33.50410599971105], [-112.07561600033718, 33.504074999987964], [-112.07611799957921, 33.503984999979856], [-112.07628099978582, 33.50394500027916], [-112.0763200001439, 33.50393200037244], [-112.07660499965094, 33.503866000066886], [-112.0771729999135, 33.503724000101315], [-112.07725199955621, 33.50369800021955], [-112.07749699977859, 33.50363899970982], [-112.0777439996508, 33.50358299989975], [-112.07802800023124, 33.50354899999741], [-112.08224299974891, 33.50302199980308], [-112.08244000029072, 33.50296700034695], [-112.08244000029072, 33.502906000078504], [-112.08244000029072, 33.50284499976705], [-112.08244000029072, 33.50278200014937], [-112.08244399959037, 33.502087999815735], [-112.08244899961325, 33.5010080002102], [-112.08245199998629, 33.50081900020476], [-112.08247299990268, 33.50053899990977], [-112.08251200026075, 33.50025600010117], [-112.08254900007067, 33.50007200013956], [-112.08260900034512, 33.49983099975706], [-112.0826710002694, 33.49963199975289], [-112.08277000000359, 33.49938800025656], [-112.08279799959269, 33.49932699971316], [-112.08316099981585, 33.4986099996462], [-112.083227999763, 33.498468000047374], [-112.08331700034978, 33.498250000294384], [-112.08339199979454, 33.498025000313824], [-112.08345000041918, 33.497798999684775], [-112.08349300007687, 33.49756899969837], [-112.08350099957448, 33.49751800004206], [-112.0835220003892, 33.49731400036712]]]}, "properties": {"geoid": "04013117100", "name": "1171", "value": 5.009571203955694, "coverage": 1.0000000000004057, "n_tiles": 203, "vmin": 4.9674, "vmax": 5.046, "metric": "recovery_gap_hours", "ok": true, "relief_hours": 0.99, "no_relief": false, "window_hours": 6.0, "population": 2920.0, "over_65": 430.0, "svi": 0.597, "pct_over_65": 14.7, "pct_poverty": 18.7, "pct_mobile_homes": 0.0, "pct_no_vehicle": 3.4, "quadrant": "low_priority"}}, {"type": "Feature", "geometry": {"type": "Polygon", "coordinates": [[[-112.13453399981115, 33.42248599968519], [-112.13453200016131, 33.421619000030105], [-112.13451200006985, 33.41879400008095], [-112.1345089996968, 33.41841399972444], [-112.13446699986402, 33.41724599985924], [-112.13444199974964, 33.416832000040266], [-112.13428799976386, 33.41535200015599], [-112.13413200012825, 33.414302999695195], [-112.13408299972446, 33.41367700000316], [-112.13405900033332, 33.41336799999276], [-112.13397499976942, 33.41246799992982], [-112.13395800005098, 33.412174000147914], [-112.13392299989087, 33.411466999776245], [-112.13389600012671, 33.41094800002671], [-112.13388299970792, 33.41072600007108], [-112.13387100001235, 33.410439999967494], [-112.1338600001417, 33.41023900027506], [-112.13381300028601, 33.409321000008525], [-112.13381499993585, 33.40899499974415], [-112.13369699993505, 33.40667500000861], [-112.13352600023084, 33.40666100014345], [-112.13350000029159, 33.40666100014345], [-112.13314600028924, 33.40663999996646], [-112.13274600025618, 33.40662400011392], [-112.13242800023885, 33.40661899978444], [-112.13237299998727, 33.40662000015027], [-112.13197899980196, 33.40662400011392], [-112.13143200035411, 33.40663200004055], [-112.12968499990868, 33.4066410003321], [-112.12939399965553, 33.40664900025716], [-112.1287579996209, 33.406645999910396], [-112.12623399957387, 33.40665799979708], [-112.12528700009292, 33.40666300012432], [-112.12502199977905, 33.40666399973979], [-112.12191199992608, 33.40668000033487], [-112.12115600024083, 33.40668299993055], [-112.12084800026926, 33.4066840002957], [-112.12074000031423, 33.4066840002957], [-112.11959200009352, 33.40668899987153], [-112.11895799970873, 33.40669200021681], [-112.11727700028383, 33.40670600007704], [-112.11683299986983, 33.40671299963132], [-112.11661600013485, 33.40671900032013], [-112.11654400016484, 33.40671700034054], [-112.1164720001948, 33.40671799995538], [-112.11645999960093, 33.40671799995538], [-112.11635099982098, 33.40671999993496], [-112.11625499956152, 33.40672199991447], [-112.11513099963025, 33.406729000217375], [-112.11211100018897, 33.40673399979066], [-112.10789300029825, 33.4067399997281], [-112.10707099959247, 33.40674100009261], [-112.1067850002605, 33.406741999707165], [-112.1062210001959, 33.40674300007163], [-112.1053909999925, 33.40674399968618], [-112.10484700001938, 33.40674500005062], [-112.10412499977102, 33.40674300007163], [-112.10324699988705, 33.4067399997281], [-112.10170700002918, 33.406737000134335], [-112.10144400026344, 33.40673599976986], [-112.09942599965638, 33.40673100019668], [-112.09943200040247, 33.406973999965345], [-112.09944400009803, 33.40747699976766], [-112.09944400009803, 33.40781999971733], [-112.09944400009803, 33.40847600022161], [-112.09944400009803, 33.40870100020465], [-112.09944599974787, 33.40880499970657], [-112.09946300036462, 33.409492000095064], [-112.09947900025813, 33.41018899979805], [-112.09951400041824, 33.410508000082665], [-112.09951500024314, 33.41060999978076], [-112.09952000026603, 33.41084299977385], [-112.09964199956643, 33.413338000340886], [-112.09961200032753, 33.4160440002848], [-112.09961399997735, 33.41608800034926], [-112.09963999991663, 33.41737799965824], [-112.09965599981014, 33.41812500024412], [-112.0996600000081, 33.4183640002049], [-112.09970000019108, 33.420290000122144], [-112.09973100015323, 33.42224000002202], [-112.09973799982592, 33.42264500016639], [-112.0997589997423, 33.42385700000814], [-112.09978499968159, 33.42475400002293], [-112.09978399985667, 33.42488900012042], [-112.09978999970444, 33.4258879997151], [-112.09978999970444, 33.42591700013579], [-112.09980200029831, 33.42624000018487], [-112.09983300026047, 33.42704500034601], [-112.09986000002465, 33.42808600036325], [-112.0998569996516, 33.42846500025681], [-112.09985400017688, 33.42875900035983], [-112.09985300035194, 33.4289329999823], [-112.0998499999789, 33.429245999752226], [-112.09984900015398, 33.42939799987287], [-112.09985300035194, 33.429506999839866], [-112.09989199981169, 33.43059999974725], [-112.09992199994893, 33.431974999663794], [-112.0999489997131, 33.433062000359314], [-112.0999699996295, 33.4348890001185], [-112.09997300000255, 33.43518100012702], [-112.09997700020051, 33.435535999740814], [-112.09999599956878, 33.43673099993138], [-112.10087099997801, 33.436735000007275], [-112.10215800011588, 33.43674300015846], [-112.1036579997908, 33.436746000214995], [-112.10432099958962, 33.43675200032769], [-112.10472700036878, 33.43675400036518], [-112.10650099968008, 33.43675400036518], [-112.10746599960267, 33.43675899970904], [-112.10764800007587, 33.43675699967167], [-112.10774599998516, 33.436755999652966], [-112.10807400004822, 33.43676299978366], [-112.10824099955448, 33.43676799987661], [-112.10864200031078, 33.43677099993226], [-112.11081599965516, 33.43677600002475], [-112.11298599969989, 33.436791000300595], [-112.11431600039379, 33.43679400035546], [-112.1153010004079, 33.436790000282286], [-112.11571499978635, 33.43679400035546], [-112.11663600022634, 33.43681099991472], [-112.11729599965211, 33.436812999950845], [-112.11727300008589, 33.435895000265866], [-112.11724700014662, 33.43497899994345], [-112.1172310002531, 33.43414800013562], [-112.1172189996592, 33.43348399970268], [-112.11722299985716, 33.433183000192564], [-112.1172310002531, 33.431321999993315], [-112.11720799978855, 33.430098999869934], [-112.11721799983431, 33.429557999791164], [-112.11722100020735, 33.42822899996362], [-112.11720399959061, 33.427176000113], [-112.11719600009299, 33.426284999720295], [-112.11718500022234, 33.42595000036999], [-112.11716199975781, 33.425204999933214], [-112.11718100002439, 33.424296999795224], [-112.11719699991788, 33.42254200017553], [-112.11719600009299, 33.4224339998937], [-112.11719500026808, 33.422375999714696], [-112.11981999969915, 33.422326000227315], [-112.12158200021318, 33.422317000061646], [-112.12304500007818, 33.42232799984747], [-112.12477599973174, 33.422338000196895], [-112.12619599993901, 33.42236399975036], [-112.12830499988439, 33.422417999951634], [-112.12848399998452, 33.422419000135555], [-112.13002100036765, 33.42242700010683], [-112.13160100040851, 33.422457000367615], [-112.13168800044714, 33.42245799980136], [-112.13304900020486, 33.422474999919324], [-112.13453399981115, 33.42248599968519]]]}, "properties": {"geoid": "04013117300", "name": "1173", "value": 4.093497044595132, "coverage": 1.00000000000117, "n_tiles": 875, "vmin": 3.5899, "vmax": 5.8561, "metric": "recovery_gap_hours", "ok": true, "relief_hours": 1.907, "no_relief": false, "window_hours": 6.0, "population": 2173.0, "over_65": 146.0, "svi": 0.9988, "pct_over_65": 6.7, "pct_poverty": 77.2, "pct_mobile_homes": 15.2, "pct_no_vehicle": 22.5, "quadrant": "over_targeted"}}, {"type": "Feature", "geometry": {"type": "Polygon", "coordinates": [[[-112.08301000020312, 33.480352999942966], [-112.08298699973858, 33.47943299979229], [-112.0829669996471, 33.47854999971417], [-112.08294699955562, 33.477694000129496], [-112.08291899996652, 33.4767080001873], [-112.08289999969995, 33.475825000060034], [-112.08287799995863, 33.474941000347165], [-112.08287600030881, 33.4748659997132], [-112.08285500039241, 33.474054999931276], [-112.08282799972993, 33.47302199984369], [-112.08280699981351, 33.47211499996646], [-112.08278500007222, 33.47122299990361], [-112.08276199960767, 33.47033899970108], [-112.08274200041451, 33.4694329998597], [-112.08271999977488, 33.46856299975739], [-112.08269800003356, 33.467657999746365], [-112.0826930000107, 33.46757799973793], [-112.08265100017792, 33.46678299995004], [-112.082642999782, 33.46640599969232], [-112.08264199995708, 33.46600899967187], [-112.08263699993422, 33.46581100032043], [-112.0814600002995, 33.46580599965346], [-112.08027899956849, 33.46579500013356], [-112.07823300027066, 33.4657749997085], [-112.07710900033938, 33.46576400018461], [-112.07586300020941, 33.46574700030462], [-112.0753140002134, 33.46573899983097], [-112.07378199985313, 33.46573600002783], [-112.07253200042348, 33.46572400006497], [-112.07176300031945, 33.465721000261304], [-112.07160099993776, 33.46572400006497], [-112.07122299964598, 33.465729999671936], [-112.06941199962645, 33.465719000142336], [-112.06744800034438, 33.46571600033855], [-112.06627900020727, 33.46571299978526], [-112.06508400013088, 33.465709999981215], [-112.06507300026023, 33.4659359996646], [-112.0650849999558, 33.46714600021491], [-112.06509500000153, 33.46752599999262], [-112.06511699974286, 33.46821799998595], [-112.06511199971997, 33.46935200034806], [-112.06510900024524, 33.47114799979826], [-112.06510500004728, 33.47129700032361], [-112.06510400022239, 33.47247100013306], [-112.06510300039747, 33.47300400028794], [-112.06508999997868, 33.47479999973104], [-112.0650909998036, 33.476611999853375], [-112.06508800032884, 33.47796400018862], [-112.06507499991005, 33.47904999968669], [-112.06507599973497, 33.47939900014682], [-112.06507200043531, 33.47954799997082], [-112.06507300026023, 33.48020700005657], [-112.06725599982542, 33.48021900026178], [-112.0694419997637, 33.48023300024936], [-112.0708870000853, 33.48024100013419], [-112.07168999962623, 33.48023800008383], [-112.07263299980751, 33.48024799975189], [-112.0729209996876, 33.480255000118234], [-112.07336199972856, 33.480256999901705], [-112.07377400035553, 33.4802490000183], [-112.0750199995872, 33.480261000217745], [-112.07821300017919, 33.48030000010507], [-112.07933000043774, 33.48031599986162], [-112.08031899975148, 33.48034000024018], [-112.08042000003381, 33.48034099975631], [-112.08181599995164, 33.48034500006847], [-112.08301000020312, 33.480352999942966]]]}, "properties": {"geoid": "04013111800", "name": "1118", "value": 5.538451127529279, "coverage": 1.0000000000003022, "n_tiles": 289, "vmin": 4.7836, "vmax": 6.1067, "metric": "recovery_gap_hours", "ok": true, "relief_hours": 0.462, "no_relief": false, "window_hours": 6.0, "population": 4695.0, "over_65": 680.0, "svi": 0.3326, "pct_over_65": 14.5, "pct_poverty": 22.3, "pct_mobile_homes": 0.5, "pct_no_vehicle": 7.9, "quadrant": "low_priority"}}, {"type": "Feature", "geometry": {"type": "Polygon", "coordinates": [[[-112.14731499970489, 33.477722000169194], [-112.14733499979639, 33.47684700008424], [-112.14648100020185, 33.47684700008424], [-112.14564500015067, 33.47684700008424], [-112.14299399988201, 33.47684700008424], [-112.14300099955472, 33.47632500002376], [-112.14300300010285, 33.47616200000789], [-112.14300300010285, 33.47612599994926], [-112.1430120003237, 33.47542700015447], [-112.14302099964621, 33.47472099990201], [-112.14302300019435, 33.47452799963734], [-112.14303900008785, 33.47321400011781], [-112.14303999991277, 33.47319300030762], [-112.14305699963121, 33.471846000028215], [-112.14308699976844, 33.469570999796886], [-112.14310900040807, 33.46813000024142], [-112.14312000027873, 33.467441000039095], [-112.14312600012651, 33.46721600020055], [-112.14315000041594, 33.46637900016951], [-112.14315500043881, 33.46606800034113], [-112.1431470000429, 33.46595699973463], [-112.14131400028207, 33.46595300025694], [-112.14100999961012, 33.46595300025694], [-112.14045700031448, 33.465951999825435], [-112.13963399978378, 33.465951999825435], [-112.13880500030363, 33.46594999971185], [-112.13697800039058, 33.46594999971185], [-112.13663699990872, 33.46594999971185], [-112.1344729997118, 33.46594999971185], [-112.13446699986402, 33.46685300022885], [-112.13445599999335, 33.4677579996531], [-112.13444799959744, 33.46865699996538], [-112.13444299957456, 33.46929299966627], [-112.13444000009983, 33.469562000035765], [-112.13443400025204, 33.47026699997575], [-112.13442599985612, 33.471234000233345], [-112.13441699963528, 33.47220300016054], [-112.13440900013768, 33.473163000355804], [-112.13440300028991, 33.47408299964839], [-112.13439700044212, 33.47499100023423], [-112.13438599967316, 33.4767989996329], [-112.13437200032777, 33.478964999797576], [-112.13436200028201, 33.48046899991341], [-112.13514100043179, 33.4804650003562], [-112.13644799976284, 33.480459999785616], [-112.13865399979257, 33.480448999877886], [-112.14096899960226, 33.4804650003562], [-112.1429570000721, 33.48047699977645], [-112.14479700040395, 33.48047699977645], [-112.1454769999212, 33.48047600026189], [-112.14559200044724, 33.48047600026189], [-112.1463439999345, 33.48047600026189], [-112.14645299971444, 33.48047600026189], [-112.1471959998792, 33.480474999998044], [-112.1472870001158, 33.480474999998044], [-112.14728799994072, 33.48040899979309], [-112.14728799994072, 33.48034200002169], [-112.14729600033664, 33.479601000268836], [-112.14730300000934, 33.478858999889496], [-112.14731100040525, 33.47815299987915], [-112.14731499970489, 33.477722000169194]]]}, "properties": {"geoid": "04013112201", "name": "1122.01", "value": 4.597698016836519, "coverage": 1.0000000000003038, "n_tiles": 173, "vmin": 3.8952, "vmax": 5.1096, "metric": "recovery_gap_hours", "ok": true, "relief_hours": 1.402, "no_relief": false, "window_hours": 6.0, "population": 5002.0, "over_65": 411.0, "svi": 0.7933, "pct_over_65": 8.2, "pct_poverty": 38.2, "pct_mobile_homes": 0.0, "pct_no_vehicle": 9.3, "quadrant": "over_targeted"}}, {"type": "Feature", "geometry": {"type": "Polygon", "coordinates": [[[-112.151785000389, 33.46659299976473], [-112.15178700003881, 33.465960999961474], [-112.15062999959727, 33.46595800016601], [-112.14956900031353, 33.465955000370506], [-112.14941199995468, 33.46595399993902], [-112.14928800010613, 33.46595399993902], [-112.14890399996658, 33.465955000370506], [-112.14884399969212, 33.465955000370506], [-112.14872499986642, 33.465955000370506], [-112.14817900024347, 33.46595600005258], [-112.14799599994537, 33.46595600005258], [-112.14766899970722, 33.46595699973463], [-112.14744600012446, 33.46595800016601], [-112.14569200000635, 33.46596000027948], [-112.14432100020288, 33.46595800016601], [-112.1431470000429, 33.46595699973463], [-112.14315500043881, 33.46606800034113], [-112.14315000041594, 33.46637900016951], [-112.14312600012651, 33.46721600020055], [-112.14312000027873, 33.467441000039095], [-112.14310900040807, 33.46813000024142], [-112.14308699976844, 33.469570999796886], [-112.14305699963121, 33.471846000028215], [-112.14303999991277, 33.47319300030762], [-112.14303900008785, 33.47321400011781], [-112.14302300019435, 33.47452799963734], [-112.14302099964621, 33.47472099990201], [-112.1430120003237, 33.47542700015447], [-112.14300300010285, 33.47612599994926], [-112.14300300010285, 33.47616200000789], [-112.14300099955472, 33.47632500002376], [-112.14299399988201, 33.47684700008424], [-112.14564500015067, 33.47684700008424], [-112.14648100020185, 33.47684700008424], [-112.14733499979639, 33.47684700008424], [-112.14731499970489, 33.477722000169194], [-112.14731100040525, 33.47815299987915], [-112.14730300000934, 33.478858999889496], [-112.14729600033664, 33.479601000268836], [-112.14728799994072, 33.48034200002169], [-112.14728799994072, 33.48040899979309], [-112.1472870001158, 33.480474999998044], [-112.14805700004474, 33.480473999734194], [-112.14896500006594, 33.480473999734194], [-112.15021200002086, 33.48047199995578], [-112.15053300041122, 33.480493999763944], [-112.15164700029673, 33.480485999902484], [-112.1516599998172, 33.47912599997535], [-112.15166200036536, 33.47895600026277], [-112.15167099968785, 33.478038999639416], [-112.15167300023599, 33.47788000027701], [-112.15167800025887, 33.47726099978209], [-112.15168199955852, 33.47692899963854], [-112.15168300028175, 33.47684099974827], [-112.15168999995444, 33.47612700026332], [-112.15169699962713, 33.47542300036448], [-112.15170400019815, 33.47471599974915], [-112.15171099987084, 33.47399800013141], [-112.15171199969575, 33.47393600009617], [-112.15171900026677, 33.47321900035733], [-112.15173099996233, 33.472126000182946], [-112.15175299970365, 33.469957000246254], [-112.1517569999016, 33.469589000065696], [-112.15176600012242, 33.468732999628436], [-112.15176799977225, 33.46861800008279], [-112.151785000389, 33.466938000009634], [-112.151785000389, 33.46659299976473]]]}, "properties": {"geoid": "04013112202", "name": "1122.02", "value": 4.236568774087149, "coverage": 1.000000000000051, "n_tiles": 137, "vmin": 3.7982, "vmax": 5.009, "metric": "recovery_gap_hours", "ok": true, "relief_hours": 1.763, "no_relief": false, "window_hours": 6.0, "population": 4028.0, "over_65": 998.0, "svi": 0.9931, "pct_over_65": 24.8, "pct_poverty": 51.8, "pct_mobile_homes": 0.0, "pct_no_vehicle": 13.5, "quadrant": "over_targeted"}}, {"type": "Feature", "geometry": {"type": "Polygon", "coordinates": [[[-112.06505499981859, 33.537359999992404], [-112.06505499981859, 33.53689000020603], [-112.06504200029809, 33.53578099963838], [-112.06503800010013, 33.53465499998831], [-112.06503700027524, 33.5345470001023], [-112.06503399990218, 33.53366100013141], [-112.06503200025236, 33.53335200012308], [-112.06502999970422, 33.53286200035378], [-112.06502700022948, 33.53201300005495], [-112.06502300003153, 33.53097699973306], [-112.06501899983357, 33.530005999921165], [-112.06501600035881, 33.52916400018956], [-112.06501200016088, 33.52830099982268], [-112.06499999956698, 33.52738000025221], [-112.06498899969633, 33.523739000083744], [-112.0631989995932, 33.52373600004281], [-112.06273199961298, 33.52373600004281], [-112.0623809999837, 33.523735000278755], [-112.06063100006354, 33.52372999996063], [-112.06021699978675, 33.52372999996063], [-112.05929399969695, 33.52372999996063], [-112.05917599969617, 33.52372999996063], [-112.05848899960792, 33.52372999996063], [-112.056219999829, 33.52372799968352], [-112.05622200037712, 33.52503600029], [-112.05622599967677, 33.527354999712436], [-112.05623499989758, 33.52949399982874], [-112.05624699959316, 33.53009799994987], [-112.05626400020991, 33.53099099974936], [-112.05626199966179, 33.532006000129854], [-112.05626099983687, 33.53212500027711], [-112.0562569996389, 33.53280800005651], [-112.0562569996389, 33.53284999995782], [-112.05625099979112, 33.53371299984975], [-112.05625499998908, 33.53463200007938], [-112.05625800036213, 33.53551300019644], [-112.05625900018703, 33.53639600030464], [-112.05627400025566, 33.53727000016741], [-112.05628599995123, 33.53800600021259], [-112.05628699977613, 33.53824899977718], [-112.05717399988093, 33.53824600023972], [-112.05803400022155, 33.538242999953326], [-112.05891899977821, 33.538252000063366], [-112.05978099976868, 33.538261000172454], [-112.06065799982773, 33.53826800033987], [-112.06287399990322, 33.538274000161984], [-112.06505499981859, 33.538272000221326], [-112.06505499981859, 33.537359999992404]]]}, "properties": {"geoid": "04013106501", "name": "1065.01", "value": 4.824668387761454, "coverage": 1.0000000000010094, "n_tiles": 153, "vmin": 3.2809, "vmax": 5.1845, "metric": "recovery_gap_hours", "ok": true, "relief_hours": 1.175, "no_relief": false, "window_hours": 6.0, "population": 3035.0, "over_65": 356.0, "svi": 0.5179, "pct_over_65": 11.7, "pct_poverty": 12.6, "pct_mobile_homes": 0.0, "pct_no_vehicle": 11.2, "quadrant": "low_priority"}}, {"type": "Feature", "geometry": {"type": "Polygon", "coordinates": [[[-112.03019500025923, 33.4948499996706], [-112.03019199988617, 33.49393400036456], [-112.03019100006128, 33.49302800004863], [-112.03018900041145, 33.492113999705985], [-112.0301860000384, 33.49120799982503], [-112.0301860000384, 33.49029700020134], [-112.0301860000384, 33.49002899993332], [-112.0301860000384, 33.489384999822995], [-112.03018699986329, 33.48879100033118], [-112.0301860000384, 33.48847799968758], [-112.03018299966536, 33.487577000134465], [-112.02873200039424, 33.48759800020415], [-112.02769399977839, 33.4876190002687], [-112.02608500032356, 33.487644999735124], [-112.02574100036696, 33.48765100007191], [-112.02482999997271, 33.48766999976216], [-112.02475399980473, 33.48767099994291], [-112.02373100015582, 33.48768800001695], [-112.02265699955495, 33.48770900005967], [-112.02238200009366, 33.48771499964286], [-112.0215750003548, 33.48774400036935], [-112.02052500004338, 33.48778199970493], [-112.0192730000656, 33.48779899975712], [-112.01725399963361, 33.487840000354105], [-112.0155980003231, 33.487865000324895], [-112.01506500022063, 33.487872000075654], [-112.01293500035888, 33.48788699975375], [-112.01293899965852, 33.48870600026112], [-112.01294200003156, 33.48912000022139], [-112.01295299990221, 33.490338999765555], [-112.01295399972713, 33.49058099974786], [-112.01295499955205, 33.4906369997279], [-112.01295899975, 33.491559999652836], [-112.01296100029813, 33.49190799977021], [-112.01296100029813, 33.49196399964126], [-112.01296799997083, 33.49296999987752], [-112.0129720001688, 33.49340200024484], [-112.01297800001657, 33.495234999766694], [-112.01318600042903, 33.495234999766694], [-112.01421900012372, 33.49521299995714], [-112.01629499955878, 33.49516499994462], [-112.01728499959574, 33.495143000117324], [-112.0180989999056, 33.49512600000852], [-112.01829999974706, 33.49512199962996], [-112.0195130002651, 33.49509099968595], [-112.02107700041243, 33.49505800028926], [-112.02159500044628, 33.49504399970145], [-112.02254100010231, 33.49501900030496], [-112.02373600017869, 33.494996000344386], [-112.02481099970615, 33.49496500035532], [-112.02587899956092, 33.49494000018688], [-112.02802100001654, 33.49489400021768], [-112.02955800039969, 33.49485899980134], [-112.03019500025923, 33.4948499996706]]]}, "properties": {"geoid": "04013110801", "name": "1108.01", "value": 5.994121566250486, "coverage": 1.0000000000005904, "n_tiles": 153, "vmin": 5.9676, "vmax": 6.0086, "metric": "recovery_gap_hours", "ok": true, "relief_hours": 0.006, "no_relief": false, "window_hours": 6.0, "population": 5025.0, "over_65": 564.0, "svi": 0.7442, "pct_over_65": 11.2, "pct_poverty": 23.2, "pct_mobile_homes": 1.6, "pct_no_vehicle": 6.3, "quadrant": "blind_spot"}}, {"type": "Feature", "geometry": {"type": "Polygon", "coordinates": [[[-112.00420499995126, 33.49119299997298], [-112.00420300030144, 33.49094100027186], [-112.0041930002557, 33.4899549997803], [-112.00420099975331, 33.489347999853834], [-112.00419400008059, 33.48884900030467], [-112.00419400008059, 33.48783100024303], [-112.0041930002557, 33.487770999977805], [-112.00419900010347, 33.48684800012497], [-112.00419499990551, 33.48628300018131], [-112.00420099975331, 33.48581599993586], [-112.00419900010347, 33.48561800014018], [-112.00419599973043, 33.48488699969851], [-112.00419499990551, 33.48413899981233], [-112.00419599973043, 33.4823070001721], [-112.0041930002557, 33.48087100017204], [-112.00419900010347, 33.480652000061156], [-112.00419699955535, 33.48045800000683], [-112.0036790004198, 33.48045199992101], [-112.00255100029057, 33.48045199992101], [-112.00202099966285, 33.48044800036301], [-111.99985700036422, 33.48044100001227], [-111.99767600044883, 33.48043199988156], [-111.99565399964379, 33.48042299974992], [-111.99550999970374, 33.480420999970335], [-111.9955060004041, 33.481528999682226], [-111.9955060004041, 33.482359000038564], [-111.99550200020616, 33.48323800007415], [-111.99549999965802, 33.484098999932904], [-111.99549100033549, 33.48523899974553], [-111.99549200016041, 33.485597000339624], [-111.99551200025188, 33.48604400002534], [-111.99549200016041, 33.48632699983719], [-111.99549100033549, 33.48690199989211], [-111.99549999965802, 33.48777700030591], [-111.99550200020616, 33.487918000029254], [-111.99548899978737, 33.48838000006501], [-111.99548100028974, 33.488716999869425], [-111.99546700004605, 33.4899549997803], [-111.99546600022114, 33.49006900007068], [-111.99545399962726, 33.49145799997342], [-111.99545100015251, 33.491805000367734], [-111.99545000032761, 33.49220400006958], [-111.99544600012965, 33.492584000074096], [-111.99544199993169, 33.49292400036005], [-111.99543899955864, 33.4934359996377], [-111.9954369999088, 33.493808000099364], [-111.99544100010678, 33.49461899998981], [-111.99543899955864, 33.495122999724586], [-111.9956889998039, 33.49512600000852], [-111.99757000014363, 33.495138999739495], [-111.99981200015836, 33.495153000311944], [-112.00420099975331, 33.49518099995177], [-112.0041930002557, 33.495060999826315], [-112.00419200043079, 33.49462900024495], [-112.00418499985977, 33.49437399974571], [-112.0041799998369, 33.494179999711875], [-112.00418300020996, 33.49368499998461], [-112.004179000012, 33.49355300017874], [-112.00417499981403, 33.49342299965109], [-112.00419099970755, 33.4928720000943], [-112.00418999988266, 33.492742000042526], [-112.00418800023282, 33.49230299998693], [-112.00419699955535, 33.49192599989325], [-112.00420199957821, 33.49150400026971], [-112.00420499995126, 33.49119299997298]]]}, "properties": {"geoid": "04013110902", "name": "1109.02", "value": 5.999739714723632, "coverage": 1.0000000000009912, "n_tiles": 153, "vmin": 5.9919, "vmax": 6.0076, "metric": "recovery_gap_hours", "ok": true, "relief_hours": 0.0, "no_relief": false, "window_hours": 6.0, "population": 4617.0, "over_65": 464.0, "svi": 0.7985, "pct_over_65": 10.0, "pct_poverty": 27.6, "pct_mobile_homes": 0.0, "pct_no_vehicle": 11.0, "quadrant": "confirmed"}}, {"type": "Feature", "geometry": {"type": "Polygon", "coordinates": [[[-112.10812099990389, 33.449160000111945], [-112.1081229995537, 33.44894799996431], [-112.1081080003834, 33.447513000263775], [-112.10809499996462, 33.4472600002971], [-112.10808999994175, 33.446964000110384], [-112.10809499996462, 33.44456000005488], [-112.10809599978954, 33.44412799977282], [-112.10809499996462, 33.44405699995091], [-112.1080940001397, 33.443977999838], [-112.1080940001397, 33.44391300026039], [-112.10808499991887, 33.44131199974292], [-112.10807499987312, 33.43720700017035], [-112.10807400004822, 33.43676299978366], [-112.10774599998516, 33.436755999652966], [-112.10764800007587, 33.43675699967167], [-112.10746599960267, 33.43675899970904], [-112.10650099968008, 33.43675400036518], [-112.10472700036878, 33.43675400036518], [-112.10432099958962, 33.43675200032769], [-112.1036579997908, 33.436746000214995], [-112.10215800011588, 33.43674300015846], [-112.10087099997801, 33.436735000007275], [-112.09999599956878, 33.43673099993138], [-112.10000200031487, 33.437053000202376], [-112.10000300013976, 33.43764299971697], [-112.10000599961451, 33.43855399966407], [-112.1000190000333, 33.4394589998662], [-112.10002700042922, 33.44024000012335], [-112.10002800025414, 33.4403710002132], [-112.10002099968312, 33.44051399981079], [-112.10002900007906, 33.44069900030867], [-112.10003499992685, 33.441342000222825], [-112.10004499997257, 33.44216199982813], [-112.10004699962239, 33.44232899988197], [-112.10005800039136, 33.44330899995394], [-112.10006300041424, 33.44379500021085], [-112.1000609998661, 33.44391300026039], [-112.10006300041424, 33.444088000165365], [-112.10007000008694, 33.44459499980305], [-112.1000750001098, 33.44496099979334], [-112.10008199978249, 33.445524000228886], [-112.10008799963028, 33.445953999729944], [-112.10009000017843, 33.446997999737484], [-112.10007699975964, 33.44725200036611], [-112.1000890003535, 33.44810499962773], [-112.10009299965316, 33.44920999988034], [-112.10008099995757, 33.450251000083306], [-112.10006599988898, 33.45125400018483], [-112.10027599995124, 33.45125099988048], [-112.10143599986753, 33.45124400016931], [-112.10232999964504, 33.45124400016931], [-112.10334599962127, 33.451236999708065], [-112.104453999659, 33.45123099984765], [-112.10532999989313, 33.45122800029201], [-112.10626600040175, 33.451219000125505], [-112.10661399965797, 33.451219999977496], [-112.10751099980853, 33.45119699963129], [-112.10777500029748, 33.45120199964193], [-112.10807599969804, 33.451204999947926], [-112.1080790000711, 33.45105799982071], [-112.1080809997209, 33.45089899967795], [-112.10811099985814, 33.450163999952984], [-112.10812099990389, 33.449160000111945]]]}, "properties": {"geoid": "04013114402", "name": "1144.02", "value": 4.634819374702642, "coverage": 1.0000000000008447, "n_tiles": 137, "vmin": 4.0467, "vmax": 5.0378, "metric": "recovery_gap_hours", "ok": true, "relief_hours": 1.365, "no_relief": false, "window_hours": 6.0, "population": 1756.0, "over_65": 191.0, "svi": 0.7783, "pct_over_65": 10.9, "pct_poverty": 38.0, "pct_mobile_homes": 0.0, "pct_no_vehicle": 7.3, "quadrant": "over_targeted"}}, {"type": "Feature", "geometry": {"type": "Polygon", "coordinates": [[[-112.13462400022283, 33.43759200001897], [-112.13462900024571, 33.4368899998071], [-112.13295999961808, 33.436880999652196], [-112.13244999998014, 33.436888999789986], [-112.13186699964898, 33.43689699992698], [-112.13030699969961, 33.43689999997818], [-112.12967599968785, 33.43690200001222], [-112.12844899982441, 33.43690600008023], [-112.12824999963281, 33.436908000114165], [-112.12804999961625, 33.436909000131116], [-112.12784799994988, 33.436909000131116], [-112.12764600028352, 33.43691200018191], [-112.12721199991525, 33.43691500023254], [-112.1259690001583, 33.436909000131116], [-112.12490499960319, 33.436894999892786], [-112.12417999988008, 33.43687700033267], [-112.12378400004496, 33.43687500029807], [-112.1216109996272, 33.436854999949055], [-112.11945900002414, 33.43682200011281], [-112.1193090002363, 33.43682100009485], [-112.11828499986414, 33.43683000025598], [-112.11775099993676, 33.436819000058904], [-112.11761500039265, 33.43681399996885], [-112.11729599965211, 33.436812999950845], [-112.11733300036035, 33.43835599983738], [-112.1173869998887, 33.44017599997321], [-112.11743299991946, 33.44125100028433], [-112.11746100040686, 33.442152000263576], [-112.11747800012529, 33.442694999688065], [-112.11750200041473, 33.44395599975577], [-112.11751099973726, 33.444419000240956], [-112.1175140001103, 33.44543500001711], [-112.11751599976013, 33.44630300003785], [-112.11751800030828, 33.44727099991993], [-112.11751599976013, 33.44818600025327], [-112.11751599976013, 33.449125999833235], [-112.11752499998096, 33.4502460000179], [-112.11752300033115, 33.45108899978159], [-112.11900899976233, 33.451134999775654], [-112.12010199973146, 33.45116599970901], [-112.12033899955793, 33.451174000028516], [-112.12131400042458, 33.45120300024359], [-112.12183499993318, 33.45121699967201], [-112.12252200002145, 33.451236999708065], [-112.12372899979337, 33.451273000360985], [-112.12492100039502, 33.45131199980226], [-112.12602199986176, 33.45134099997119], [-112.1281869998836, 33.45136199982906], [-112.1282789999451, 33.451362999679404], [-112.12837199983154, 33.451362999679404], [-112.1287219996359, 33.451367999680414], [-112.12938299978491, 33.45137599998128], [-112.13029900020202, 33.45137900028127], [-112.13035299973036, 33.45138299968178], [-112.13042999972328, 33.45139900028001], [-112.13053199983051, 33.45141099997719], [-112.13430299983249, 33.45142299967277], [-112.13451600026781, 33.451420000123775], [-112.13451999956744, 33.451354000276424], [-112.13451999956744, 33.449575999885546], [-112.1345020000241, 33.44775200025659], [-112.1345020000241, 33.446395999739096], [-112.13450700004698, 33.4452299999567], [-112.13451100024494, 33.44464300009865], [-112.13452100029068, 33.444203000017765], [-112.13452499959031, 33.44401700031071], [-112.13453100033642, 33.443759000201915], [-112.13453899983404, 33.44271400024002], [-112.13455700027568, 33.44235099962721], [-112.13455999975042, 33.44227899989509], [-112.13455499972754, 33.44143100013629], [-112.13455300007774, 33.44112499986592], [-112.13455899992552, 33.4405729998382], [-112.13458700041292, 33.43992200036421], [-112.13459099971256, 33.43969700032556], [-112.13459900010848, 33.43919699973323], [-112.13461099980404, 33.43845699980541], [-112.13461300035219, 33.43831799981895], [-112.13462400022283, 33.43759200001897]]]}, "properties": {"geoid": "04013114500", "name": "1145", "value": 4.225348765634763, "coverage": 1.0000000000008207, "n_tiles": 290, "vmin": 3.8268, "vmax": 5.2024, "metric": "recovery_gap_hours", "ok": true, "relief_hours": 1.775, "no_relief": false, "window_hours": 6.0, "population": 4224.0, "over_65": 335.0, "svi": 0.9157, "pct_over_65": 7.9, "pct_poverty": 39.4, "pct_mobile_homes": 13.9, "pct_no_vehicle": 15.6, "quadrant": "over_targeted"}}, {"type": "Feature", "geometry": {"type": "Polygon", "coordinates": [[[-112.15186800022967, 33.438130000232626], [-112.15188199957505, 33.43690099999523], [-112.1515669999308, 33.43690400004624], [-112.15060000035837, 33.43690099999523], [-112.14927999971022, 33.43690600008023], [-112.14759699973719, 33.43690400004624], [-112.14755099970644, 33.43690400004624], [-112.14691800004486, 33.436903000029226], [-112.14589799987067, 33.436891999841414], [-112.14542199966961, 33.436891999841414], [-112.14325599982284, 33.43689699992698], [-112.14000500040288, 33.436894999892786], [-112.13900199994711, 33.436894999892786], [-112.13884499958829, 33.436894999892786], [-112.13860799976183, 33.436894999892786], [-112.13787100034317, 33.436893999875664], [-112.13462900024571, 33.4368899998071], [-112.13462400022283, 33.43759200001897], [-112.13461300035219, 33.43831799981895], [-112.13461099980404, 33.43845699980541], [-112.13459900010848, 33.43919699973323], [-112.13459099971256, 33.43969700032556], [-112.13458700041292, 33.43992200036421], [-112.13455899992552, 33.4405729998382], [-112.13455300007774, 33.44112499986592], [-112.13455499972754, 33.44143100013629], [-112.13455999975042, 33.44227899989509], [-112.13455700027568, 33.44235099962721], [-112.13453899983404, 33.44271400024002], [-112.13453100033642, 33.443759000201915], [-112.13452499959031, 33.44401700031071], [-112.13452100029068, 33.444203000017765], [-112.13451100024494, 33.44464300009865], [-112.13450700004698, 33.4452299999567], [-112.1345020000241, 33.446395999739096], [-112.1345020000241, 33.44775200025659], [-112.13451999956744, 33.449575999885546], [-112.13451999956744, 33.451354000276424], [-112.13451600026781, 33.451420000123775], [-112.13468299977407, 33.45142199982312], [-112.13667600026677, 33.4514159999755], [-112.13883200006781, 33.451407999678324], [-112.13999799983186, 33.45140599997866], [-112.1410139998081, 33.45140000012993], [-112.14249099991677, 33.45140299967955], [-112.1431189995555, 33.45139699983062], [-112.14419700035432, 33.45139699983062], [-112.14529199997327, 33.45139199983127], [-112.1468789996868, 33.45138799968165], [-112.14743100005586, 33.451385999981575], [-112.14840000017642, 33.45138400028141], [-112.14895800039322, 33.45138299968178], [-112.14914199961795, 33.45138299968178], [-112.1494200003506, 33.45138000013141], [-112.14969700036005, 33.45138000013141], [-112.15025300002873, 33.45138000013141], [-112.1515879998472, 33.45137900028127], [-112.15176699994734, 33.45137900028127], [-112.15176699994734, 33.451127000202085], [-112.15176799977225, 33.45005100023925], [-112.15176799977225, 33.449787000128666], [-112.15176100009957, 33.44910600005986], [-112.15172500011455, 33.44775400004043], [-112.15172599993944, 33.44757700024799], [-112.15173500016029, 33.4466850002859], [-112.15174600003093, 33.44545900031059], [-112.15175799972651, 33.444929999890924], [-112.15177299979511, 33.444791999707085], [-112.15180299993236, 33.44465699983635], [-112.15186499985663, 33.44448099965046], [-112.15187900010032, 33.44440599964588], [-112.15186700040476, 33.444113999949764], [-112.1518559996358, 33.44385500019258], [-112.15185099961292, 33.4434580003545], [-112.1518280000467, 33.442824999870155], [-112.15183899991737, 33.442535000003716], [-112.15182200019892, 33.44120300036071], [-112.15182399984874, 33.440842000115275], [-112.15183700026753, 33.44070700009439], [-112.15186800022967, 33.440546999742125], [-112.15185300016107, 33.43960100023146], [-112.1518489999631, 33.43929200028486], [-112.15186800022967, 33.438130000232626]]]}, "properties": {"geoid": "04013114600", "name": "1146", "value": 4.031361098645358, "coverage": 1.0000000000009506, "n_tiles": 289, "vmin": 3.8812, "vmax": 4.8161, "metric": "recovery_gap_hours", "ok": true, "relief_hours": 1.969, "no_relief": false, "window_hours": 6.0, "population": 1364.0, "over_65": 191.0, "svi": 0.9579, "pct_over_65": 14.0, "pct_poverty": 50.2, "pct_mobile_homes": 0.0, "pct_no_vehicle": 8.0, "quadrant": "over_targeted"}}, {"type": "Feature", "geometry": {"type": "Polygon", "coordinates": [[[-112.09999599956878, 33.43673099993138], [-112.09997700020051, 33.435535999740814], [-112.09997300000255, 33.43518100012702], [-112.0999699996295, 33.4348890001185], [-112.0999489997131, 33.433062000359314], [-112.09992199994893, 33.431974999663794], [-112.09989199981169, 33.43059999974725], [-112.09985300035194, 33.429506999839866], [-112.09984900015398, 33.42939799987287], [-112.0998499999789, 33.429245999752226], [-112.09985300035194, 33.4289329999823], [-112.09985400017688, 33.42875900035983], [-112.0998569996516, 33.42846500025681], [-112.09986000002465, 33.42808600036325], [-112.09983300026047, 33.42704500034601], [-112.09980200029831, 33.42624000018487], [-112.09978999970444, 33.42591700013579], [-112.09978999970444, 33.4258879997151], [-112.09978399985667, 33.42488900012042], [-112.09978499968159, 33.42475400002293], [-112.0997589997423, 33.42385700000814], [-112.09973799982592, 33.42264500016639], [-112.09973100015323, 33.42224000002202], [-112.09970000019108, 33.420290000122144], [-112.0996600000081, 33.4183640002049], [-112.09965599981014, 33.41812500024412], [-112.09963999991663, 33.41737799965824], [-112.09961399997735, 33.41608800034926], [-112.09961200032753, 33.4160440002848], [-112.09964199956643, 33.413338000340886], [-112.09952000026603, 33.41084299977385], [-112.09951500024314, 33.41060999978076], [-112.09951400041824, 33.410508000082665], [-112.09947900025813, 33.41018899979805], [-112.09946300036462, 33.409492000095064], [-112.09944599974787, 33.40880499970657], [-112.09944400009803, 33.40870100020465], [-112.09944400009803, 33.40847600022161], [-112.09944400009803, 33.40781999971733], [-112.09944400009803, 33.40747699976766], [-112.09943200040247, 33.406973999965345], [-112.09942599965638, 33.40673100019668], [-112.09784899998859, 33.406739000113525], [-112.09737199996259, 33.406739000113525], [-112.09667300017878, 33.406737000134335], [-112.09533300033745, 33.406737000134335], [-112.09495400022077, 33.406737000134335], [-112.09051200002408, 33.40673399979066], [-112.08797499955821, 33.40672599987337], [-112.08553599989999, 33.40671700034054], [-112.08514000006487, 33.40671599997577], [-112.08288600035455, 33.406708000056874], [-112.08199099985382, 33.40670899967182], [-112.0819959998767, 33.407277000326246], [-112.0819959998767, 33.407956999847826], [-112.08199500005179, 33.4084430000951], [-112.08199500005179, 33.408945999640046], [-112.08199699970162, 33.40989099998764], [-112.08199900024975, 33.41079700016589], [-112.08200099989958, 33.41171400027275], [-112.08199800042483, 33.41384599994666], [-112.08200400027262, 33.41397700013357], [-112.08211899990035, 33.41647199989729], [-112.08216800030415, 33.41747600007224], [-112.08217699962667, 33.41764699984878], [-112.08220099991613, 33.41815300002571], [-112.08223799972605, 33.41889400009567], [-112.08225000031993, 33.41913700032635], [-112.08230100037355, 33.420177999949125], [-112.0823339999855, 33.4209270000924], [-112.08238800041218, 33.42213899992497], [-112.08240900032858, 33.42364699985184], [-112.08240199975756, 33.42436800004092], [-112.08242100002415, 33.42473899991585], [-112.08242299967395, 33.42583199988362], [-112.08243400044294, 33.42694399984124], [-112.0824539996361, 33.428894000226514], [-112.0824539996361, 33.42920800024277], [-112.0824539996361, 33.4293520003478], [-112.0824539996361, 33.429682000312184], [-112.08245600018425, 33.4301180001814], [-112.08246600022999, 33.43063599996827], [-112.08246799987982, 33.43116200032804], [-112.08246899970472, 33.431260000176735], [-112.08247499955252, 33.43215299987326], [-112.08248499959825, 33.43314300003714], [-112.0825089998877, 33.43500100005309], [-112.08252300013139, 33.43682900023812], [-112.08309700024175, 33.43682200011281], [-112.08360699987969, 33.43679400035546], [-112.08412599973846, 33.43680999989664], [-112.08466600041191, 33.43681099991472], [-112.0847619997731, 33.43681199993279], [-112.08584600041969, 33.43678700022733], [-112.08682999971056, 33.43676699985802], [-112.08688499996215, 33.43676599983943], [-112.0879300002507, 33.436753000346435], [-112.08854700001875, 33.436746000214995], [-112.08909500018984, 33.43674500019616], [-112.08920099959674, 33.43675000029014], [-112.0901689998924, 33.43675400036518], [-112.09075600042154, 33.43675100030892], [-112.09125299964069, 33.43674500019616], [-112.09142500006814, 33.4367420001396], [-112.09265000028175, 33.43674000010183], [-112.09347000043938, 33.43673900008294], [-112.09487700022787, 33.43673700004515], [-112.09564600033191, 33.43674000010183], [-112.09612400018277, 33.43674300015846], [-112.09688200041616, 33.43674000010183], [-112.09714600000679, 33.43673900008294], [-112.09797899968491, 33.43673800006402], [-112.09957700016743, 33.436728999893354], [-112.09999599956878, 33.43673099993138]]]}, "properties": {"geoid": "04013114800", "name": "1148", "value": 5.370520845933581, "coverage": 1.0000000000010951, "n_tiles": 604, "vmin": 3.6558, "vmax": 6.2177, "metric": "recovery_gap_hours", "ok": true, "relief_hours": 0.629, "no_relief": false, "window_hours": 6.0, "population": 3120.0, "over_65": 244.0, "svi": 0.9654, "pct_over_65": 7.8, "pct_poverty": 42.8, "pct_mobile_homes": 2.5, "pct_no_vehicle": 9.0, "quadrant": "over_targeted"}}, {"type": "Feature", "geometry": {"type": "Polygon", "coordinates": [[[-112.08252300013139, 33.43682900023812], [-112.0825089998877, 33.43500100005309], [-112.08248499959825, 33.43314300003714], [-112.08247499955252, 33.43215299987326], [-112.08246899970472, 33.431260000176735], [-112.08246799987982, 33.43116200032804], [-112.08246600022999, 33.43063599996827], [-112.08245600018425, 33.4301180001814], [-112.0824539996361, 33.429682000312184], [-112.0824539996361, 33.4293520003478], [-112.0824539996361, 33.42920800024277], [-112.0824539996361, 33.428894000226514], [-112.08243400044294, 33.42694399984124], [-112.08242299967395, 33.42583199988362], [-112.08242100002415, 33.42473899991585], [-112.08240199975756, 33.42436800004092], [-112.08240900032858, 33.42364699985184], [-112.08238800041218, 33.42213899992497], [-112.0823339999855, 33.4209270000924], [-112.08230100037355, 33.420177999949125], [-112.08225000031993, 33.41913700032635], [-112.08223799972605, 33.41889400009567], [-112.08213200031913, 33.41893299984529], [-112.08188600027185, 33.41900100005891], [-112.08172499971506, 33.41905399987972], [-112.0816080004375, 33.419100000362896], [-112.08141799956839, 33.41918599992945], [-112.08091399977823, 33.419392999722696], [-112.08076499981532, 33.419465999915985], [-112.08058400006534, 33.41956499968986], [-112.08040900016314, 33.41967100011018], [-112.08024099993368, 33.41978399965186], [-112.08020099975072, 33.419788999973235], [-112.07998400001574, 33.41979499975865], [-112.07963900023424, 33.41981400007615], [-112.07938099959306, 33.41983699974455], [-112.07921099971375, 33.41986800036376], [-112.0788769998029, 33.419942999832855], [-112.07883999999298, 33.419959999693525], [-112.07835299992126, 33.42025699998572], [-112.07821900002696, 33.4203499998608], [-112.07809199980535, 33.42044699971306], [-112.07796999960661, 33.42054899973454], [-112.07759100038825, 33.42089299999667], [-112.07745900014378, 33.421025000249806], [-112.07742599963349, 33.42105900029385], [-112.07726199960196, 33.42117600032167], [-112.07713799975339, 33.42127499964532], [-112.0767929999719, 33.421687999832], [-112.07669000003976, 33.421801999938765], [-112.0766239999175, 33.42184899990633], [-112.07627499993805, 33.422061000289226], [-112.07614199986867, 33.422153000294315], [-112.07591599991285, 33.422319999867064], [-112.07490800033254, 33.42214699992205], [-112.0747379995549, 33.42212199974116], [-112.07460899968348, 33.422109000304026], [-112.07447899998714, 33.422100000115854], [-112.07404600034208, 33.4220920001144], [-112.0734830001024, 33.42210599974159], [-112.07330400000225, 33.4221189999289], [-112.07326800001725, 33.42212199974116], [-112.07313999997072, 33.42213899992497], [-112.07288499970258, 33.422181000276495], [-112.0722939998738, 33.42229300011501], [-112.07226100026183, 33.422259999990175], [-112.07219699978941, 33.42220999968626], [-112.07200000014592, 33.42207200010754], [-112.07182500024375, 33.42196500017994], [-112.07167899975556, 33.421889000018204], [-112.07156499995274, 33.42183800005976], [-112.07146899969327, 33.42180099974774], [-112.07144699995197, 33.421784999689024], [-112.07099500004034, 33.42166899992464], [-112.07069799993943, 33.421617999836975], [-112.06941099980153, 33.421477000232585], [-112.0693239997629, 33.4214749998431], [-112.06906500019512, 33.421477999677606], [-112.06885000010998, 33.42150300004395], [-112.06880699955396, 33.421500999655], [-112.06868000023067, 33.42148000006703], [-112.06839300017549, 33.42140000019777], [-112.06830899961159, 33.42138000003151], [-112.06754500042875, 33.42125599964754], [-112.06720099957386, 33.42122500027367], [-112.06657999960784, 33.42107000023911], [-112.06649500011731, 33.42105599969508], [-112.06602200028932, 33.421004999997116], [-112.0656060003627, 33.42090699981719], [-112.06556299980667, 33.42090699981719], [-112.06488400011436, 33.420991999643014], [-112.06489400016008, 33.421290000350915], [-112.06490800040379, 33.42173499986128], [-112.06492699977206, 33.42242000031945], [-112.06493199979494, 33.42257900017175], [-112.06493500016798, 33.42266600022231], [-112.06496399958198, 33.423374000313764], [-112.06498899969633, 33.42394099977846], [-112.06501200016088, 33.42431199997868], [-112.06507300026023, 33.4250079997935], [-112.06507400008515, 33.42502199970017], [-112.06512799961351, 33.42581699996281], [-112.06513600000943, 33.426380000162396], [-112.0651400002074, 33.42671600023686], [-112.06515100007803, 33.42753200035829], [-112.06517399964426, 33.42846099979972], [-112.0651820000402, 33.428826000264394], [-112.06518600023813, 33.428971999720574], [-112.06519499956066, 33.42929799996155], [-112.0651900004361, 33.42951000014654], [-112.06518500041324, 33.42972899976206], [-112.06517000034462, 33.4304220001011], [-112.06514799970499, 33.431341000037], [-112.06512599996368, 33.432252000172966], [-112.06510400022239, 33.4331519998301], [-112.06511900029098, 33.43538099977133], [-112.06512400031386, 33.436059000307985], [-112.06512900033674, 33.436818000040915], [-112.0663520000022, 33.436818000040915], [-112.0673529999098, 33.436819000058904], [-112.06792600019526, 33.436819000058904], [-112.06794299991368, 33.436819000058904], [-112.06869399957607, 33.436818000040915], [-112.06990500044427, 33.43681399996885], [-112.07120099990466, 33.43680999989664], [-112.07245999955515, 33.43680799986044], [-112.0733369996142, 33.43681399996885], [-112.07376400030978, 33.43682200011281], [-112.0740680000834, 33.43682900023812], [-112.07421100019855, 33.43684499977283], [-112.07435199976554, 33.43687400028073], [-112.0744699997663, 33.436909000131116], [-112.07460000036095, 33.436960000230556], [-112.07477100006518, 33.43701599962901], [-112.07492599987589, 33.43705000015651], [-112.0750820004098, 33.437069999710886], [-112.07514199978596, 33.43707399977116], [-112.07619700012025, 33.43707399977116], [-112.07724599970844, 33.437074999786205], [-112.07832899963181, 33.437077999831196], [-112.0794109997303, 33.437082999906046], [-112.08046299969153, 33.43708099987614], [-112.0811289998634, 33.437074999786205], [-112.08125199988704, 33.43706599965043], [-112.08138699960625, 33.43704200003358], [-112.08151399982786, 33.43700700023684], [-112.08170399979865, 33.43694199993427], [-112.08188799992168, 33.436891999841414], [-112.08206899967162, 33.43685800000171], [-112.08226000036565, 33.43683500034512], [-112.08252300013139, 33.43682900023812]]]}, "properties": {"geoid": "04013114900", "name": "1149", "value": 5.53452863062009, "coverage": 1.0000000000006837, "n_tiles": 317, "vmin": 4.7608, "vmax": 6.1926, "metric": "recovery_gap_hours", "ok": true, "relief_hours": 0.465, "no_relief": false, "window_hours": 6.0, "population": 2717.0, "over_65": 713.0, "svi": 0.9688, "pct_over_65": 26.2, "pct_poverty": 59.3, "pct_mobile_homes": 0.0, "pct_no_vehicle": 32.9, "quadrant": "over_targeted"}}, {"type": "Feature", "geometry": {"type": "Polygon", "coordinates": [[[-112.03023299989407, 33.469394999968706], [-112.03022799987119, 33.46774199982566], [-112.03022100019851, 33.467331999773904], [-112.03021899965037, 33.46702200003735], [-112.03021600017561, 33.46578800009771], [-112.02983600023403, 33.465781000061284], [-112.02876199963316, 33.46577699982613], [-112.02808600031388, 33.465774000024346], [-112.02790100036596, 33.46575799983065], [-112.02770899984702, 33.465752000225635], [-112.02663500014447, 33.46575500002817], [-112.02591399972103, 33.465757000146304], [-112.02484099984336, 33.46575900026434], [-112.02375299989714, 33.465757000146304], [-112.02320899992398, 33.465757000146304], [-112.02160299994388, 33.46575599971254], [-112.02049300025632, 33.46575500002817], [-112.01921399961603, 33.465752000225635], [-112.01725100015888, 33.46573899983097], [-112.01633200026703, 33.46573500034327], [-112.01619300034984, 33.46573500034327], [-112.01610899978593, 33.46573500034327], [-112.01709499962494, 33.466516999723865], [-112.01737500000742, 33.466732000150216], [-112.0174710002669, 33.46680599990867], [-112.01818500011933, 33.46736400032659], [-112.01867300001595, 33.46773900009184], [-112.01983100028241, 33.468643000355385], [-112.02153599999674, 33.46996599996636], [-112.02267900019457, 33.47085400022802], [-112.02316700009119, 33.47123200024159], [-112.02369699982061, 33.471651000121945], [-112.02375899974491, 33.471698999678416], [-112.02381800019444, 33.4717500003021], [-112.02474700013205, 33.472482000304375], [-112.02480900005632, 33.47253200011164], [-112.02517599957912, 33.47282499963153], [-112.02547100003024, 33.47305500014354], [-112.02554300000024, 33.47305599974371], [-112.02558700038118, 33.47305599974371], [-112.02591399972103, 33.47305599974371], [-112.02656499982426, 33.47305500014354], [-112.02777599979417, 33.4730490002943], [-112.0280519999787, 33.47304799994477], [-112.02899099996203, 33.47304200009505], [-112.03021600017561, 33.47303600024492], [-112.03022000037357, 33.47167299992199], [-112.03022100019851, 33.471216999927535], [-112.03022799987119, 33.47030500023374], [-112.03023299989407, 33.469394999968706]]]}, "properties": {"geoid": "04013111501", "name": "1115.01", "value": 5.9989041842461885, "coverage": 1.0000000000002638, "n_tiles": 89, "vmin": 5.9978, "vmax": 6.0006, "metric": "recovery_gap_hours", "ok": true, "relief_hours": 0.001, "no_relief": false, "window_hours": 6.0, "population": 2148.0, "over_65": 120.0, "svi": 0.8112, "pct_over_65": 5.6, "pct_poverty": 27.4, "pct_mobile_homes": 7.7, "pct_no_vehicle": 8.3, "quadrant": "confirmed"}}, {"type": "Feature", "geometry": {"type": "Polygon", "coordinates": [[[-112.03021199997767, 33.47394300022325], [-112.03021600017561, 33.47303600024492], [-112.02899099996203, 33.47304200009505], [-112.0280519999787, 33.47304799994477], [-112.02777599979417, 33.4730490002943], [-112.02656499982426, 33.47305500014354], [-112.02591399972103, 33.47305599974371], [-112.02558700038118, 33.47305599974371], [-112.02554300000024, 33.47305599974371], [-112.02547100003024, 33.47305500014354], [-112.02517599957912, 33.47282499963153], [-112.02480900005632, 33.47253200011164], [-112.02474700013205, 33.472482000304375], [-112.02381800019444, 33.4717500003021], [-112.02375899974491, 33.471698999678416], [-112.02369699982061, 33.471651000121945], [-112.02316700009119, 33.47123200024159], [-112.02267900019457, 33.47085400022802], [-112.02153599999674, 33.46996599996636], [-112.01983100028241, 33.468643000355385], [-112.01867300001595, 33.46773900009184], [-112.01818500011933, 33.46736400032659], [-112.0174710002669, 33.46680599990867], [-112.01737500000742, 33.466732000150216], [-112.01709499962494, 33.466516999723865], [-112.01610899978593, 33.46573500034327], [-112.01602199974731, 33.46573300022463], [-112.01580699966216, 33.46573300022463], [-112.01513100034286, 33.46573300022463], [-112.01291799974211, 33.46573199979059], [-112.0129169999172, 33.46719400001845], [-112.01290799969638, 33.46869799988063], [-112.01291000024452, 33.46943600028421], [-112.01291299971925, 33.46964500012881], [-112.01290799969638, 33.470201000237445], [-112.01291000024452, 33.47126600009458], [-112.01291100006942, 33.47219399992341], [-112.01290900041961, 33.47311199981444], [-112.01290699987146, 33.47392300017985], [-112.01290400039674, 33.47495900024993], [-112.01290400039674, 33.475875000186235], [-112.01290799969638, 33.476801000245466], [-112.01290799969638, 33.47772799969479], [-112.01290799969638, 33.47864999978971], [-112.01291000024452, 33.48049099972234], [-112.01310799971291, 33.48049099972234], [-112.01507400044144, 33.480470999691896], [-112.01616499986244, 33.48045900027087], [-112.01723000024246, 33.480445999834714], [-112.01831499981567, 33.48043199988156], [-112.01939500026432, 33.48041799992613], [-112.02047800018771, 33.48040700001312], [-112.02155400043839, 33.480397999878896], [-112.02370799969127, 33.48037199973562], [-112.02448699984103, 33.48036399986288], [-112.02584699977386, 33.48035100016175], [-112.02693800009317, 33.48034000024018], [-112.0279740001609, 33.48032999983352], [-112.02909399989419, 33.480317000127286], [-112.03017599999265, 33.480309000249484], [-112.03018000019061, 33.47939799987054], [-112.03019299971109, 33.477550000103584], [-112.03019600008415, 33.47729899997012], [-112.03019699990905, 33.477218000318175], [-112.03019799973394, 33.47714800016946], [-112.03019899955886, 33.477074999804216], [-112.0302000002821, 33.47666999974006], [-112.03020199993193, 33.475762000264574], [-112.03020500030496, 33.47520999966923], [-112.03020500030496, 33.47518200031635], [-112.03020699995479, 33.47485400026517], [-112.03021199997767, 33.47394300022325]]]}, "properties": {"geoid": "04013111502", "name": "1115.02", "value": 6.0, "coverage": 1.0000000000004583, "n_tiles": 230, "vmin": 5.9981, "vmax": 6.0021, "metric": "recovery_gap_hours", "ok": true, "relief_hours": 0.0, "no_relief": true, "window_hours": 6.0, "population": 6440.0, "over_65": 528.0, "svi": 0.9486, "pct_over_65": 8.2, "pct_poverty": 34.5, "pct_mobile_homes": 7.0, "pct_no_vehicle": 8.6, "quadrant": "confirmed"}}, {"type": "Feature", "geometry": {"type": "Polygon", "coordinates": [[[-112.03848799992552, 33.46994799977585], [-112.03847399968181, 33.46959999985348], [-112.03845500031355, 33.46937100030504], [-112.03845299976541, 33.46935799970389], [-112.03841400030566, 33.46910699981949], [-112.03828899973388, 33.4685190000715], [-112.03827799986323, 33.4684710002524], [-112.03818599980173, 33.46799999977415], [-112.03806299977809, 33.46742500015313], [-112.03800300040196, 33.46708300010454], [-112.03798499996027, 33.466908999811636], [-112.03798599978518, 33.465909999677976], [-112.0379869996101, 33.46580099973562], [-112.03770299992799, 33.465814000120915], [-112.037486000193, 33.46582100015468], [-112.03699400009839, 33.465816999921365], [-112.0367339998074, 33.46581499980462], [-112.03577100043293, 33.46579099989905], [-112.03571600018134, 33.465786999664296], [-112.0356070004014, 33.46577699982613], [-112.03555899982253, 33.46577800025964], [-112.03462900006001, 33.465762999750986], [-112.03412400044495, 33.465769999788805], [-112.03360200021312, 33.465769999788805], [-112.03196500027087, 33.4657719999066], [-112.03070499989717, 33.46577800025964], [-112.03021600017561, 33.46578800009771], [-112.03021899965037, 33.46702200003735], [-112.03022100019851, 33.467331999773904], [-112.03022799987119, 33.46774199982566], [-112.03023299989407, 33.469394999968706], [-112.03022799987119, 33.47030500023374], [-112.03022100019851, 33.471216999927535], [-112.03022000037357, 33.47167299992199], [-112.03021600017561, 33.47303600024492], [-112.03021199997767, 33.47394300022325], [-112.03020699995479, 33.47485400026517], [-112.03020500030496, 33.47518200031635], [-112.03020500030496, 33.47520999966923], [-112.03020199993193, 33.475762000264574], [-112.0302000002821, 33.47666999974006], [-112.03019899955886, 33.477074999804216], [-112.03019799973394, 33.47714800016946], [-112.03019699990905, 33.477218000318175], [-112.03019600008415, 33.47729899997012], [-112.03019299971109, 33.477550000103584], [-112.03018000019061, 33.47939799987054], [-112.03017599999265, 33.480309000249484], [-112.03116000018183, 33.48030600020141], [-112.03379499965865, 33.48028900017701], [-112.03386300032903, 33.48028900017701], [-112.03392799972805, 33.48028900017701], [-112.03404900010187, 33.48028799991108], [-112.03454000037154, 33.4802860001283], [-112.03512399962932, 33.48028300007949], [-112.03551799981464, 33.4802929997423], [-112.03672299993676, 33.4803140000795], [-112.03686600005187, 33.48031799964369], [-112.03708399961177, 33.480323999738786], [-112.03717599967327, 33.480326000269955], [-112.03734200025293, 33.480331000098985], [-112.03755800016302, 33.48032500000437], [-112.03801300044766, 33.480311000031655], [-112.03805399955725, 33.48030999976591], [-112.03831800004622, 33.480307999983715], [-112.0383039998025, 33.48023300024936], [-112.03829399975676, 33.480174999750965], [-112.03825000027413, 33.47990600010953], [-112.03823000018265, 33.47978800034028], [-112.03819599984747, 33.47950099979253], [-112.03816800025838, 33.479138999860304], [-112.03814599961875, 33.478656000000335], [-112.03814499979383, 33.47840500007405], [-112.0381620004106, 33.47808400002804], [-112.03817300028125, 33.47796999969746], [-112.03820599989321, 33.47763999986683], [-112.03829899977964, 33.47669399963007], [-112.03835400003122, 33.476134999778], [-112.0383809997954, 33.47575500028444], [-112.03840500008485, 33.475416000357015], [-112.03843900042003, 33.47472200023229], [-112.0384579997883, 33.47417899978715], [-112.03846100016133, 33.47394300022325], [-112.03847000038218, 33.47316999979599], [-112.038472000032, 33.47308399978357], [-112.0384729998569, 33.47301400004161], [-112.03847899970467, 33.47203900027192], [-112.03848499955247, 33.471153999779105], [-112.03848499955247, 33.47112500024249], [-112.03847000038218, 33.47026699997575], [-112.03847000038218, 33.47024400018622], [-112.03848799992552, 33.46994799977585]]]}, "properties": {"geoid": "04013111601", "name": "1116.01", "value": 6.0, "coverage": 1.0000000000004459, "n_tiles": 153, "vmin": 5.9923, "vmax": 6.0076, "metric": "recovery_gap_hours", "ok": true, "relief_hours": 0.0, "no_relief": true, "window_hours": 6.0, "population": 3376.0, "over_65": 220.0, "svi": 0.8915, "pct_over_65": 6.5, "pct_poverty": 44.8, "pct_mobile_homes": 12.2, "pct_no_vehicle": 5.7, "quadrant": "confirmed"}}, {"type": "Feature", "geometry": {"type": "Polygon", "coordinates": [[[-112.04768199994031, 33.46667900022362], [-112.04769100016115, 33.4657380001464], [-112.0471689999293, 33.465729999671936], [-112.04630699993889, 33.4657380001464], [-112.04550199984985, 33.465757000146304], [-112.04527000004626, 33.46575900026434], [-112.04424400002428, 33.46575500002817], [-112.04333699982799, 33.46575900026434], [-112.04258899964036, 33.46576099963299], [-112.04155500012078, 33.46575799983065], [-112.04115699973752, 33.46576400018461], [-112.04102299984322, 33.465766000302544], [-112.04042100014377, 33.46577699982613], [-112.03995499998845, 33.46578800009771], [-112.03966399973532, 33.46579500013356], [-112.03939699977163, 33.46579500013356], [-112.03924600015888, 33.46579500013356], [-112.03903100007373, 33.46579399970023], [-112.03891200024805, 33.46579399970023], [-112.03850299999414, 33.46579399970023], [-112.03836200042714, 33.46579500013356], [-112.03819300037274, 33.46579500013356], [-112.03810799998392, 33.465797000250724], [-112.03807500037196, 33.465797999934615], [-112.0379869996101, 33.46580099973562], [-112.03798599978518, 33.465909999677976], [-112.03798499996027, 33.466908999811636], [-112.03800300040196, 33.46708300010454], [-112.03806299977809, 33.46742500015313], [-112.03818599980173, 33.46799999977415], [-112.03827799986323, 33.4684710002524], [-112.03828899973388, 33.4685190000715], [-112.03841400030566, 33.46910699981949], [-112.03845299976541, 33.46935799970389], [-112.03845500031355, 33.46937100030504], [-112.03847399968181, 33.46959999985348], [-112.03848799992552, 33.46994799977585], [-112.03847000038218, 33.47024400018622], [-112.03847000038218, 33.47026699997575], [-112.03848499955247, 33.47112500024249], [-112.03848499955247, 33.471153999779105], [-112.03847899970467, 33.47203900027192], [-112.0384729998569, 33.47301400004161], [-112.038472000032, 33.47308399978357], [-112.03847000038218, 33.47316999979599], [-112.03846100016133, 33.47394300022325], [-112.0384579997883, 33.47417899978715], [-112.03843900042003, 33.47472200023229], [-112.03840500008485, 33.475416000357015], [-112.0383809997954, 33.47575500028444], [-112.03835400003122, 33.476134999778], [-112.03829899977964, 33.47669399963007], [-112.03820599989321, 33.47763999986683], [-112.03817300028125, 33.47796999969746], [-112.0381620004106, 33.47808400002804], [-112.03814499979383, 33.47840500007405], [-112.03814599961875, 33.478656000000335], [-112.03816800025838, 33.479138999860304], [-112.03819599984747, 33.47950099979253], [-112.03823000018265, 33.47978800034028], [-112.03825000027413, 33.47990600010953], [-112.03829399975676, 33.480174999750965], [-112.0383039998025, 33.48023300024936], [-112.03831800004622, 33.480307999983715], [-112.03844100006985, 33.480306999717925], [-112.03848200007774, 33.480306999717925], [-112.03856400009349, 33.480306999717925], [-112.0388389995548, 33.480306999717925], [-112.03889800000435, 33.48030600020141], [-112.03921099999877, 33.480304999935655], [-112.0396260001005, 33.48028799991108], [-112.0397390000784, 33.48028300007949], [-112.0405149998551, 33.48028300007949], [-112.04098100001043, 33.48027000036622], [-112.04138600006638, 33.480259999951414], [-112.04205999973584, 33.48025099980191], [-112.04221600026979, 33.48024799975189], [-112.04290699965767, 33.4802399998677], [-112.04375699995255, 33.480231999982706], [-112.0443720000708, 33.48022899993204], [-112.04470500015672, 33.48022599988125], [-112.04679099963755, 33.480213999677], [-112.04763500008465, 33.48021000010801], [-112.04763799955938, 33.479280999686985], [-112.04764299958224, 33.478392000078955], [-112.04764699978021, 33.477510999727585], [-112.04764799960512, 33.47661600033772], [-112.04765099997817, 33.475708999865894], [-112.047652999628, 33.47479500033207], [-112.04765500017614, 33.47388399966983], [-112.04765099997817, 33.4729520000516], [-112.04765099997817, 33.47291200025211], [-112.04765799965087, 33.47256899977065], [-112.04766100002391, 33.472112999995105], [-112.04766299967373, 33.4711790000695], [-112.04766400039696, 33.46937399998237], [-112.04766500022188, 33.46847600001623], [-112.04766500022188, 33.468198999776206], [-112.0476750002676, 33.46757799973793], [-112.04768199994031, 33.46667900022362]]]}, "properties": {"geoid": "04013111602", "name": "1116.02", "value": 6.0, "coverage": 1.0000000000002955, "n_tiles": 164, "vmin": 5.9774, "vmax": 6.0189, "metric": "recovery_gap_hours", "ok": true, "relief_hours": 0.0, "no_relief": true, "window_hours": 6.0, "population": 4646.0, "over_65": 157.0, "svi": 0.8736, "pct_over_65": 3.4, "pct_poverty": 38.7, "pct_mobile_homes": 1.1, "pct_no_vehicle": 11.9, "quadrant": "confirmed"}}, {"type": "Feature", "geometry": {"type": "Polygon", "coordinates": [[[-112.06511199971997, 33.46935200034806], [-112.06511699974286, 33.46821799998595], [-112.06509500000153, 33.46752599999262], [-112.0650849999558, 33.46714600021491], [-112.06507300026023, 33.4659359996646], [-112.06508400013088, 33.465709999981215], [-112.06236000006729, 33.46571299978526], [-112.06201399956257, 33.46571600033855], [-112.0613170003269, 33.465719000142336], [-112.06075300026227, 33.46571600033855], [-112.05965799974501, 33.46571099966611], [-112.05853999966153, 33.46571400021947], [-112.05744900024054, 33.465719000142336], [-112.05633600017994, 33.465721000261304], [-112.05602800020836, 33.465724999749696], [-112.0551369999056, 33.46572400006497], [-112.05424099957996, 33.46573600002783], [-112.05276299964638, 33.465750000107384], [-112.0520310002506, 33.46575299990998], [-112.05044399963873, 33.465757000146304], [-112.0498360000915, 33.46574899967352], [-112.04842900030303, 33.46573300022463], [-112.0481160003086, 33.46573500034327], [-112.04776700032912, 33.46573899983097], [-112.04769100016115, 33.4657380001464], [-112.04768199994031, 33.46667900022362], [-112.0476750002676, 33.46757799973793], [-112.04766500022188, 33.468198999776206], [-112.04766500022188, 33.46847600001623], [-112.04766400039696, 33.46937399998237], [-112.04766299967373, 33.4711790000695], [-112.04766100002391, 33.472112999995105], [-112.04765799965087, 33.47256899977065], [-112.04765099997817, 33.47291200025211], [-112.04765099997817, 33.4729520000516], [-112.04765500017614, 33.47388399966983], [-112.047652999628, 33.47479500033207], [-112.04765099997817, 33.475708999865894], [-112.04764799960512, 33.47661600033772], [-112.04764699978021, 33.477510999727585], [-112.04764299958224, 33.478392000078955], [-112.04763799955938, 33.479280999686985], [-112.04763500008465, 33.48021000010801], [-112.049848999612, 33.48021300015942], [-112.05104399968836, 33.4802149999438], [-112.0519890004178, 33.4802149999438], [-112.05321000043342, 33.48021300015942], [-112.05530000011223, 33.48021300015942], [-112.05634500040077, 33.48021300015942], [-112.05717800007889, 33.48021199989253], [-112.05912499964255, 33.48021000010801], [-112.05961900028528, 33.48021300015942], [-112.06064000028437, 33.48020599978962], [-112.0639579996515, 33.48020400000502], [-112.0641340002769, 33.48020400000502], [-112.06491000005363, 33.48020400000502], [-112.06507300026023, 33.48020700005657], [-112.06507200043531, 33.47954799997082], [-112.06507599973497, 33.47939900014682], [-112.06507499991005, 33.47904999968669], [-112.06508800032884, 33.47796400018862], [-112.0650909998036, 33.476611999853375], [-112.06508999997868, 33.47479999973104], [-112.06510300039747, 33.47300400028794], [-112.06510400022239, 33.47247100013306], [-112.06510500004728, 33.47129700032361], [-112.06510900024524, 33.47114799979826], [-112.06511199971997, 33.46935200034806]]]}, "properties": {"geoid": "04013111700", "name": "1117", "value": 6.0, "coverage": 1.000000000000337, "n_tiles": 296, "vmin": 5.9572, "vmax": 6.1351, "metric": "recovery_gap_hours", "ok": true, "relief_hours": 0.0, "no_relief": true, "window_hours": 6.0, "population": 5554.0, "over_65": 598.0, "svi": 0.5462, "pct_over_65": 10.8, "pct_poverty": 14.6, "pct_mobile_homes": 0.5, "pct_no_vehicle": 5.3, "quadrant": "blind_spot"}}, {"type": "Feature", "geometry": {"type": "Polygon", "coordinates": [[[-112.11752300033115, 33.45108899978159], [-112.11752499998096, 33.4502460000179], [-112.11751599976013, 33.449125999833235], [-112.11751599976013, 33.44818600025327], [-112.11751800030828, 33.44727099991993], [-112.11751599976013, 33.44630300003785], [-112.1175140001103, 33.44543500001711], [-112.11751099973726, 33.444419000240956], [-112.11750200041473, 33.44395599975577], [-112.11747800012529, 33.442694999688065], [-112.11746100040686, 33.442152000263576], [-112.11743299991946, 33.44125100028433], [-112.1173869998887, 33.44017599997321], [-112.11733300036035, 33.43835599983738], [-112.11729599965211, 33.436812999950845], [-112.11663600022634, 33.43681099991472], [-112.11571499978635, 33.43679400035546], [-112.1153010004079, 33.436790000282286], [-112.11431600039379, 33.43679400035546], [-112.11298599969989, 33.436791000300595], [-112.11081599965516, 33.43677600002475], [-112.10864200031078, 33.43677099993226], [-112.10824099955448, 33.43676799987661], [-112.10807400004822, 33.43676299978366], [-112.10807499987312, 33.43720700017035], [-112.10808499991887, 33.44131199974292], [-112.1080940001397, 33.44391300026039], [-112.1080940001397, 33.443977999838], [-112.10809499996462, 33.44405699995091], [-112.10809599978954, 33.44412799977282], [-112.10809499996462, 33.44456000005488], [-112.10808999994175, 33.446964000110384], [-112.10809499996462, 33.4472600002971], [-112.1081080003834, 33.447513000263775], [-112.1081229995537, 33.44894799996431], [-112.10812099990389, 33.449160000111945], [-112.10811099985814, 33.450163999952984], [-112.1080809997209, 33.45089899967795], [-112.1080790000711, 33.45105799982071], [-112.10807599969804, 33.451204999947926], [-112.10826499984393, 33.451208000253885], [-112.10856600014282, 33.45120999995806], [-112.10877399965696, 33.451208000253885], [-112.10935799981306, 33.45120300024359], [-112.10961899992897, 33.451209000105955], [-112.11099099955734, 33.45119400007449], [-112.11163300033807, 33.45118599975688], [-112.11315399992937, 33.45115399997794], [-112.11462500019027, 33.451127000202085], [-112.11533499984475, 33.45111300000966], [-112.11604500039755, 33.45109799996159], [-112.11615199962937, 33.45108999963508], [-112.11658199979965, 33.45107399972937], [-112.11690200036513, 33.45107100016831], [-112.11752300033115, 33.45108899978159]]]}, "properties": {"geoid": "04013114401", "name": "1144.01", "value": 4.166426236070907, "coverage": 1.0000000000005196, "n_tiles": 170, "vmin": 3.7797, "vmax": 5.039, "metric": "recovery_gap_hours", "ok": true, "relief_hours": 1.834, "no_relief": false, "window_hours": 6.0, "population": 1687.0, "over_65": 93.0, "svi": 0.8441, "pct_over_65": 5.5, "pct_poverty": 47.9, "pct_mobile_homes": 6.8, "pct_no_vehicle": 5.9, "quadrant": "over_targeted"}}, {"type": "Feature", "geometry": {"type": "Polygon", "coordinates": [[[-112.01297800001657, 33.495234999766694], [-112.0129720001688, 33.49340200024484], [-112.01296799997083, 33.49296999987752], [-112.01296100029813, 33.49196399964126], [-112.01296100029813, 33.49190799977021], [-112.01295899975, 33.491559999652836], [-112.01295499955205, 33.4906369997279], [-112.01295399972713, 33.49058099974786], [-112.01295299990221, 33.490338999765555], [-112.01294200003156, 33.48912000022139], [-112.01293899965852, 33.48870600026112], [-112.01293500035888, 33.48788699975375], [-112.01293199998582, 33.48693500014946], [-112.01292699996297, 33.48603999997637], [-112.01292399958989, 33.48511699965711], [-112.01292199994008, 33.48418899963553], [-112.01291799974211, 33.48321000031878], [-112.01291500026738, 33.482344999645306], [-112.01291000024452, 33.48049099972234], [-112.01213199991966, 33.48049300024958], [-112.01127400012717, 33.480490000207936], [-112.01037100012886, 33.480484999638755], [-112.00946899995543, 33.48047999981854], [-112.00864799997288, 33.48047699977645], [-112.00746299994222, 33.48046899991341], [-112.00636300030042, 33.48046599987088], [-112.0052569999125, 33.480462999828305], [-112.00419699955535, 33.48045800000683], [-112.00419900010347, 33.480652000061156], [-112.0041930002557, 33.48087100017204], [-112.00419599973043, 33.4823070001721], [-112.00419499990551, 33.48413899981233], [-112.00419599973043, 33.48488699969851], [-112.00419900010347, 33.48561800014018], [-112.00420099975331, 33.48581599993586], [-112.00419499990551, 33.48628300018131], [-112.00419900010347, 33.48684800012497], [-112.0041930002557, 33.487770999977805], [-112.00419400008059, 33.48783100024303], [-112.00419400008059, 33.48884900030467], [-112.00420099975331, 33.489347999853834], [-112.0041930002557, 33.4899549997803], [-112.00420300030144, 33.49094100027186], [-112.00420499995126, 33.49119299997298], [-112.00420199957821, 33.49150400026971], [-112.00419699955535, 33.49192599989325], [-112.00418800023282, 33.49230299998693], [-112.00418999988266, 33.492742000042526], [-112.00419099970755, 33.4928720000943], [-112.00417499981403, 33.49342299965109], [-112.004179000012, 33.49355300017874], [-112.00418300020996, 33.49368499998461], [-112.0041799998369, 33.494179999711875], [-112.00418499985977, 33.49437399974571], [-112.00419200043079, 33.49462900024495], [-112.0041930002557, 33.495060999826315], [-112.00420099975331, 33.49518099995177], [-112.00517700044487, 33.495185000327666], [-112.00690899992335, 33.495199000143536], [-112.00858299967553, 33.49520999967622], [-112.01024300008234, 33.49522300014367], [-112.01201999976668, 33.495233999673296], [-112.01220800008764, 33.495234999766694], [-112.01297800001657, 33.495234999766694]]]}, "properties": {"geoid": "04013110901", "name": "1109.01", "value": 5.99968661660519, "coverage": 1.000000000000826, "n_tiles": 153, "vmin": 5.9957, "vmax": 6.0027, "metric": "recovery_gap_hours", "ok": true, "relief_hours": 0.0, "no_relief": false, "window_hours": 6.0, "population": 3528.0, "over_65": 510.0, "svi": 0.7009, "pct_over_65": 14.5, "pct_poverty": 19.4, "pct_mobile_homes": 0.0, "pct_no_vehicle": 23.5, "quadrant": "blind_spot"}}, {"type": "Feature", "geometry": {"type": "Polygon", "coordinates": [[[-112.11297800020228, 33.484819000180075], [-112.11300699961627, 33.48057600036201], [-112.11261199960607, 33.48058400021517], [-112.11138700029079, 33.48061800014483], [-112.11065599982159, 33.48063800014128], [-112.11056399976009, 33.480641000177854], [-112.10846099966253, 33.48069600032975], [-112.10841399980684, 33.48069699984177], [-112.1083600002785, 33.480699000364254], [-112.10804399991099, 33.48070499968376], [-112.10633499999871, 33.48068299992917], [-112.10580500026929, 33.480676999858886], [-112.10478000007222, 33.4806690000143], [-112.10430999971895, 33.48066299994305], [-112.1037630002711, 33.48065899964563], [-112.10134100033129, 33.480627999769034], [-112.1001389996839, 33.480619999919924], [-112.09996899980459, 33.480613999845275], [-112.09995999958376, 33.48174700032382], [-112.09994600023838, 33.48213399997389], [-112.09993799984245, 33.484182999808155], [-112.09993600019261, 33.484749000179406], [-112.09993199999468, 33.48575999983521], [-112.09992899962162, 33.48667200017837], [-112.0999279997967, 33.48676399983749], [-112.09992299977384, 33.487827999706326], [-112.09991899957589, 33.488730999981854], [-112.09991500027624, 33.48957000018093], [-112.09991500027624, 33.48963499999015], [-112.09991000025336, 33.490502000075665], [-112.0999060000554, 33.49137999974087], [-112.09990199985744, 33.49231299976045], [-112.09990100003255, 33.49244600008393], [-112.09989699983457, 33.49322600013337], [-112.09989299963661, 33.4940450003393], [-112.09989799965946, 33.49505000027469], [-112.10204500013799, 33.49505299981202], [-112.10214600042032, 33.49505299981202], [-112.10630200038676, 33.49505800028926], [-112.10682999956805, 33.4950599997309], [-112.10692800037565, 33.4950599997309], [-112.10702100026208, 33.4950599997309], [-112.1070530000491, 33.4950599997309], [-112.10833400033923, 33.4950599997309], [-112.108480999754, 33.4950599997309], [-112.10968800042426, 33.49505800028926], [-112.1099520000149, 33.49505299981202], [-112.11044300028458, 33.49503599968559], [-112.11078899989099, 33.495024000034974], [-112.11115299993907, 33.49502199984336], [-112.11150500029154, 33.4950209997475], [-112.1116769998207, 33.49501900030496], [-112.11184900024816, 33.49501900030496], [-112.11257700034427, 33.49501600001732], [-112.11290399968412, 33.49501499992141], [-112.11292899979848, 33.49131700002041], [-112.11293800001931, 33.49014300012633], [-112.11293800001931, 33.4900940001472], [-112.11293800001931, 33.4900519997149], [-112.11294600041523, 33.48892599965401], [-112.11295499973775, 33.48780200029483], [-112.11295499973775, 33.48774400036935], [-112.11297800020228, 33.484819000180075]]]}, "properties": {"geoid": "04013117000", "name": "1170", "value": 4.995795417388491, "coverage": 1.000000000000807, "n_tiles": 221, "vmin": 4.9702, "vmax": 5.0266, "metric": "recovery_gap_hours", "ok": true, "relief_hours": 1.004, "no_relief": false, "window_hours": 6.0, "population": 7015.0, "over_65": 776.0, "svi": 0.9677, "pct_over_65": 11.1, "pct_poverty": 33.8, "pct_mobile_homes": 7.4, "pct_no_vehicle": 19.7, "quadrant": "over_targeted"}}, {"type": "Feature", "geometry": {"type": "Polygon", "coordinates": [[[-112.03890499967703, 33.495376000081805], [-112.03889999965416, 33.49478299983308], [-112.03860400027646, 33.49478500003026], [-112.03690500040993, 33.49477699999047], [-112.03672100028692, 33.49478299983308], [-112.03607400038165, 33.49479899991082], [-112.03453100015072, 33.494811999690825], [-112.03236699995377, 33.49482999995932], [-112.03099899962504, 33.49483900009218], [-112.03019500025923, 33.4948499996706], [-112.03019600008415, 33.49579199979039], [-112.03019899955886, 33.49665999973291], [-112.03019799973394, 33.49753400036342], [-112.0302000002821, 33.49843499969051], [-112.03020299975682, 33.499169999823934], [-112.03020699995479, 33.500731999897056], [-112.03021000032784, 33.502074000364814], [-112.03020899960461, 33.5034100002577], [-112.0302079997797, 33.50383900023377], [-112.0302079997797, 33.50389199989813], [-112.03020699995479, 33.504782999883794], [-112.03020699995479, 33.50488600032555], [-112.03021700000053, 33.50570500033389], [-112.03022799987119, 33.506504000071935], [-112.03023399971896, 33.50684099974178], [-112.03023299989407, 33.507589999713915], [-112.03023299989407, 33.50764100017731], [-112.03023200006916, 33.50786899972252], [-112.03020299975682, 33.50861599990806], [-112.03020699995479, 33.50932699989765], [-112.03123299997677, 33.50931000032737], [-112.03179399966834, 33.509306999786084], [-112.0326160003741, 33.50928699966983], [-112.03319100030939, 33.50928699966983], [-112.03451899955684, 33.509290000211884], [-112.03568299967107, 33.509290000211884], [-112.03668600012682, 33.5092820000146], [-112.0369029998618, 33.50928100008349], [-112.03801099989953, 33.50926099996128], [-112.03886200001934, 33.50924999996702], [-112.03884600012579, 33.508680999649286], [-112.0388589996463, 33.50737099976168], [-112.03887100024015, 33.506531999785544], [-112.0388739997149, 33.50585399984058], [-112.03886000036951, 33.505661000038394], [-112.03885100014867, 33.5052320001048], [-112.0388589996463, 33.50491299983204], [-112.03886299984424, 33.50472500009746], [-112.03887200006508, 33.50419900031191], [-112.03887500043813, 33.503482000150754], [-112.03887500043813, 33.503290000302904], [-112.03887500043813, 33.50267000013312], [-112.03888100028591, 33.50201200020101], [-112.03888499958555, 33.500857999823516], [-112.03888499958555, 33.50020000034969], [-112.03888999960843, 33.498386999966144], [-112.03889600035451, 33.49663900036261], [-112.03890499967703, 33.495376000081805]]]}, "properties": {"geoid": "04013108502", "name": "1085.02", "value": 6.0, "coverage": 1.0000000000007703, "n_tiles": 153, "vmin": 5.9529, "vmax": 6.2324, "metric": "recovery_gap_hours", "ok": true, "relief_hours": 0.0, "no_relief": true, "window_hours": 6.0, "population": 3376.0, "over_65": 355.0, "svi": 0.1351, "pct_over_65": 10.5, "pct_poverty": 10.8, "pct_mobile_homes": 0.0, "pct_no_vehicle": 2.7, "quadrant": "blind_spot"}}, {"type": "Feature", "geometry": {"type": "Polygon", "coordinates": [[[-112.1170570001758, 33.496378000058655], [-112.11706600039665, 33.49496500035532], [-112.11555199957972, 33.4949800003031], [-112.11517199963814, 33.49500400036395], [-112.11343500013676, 33.49501299972952], [-112.1130920000051, 33.49501299972952], [-112.11299800029376, 33.49501299972952], [-112.11290399968412, 33.49501499992141], [-112.1128660000493, 33.497942999756], [-112.11286400039947, 33.49810000037232], [-112.11286000020151, 33.498249000235816], [-112.11285099998067, 33.498593000218214], [-112.11284000011003, 33.49908500020404], [-112.11281599982058, 33.500220000318606], [-112.11280599977482, 33.500473000013265], [-112.11279099970622, 33.50083900003066], [-112.11274600039869, 33.501599999748464], [-112.11270799986553, 33.502215000028315], [-112.11259400006271, 33.50404300026214], [-112.1125430000091, 33.504946999947606], [-112.11253200013844, 33.50513000005389], [-112.1125220000927, 33.50531399975014], [-112.11249100013056, 33.50587000011918], [-112.11245699979538, 33.506737000168165], [-112.11231600022838, 33.50883900019962], [-112.11229100011403, 33.50941800027212], [-112.11228799974096, 33.50950300023085], [-112.11238700037349, 33.509501000373795], [-112.11248500028276, 33.509501000373795], [-112.11286699987419, 33.50949699991047], [-112.11291600027799, 33.50949699991047], [-112.11401099989695, 33.50948699987494], [-112.11483400042765, 33.50948000037364], [-112.11698699985561, 33.509459000368395], [-112.11699299970341, 33.50855000017844], [-112.11699799972628, 33.50765099967719], [-112.11699899955119, 33.5073819999948], [-112.11699899955119, 33.50726100034949], [-112.11700000027442, 33.50711899996195], [-112.11700299974915, 33.50672000008911], [-112.11700299974915, 33.50666200010277], [-112.1170060001222, 33.50605099983508], [-112.1170060001222, 33.50602199999715], [-112.1170069999471, 33.50591600024844], [-112.11700899959692, 33.505367000009386], [-112.11701299979488, 33.50443199987218], [-112.1170139996198, 33.50401099977542], [-112.11701799981775, 33.50289300001573], [-112.11702100019079, 33.502192999745326], [-112.11702799986351, 33.50077399964325], [-112.11702899968842, 33.50039699972973], [-112.11703899973415, 33.498572999873396], [-112.11705499962768, 33.49650599973773], [-112.1170570001758, 33.496378000058655]]]}, "properties": {"geoid": "04013109001", "name": "1090.01", "value": 4.486976880253638, "coverage": 1.0000000000013578, "n_tiles": 92, "vmin": 3.8079, "vmax": 5.1294, "metric": "recovery_gap_hours", "ok": true, "relief_hours": 1.513, "no_relief": false, "window_hours": 6.0, "population": 5037.0, "over_65": 136.0, "svi": 0.9879, "pct_over_65": 2.7, "pct_poverty": 50.6, "pct_mobile_homes": 1.2, "pct_no_vehicle": 25.0, "quadrant": "over_targeted"}}, {"type": "Feature", "geometry": {"type": "Polygon", "coordinates": [[[-112.11259400006271, 33.50404300026214], [-112.11270799986553, 33.502215000028315], [-112.11255499970467, 33.50222000009183], [-112.10842100037786, 33.502250999730265], [-112.10731699963976, 33.502262999877274], [-112.10625399980786, 33.50227600003467], [-112.10535300035768, 33.50228700016634], [-112.10526499959582, 33.50228800017821], [-112.10412099957306, 33.50230100033184], [-112.1037499998523, 33.50229700028482], [-112.10353999979002, 33.502307999664694], [-112.10335099964412, 33.50233299995268], [-112.10281699971675, 33.50243400029334], [-112.1025320002097, 33.50247399994331], [-112.1022640004211, 33.50249400013589], [-112.10207500027522, 33.502499000183285], [-112.10178499984698, 33.50249600015488], [-112.10159900007416, 33.502487000069], [-112.10150399963958, 33.502480000001555], [-112.10124500007183, 33.502450999716125], [-112.10104500005528, 33.50242200017006], [-112.10068500020516, 33.50235600021116], [-112.10047099994492, 33.50232799989564], [-112.10024699963896, 33.50231199971125], [-112.09989099998678, 33.502296000273006], [-112.09988599996392, 33.504129000247524], [-112.09988699978884, 33.504514000275485], [-112.09988799961376, 33.50532800017513], [-112.09988900033696, 33.505904999828914], [-112.09988799961376, 33.50598900027299], [-112.0998840003141, 33.50687000005437], [-112.09988000011612, 33.50776499988623], [-112.09986800042057, 33.509457999690305], [-112.0998709998953, 33.50962499966452], [-112.1024329995772, 33.509590999888744], [-112.10418199967243, 33.509574000370336], [-112.1062970003639, 33.50955700009962], [-112.10843300007343, 33.50953799996935], [-112.11004900009927, 33.50952300029713], [-112.11048400029244, 33.50951899983487], [-112.11190600014953, 33.509506000016394], [-112.1119239996929, 33.50950500008793], [-112.11228799974096, 33.50950300023085], [-112.11229100011403, 33.50941800027212], [-112.11231600022838, 33.50883900019962], [-112.11245699979538, 33.506737000168165], [-112.11249100013056, 33.50587000011918], [-112.1125220000927, 33.50531399975014], [-112.11253200013844, 33.50513000005389], [-112.1125430000091, 33.504946999947606], [-112.11259400006271, 33.50404300026214]]]}, "properties": {"geoid": "04013109002", "name": "1090.02", "value": 4.354917063082552, "coverage": 1.0000000000014209, "n_tiles": 111, "vmin": 3.8286, "vmax": 5.0484, "metric": "recovery_gap_hours", "ok": true, "relief_hours": 1.645, "no_relief": false, "window_hours": 6.0, "population": 3948.0, "over_65": 171.0, "svi": 0.9532, "pct_over_65": 4.3, "pct_poverty": 46.8, "pct_mobile_homes": 0.0, "pct_no_vehicle": 13.5, "quadrant": "over_targeted"}}, {"type": "Feature", "geometry": {"type": "Polygon", "coordinates": [[[-112.1128660000493, 33.497942999756], [-112.11290399968412, 33.49501499992141], [-112.11257700034427, 33.49501600001732], [-112.11184900024816, 33.49501900030496], [-112.1116769998207, 33.49501900030496], [-112.11150500029154, 33.4950209997475], [-112.11115299993907, 33.49502199984336], [-112.11078899989099, 33.495024000034974], [-112.11044300028458, 33.49503599968559], [-112.1099520000149, 33.49505299981202], [-112.10968800042426, 33.49505800028926], [-112.108480999754, 33.4950599997309], [-112.10833400033923, 33.4950599997309], [-112.1070530000491, 33.4950599997309], [-112.10702100026208, 33.4950599997309], [-112.10692800037565, 33.4950599997309], [-112.10682999956805, 33.4950599997309], [-112.10630200038676, 33.49505800028926], [-112.10214600042032, 33.49505299981202], [-112.10204500013799, 33.49505299981202], [-112.09989799965946, 33.49505000027469], [-112.09989699983457, 33.497835999788364], [-112.09989699983457, 33.4982460000601], [-112.09989600000966, 33.49927000006304], [-112.09989600000966, 33.49939799996083], [-112.09989600000966, 33.4994639999278], [-112.09989600000966, 33.499505000245165], [-112.09989600000966, 33.49952999984449], [-112.09989500018474, 33.50050799965821], [-112.09989299963661, 33.50140100006568], [-112.09989099998678, 33.502296000273006], [-112.10024699963896, 33.50231199971125], [-112.10047099994492, 33.50232799989564], [-112.10068500020516, 33.50235600021116], [-112.10104500005528, 33.50242200017006], [-112.10124500007183, 33.502450999716125], [-112.10150399963958, 33.502480000001555], [-112.10159900007416, 33.502487000069], [-112.10178499984698, 33.50249600015488], [-112.10207500027522, 33.502499000183285], [-112.1022640004211, 33.50249400013589], [-112.1025320002097, 33.50247399994331], [-112.10281699971675, 33.50243400029334], [-112.10335099964412, 33.50233299995268], [-112.10353999979002, 33.502307999664694], [-112.1037499998523, 33.50229700028482], [-112.10412099957306, 33.50230100033184], [-112.10526499959582, 33.50228800017821], [-112.10535300035768, 33.50228700016634], [-112.10625399980786, 33.50227600003467], [-112.10731699963976, 33.502262999877274], [-112.10842100037786, 33.502250999730265], [-112.11255499970467, 33.50222000009183], [-112.11270799986553, 33.502215000028315], [-112.11274600039869, 33.501599999748464], [-112.11279099970622, 33.50083900003066], [-112.11280599977482, 33.500473000013265], [-112.11281599982058, 33.500220000318606], [-112.11284000011003, 33.49908500020404], [-112.11285099998067, 33.498593000218214], [-112.11286000020151, 33.498249000235816], [-112.11286400039947, 33.49810000037232], [-112.1128660000493, 33.497942999756]]]}, "properties": {"geoid": "04013109003", "name": "1090.03", "value": 4.996512485448262, "coverage": 1.000000000000854, "n_tiles": 117, "vmin": 4.5577, "vmax": 5.1262, "metric": "recovery_gap_hours", "ok": true, "relief_hours": 1.003, "no_relief": false, "window_hours": 6.0, "population": 6402.0, "over_65": 332.0, "svi": 0.9994, "pct_over_65": 5.2, "pct_poverty": 48.0, "pct_mobile_homes": 3.2, "pct_no_vehicle": 19.2, "quadrant": "over_targeted"}}, {"type": "Feature", "geometry": {"type": "Polygon", "coordinates": [[[-112.13424099990819, 33.49557500013059], [-112.1342419997331, 33.495322000354875], [-112.13423599988533, 33.49504100016375], [-112.13422500001468, 33.49496300016229], [-112.13421400014401, 33.4948800003525], [-112.13412799993029, 33.49488099970083], [-112.13360499987355, 33.494890999925715], [-112.13287699977741, 33.4948780001575], [-112.1321849996663, 33.49487399976748], [-112.13146900016402, 33.4948800003525], [-112.13111099996374, 33.49487499986497], [-112.13102899994797, 33.494883999993164], [-112.13067499994564, 33.49498099965028], [-112.12994000017682, 33.4949800003031], [-112.12921799992844, 33.49497900020677], [-112.12874199972738, 33.494978000110414], [-112.127770999957, 33.4949770000141], [-112.12672499984353, 33.49497599991773], [-112.12559800043755, 33.494973999724955], [-112.12399199955911, 33.4949710001849], [-112.1230969999567, 33.4949710001849], [-112.12134000036386, 33.494967999895586], [-112.1195839996976, 33.494967999895586], [-112.11890800037831, 33.494967999895586], [-112.11706600039665, 33.49496500035532], [-112.1170570001758, 33.496378000058655], [-112.11705499962768, 33.49650599973773], [-112.11703899973415, 33.498572999873396], [-112.11702899968842, 33.50039699972973], [-112.11702799986351, 33.50077399964325], [-112.11702100019079, 33.502192999745326], [-112.11804399983974, 33.50218899969325], [-112.1186270001709, 33.50218699966718], [-112.11955399956037, 33.50218399962795], [-112.12131400042458, 33.5021780002982], [-112.12219999980616, 33.50217700028507], [-112.12307400039047, 33.50217700028507], [-112.12397999986354, 33.50217600027189], [-112.12557199959996, 33.50217500025867], [-112.12716199968655, 33.50217500025867], [-112.12836500015884, 33.50217500025867], [-112.12992799958292, 33.50217600027189], [-112.13208199973413, 33.5021780002982], [-112.13230199984214, 33.502181000337636], [-112.1325529999123, 33.502197999810114], [-112.13300900002189, 33.502250999730265], [-112.1331999998176, 33.50226699992593], [-112.13349100007073, 33.50228400013058], [-112.13421800034197, 33.50228800017821], [-112.13422400018976, 33.50037999990357], [-112.13423000003755, 33.49857900020206], [-112.13423199968736, 33.4978389999783], [-112.13423699971023, 33.49652200024614], [-112.13424099990819, 33.49557500013059]]]}, "properties": {"geoid": "04013109102", "name": "1091.02", "value": 4.991605466445546, "coverage": 1.0000000000006715, "n_tiles": 153, "vmin": 4.5835, "vmax": 5.1645, "metric": "recovery_gap_hours", "ok": true, "relief_hours": 1.008, "no_relief": false, "window_hours": 6.0, "population": 6646.0, "over_65": 485.0, "svi": 0.903, "pct_over_65": 7.3, "pct_poverty": 44.6, "pct_mobile_homes": 0.0, "pct_no_vehicle": 23.5, "quadrant": "over_targeted"}}, {"type": "Feature", "geometry": {"type": "Polygon", "coordinates": [[[-112.08345500044204, 33.4948979998577], [-112.08343700000039, 33.49428899991179], [-112.08341199988602, 33.493701000265204], [-112.08335199961157, 33.49191999985267], [-112.08333200041838, 33.49136999985967], [-112.08330999977876, 33.49075699999127], [-112.08330200028117, 33.49057400021607], [-112.08329300006034, 33.490366000063354], [-112.0832629999231, 33.48963200026513], [-112.0832620000982, 33.489238000014105], [-112.08324000035688, 33.48857099984615], [-112.08320900039473, 33.487648000278185], [-112.08315199959502, 33.48590899995613], [-112.08312999985371, 33.48466399988843], [-112.08310599956427, 33.48398399980223], [-112.08308899984584, 33.48352800016529], [-112.08307499960213, 33.4829989997575], [-112.08304799983794, 33.481921000043556], [-112.08301000020312, 33.480352999942966], [-112.08181599995164, 33.48034500006847], [-112.08042000003381, 33.48034099975631], [-112.08031899975148, 33.48034000024018], [-112.07933000043774, 33.48031599986162], [-112.07821300017919, 33.48030000010507], [-112.0750199995872, 33.480261000217745], [-112.07377400035553, 33.4802490000183], [-112.07377099998247, 33.48122600007202], [-112.07377299963231, 33.4820620003093], [-112.07377299963231, 33.48223199992073], [-112.07377699983024, 33.48390500010605], [-112.07378000020333, 33.48527599997178], [-112.07378100002823, 33.48625499991188], [-112.07378400040126, 33.48753600016217], [-112.07378500022618, 33.488730999981854], [-112.0737860000511, 33.48968300007149], [-112.073786999876, 33.49067600018756], [-112.073786999876, 33.49077400020864], [-112.0737879997009, 33.49117599983779], [-112.07378900042414, 33.492387000145875], [-112.07378400040126, 33.49482899986125], [-112.07487999984512, 33.49483599979824], [-112.07598500040814, 33.49482799976322], [-112.07623300010525, 33.49483300025341], [-112.07817100034639, 33.494847000126185], [-112.07853799986918, 33.49484600002837], [-112.07914700013964, 33.494852999963996], [-112.08011999955986, 33.49485199986619], [-112.08039900011744, 33.49485199986619], [-112.08109299987838, 33.49486099999671], [-112.08144100003292, 33.494870000126355], [-112.0825459996976, 33.49488899973102], [-112.0827270003459, 33.494890999925715], [-112.08345500044204, 33.4948979998577]]]}, "properties": {"geoid": "04013110501", "name": "1105.01", "value": 5.04139745756023, "coverage": 1.0000000000007399, "n_tiles": 156, "vmin": 4.8123, "vmax": 5.9057, "metric": "recovery_gap_hours", "ok": true, "relief_hours": 0.959, "no_relief": false, "window_hours": 6.0, "population": 3445.0, "over_65": 449.0, "svi": 0.7015, "pct_over_65": 13.0, "pct_poverty": 29.6, "pct_mobile_homes": 0.0, "pct_no_vehicle": 19.5, "quadrant": "low_priority"}}, {"type": "Feature", "geometry": {"type": "Polygon", "coordinates": [[[-112.07378900042414, 33.492387000145875], [-112.0737879997009, 33.49117599983779], [-112.073786999876, 33.49077400020864], [-112.073786999876, 33.49067600018756], [-112.0737860000511, 33.48968300007149], [-112.07378500022618, 33.488730999981854], [-112.07378400040126, 33.48753600016217], [-112.07378100002823, 33.48625499991188], [-112.07378000020333, 33.48527599997178], [-112.07377699983024, 33.48390500010605], [-112.07377299963231, 33.48223199992073], [-112.07377299963231, 33.4820620003093], [-112.07377099998247, 33.48122600007202], [-112.07377400035553, 33.4802490000183], [-112.07336199972856, 33.480256999901705], [-112.0729209996876, 33.480255000118234], [-112.07263299980751, 33.48024799975189], [-112.07168999962623, 33.48023800008383], [-112.0708870000853, 33.48024100013419], [-112.0694419997637, 33.48023300024936], [-112.06725599982542, 33.48021900026178], [-112.06507300026023, 33.48020700005657], [-112.06507200043531, 33.48108499994398], [-112.06507099971209, 33.48200300004009], [-112.06506599968924, 33.48382600033783], [-112.0650640000394, 33.4847469997504], [-112.06506200038959, 33.48561599973123], [-112.06505900001653, 33.486514000372935], [-112.06505800019163, 33.48690199989211], [-112.0650570003667, 33.48747000009288], [-112.06505399999368, 33.48836000035773], [-112.06505399999368, 33.48839599982749], [-112.06505099962061, 33.48924300007793], [-112.0650499997957, 33.489329999944125], [-112.06504700032096, 33.49021099995971], [-112.06504700032096, 33.49029700020134], [-112.06504599959774, 33.49109599981809], [-112.06504499977282, 33.49283500011671], [-112.06504200029809, 33.49384799998939], [-112.06503899992504, 33.49474200027597], [-112.065339000399, 33.49475700026239], [-112.06550599990528, 33.49476400020521], [-112.06573600005905, 33.494773999694445], [-112.06650500016308, 33.4947800002864], [-112.06674199998955, 33.49478199973452], [-112.0679630000052, 33.4947899997738], [-112.06836300003826, 33.49479199997083], [-112.06943099989303, 33.49479899991082], [-112.0704910002502, 33.49480699994859], [-112.07160699978553, 33.4948129997891], [-112.07378400040126, 33.49482899986125], [-112.07378900042414, 33.492387000145875]]]}, "properties": {"geoid": "04013110502", "name": "1105.02", "value": 5.319748831358679, "coverage": 1.0000000000015639, "n_tiles": 159, "vmin": 4.8514, "vmax": 6.1234, "metric": "recovery_gap_hours", "ok": true, "relief_hours": 0.68, "no_relief": false, "window_hours": 6.0, "population": 3264.0, "over_65": 461.0, "svi": 0.5901, "pct_over_65": 14.1, "pct_poverty": 28.6, "pct_mobile_homes": 0.0, "pct_no_vehicle": 8.7, "quadrant": "low_priority"}}, {"type": "Feature", "geometry": {"type": "Polygon", "coordinates": [[[-112.03018400038856, 33.4866579997331], [-112.03018500021349, 33.48575299991375], [-112.03018299966536, 33.484850000055324], [-112.03018000019061, 33.483942000152915], [-112.03018100001552, 33.48337200032993], [-112.03018100001552, 33.482120000293584], [-112.03017599999265, 33.480309000249484], [-112.02909399989419, 33.480317000127286], [-112.0279740001609, 33.48032999983352], [-112.02693800009317, 33.48034000024018], [-112.02584699977386, 33.48035100016175], [-112.02448699984103, 33.48036399986288], [-112.02370799969127, 33.48037199973562], [-112.02155400043839, 33.480397999878896], [-112.02047800018771, 33.48040700001312], [-112.01939500026432, 33.48041799992613], [-112.01831499981567, 33.48043199988156], [-112.01723000024246, 33.480445999834714], [-112.01616499986244, 33.48045900027087], [-112.01507400044144, 33.480470999691896], [-112.01310799971291, 33.48049099972234], [-112.01291000024452, 33.48049099972234], [-112.01291500026738, 33.482344999645306], [-112.01291799974211, 33.48321000031878], [-112.01292199994008, 33.48418899963553], [-112.01292399958989, 33.48511699965711], [-112.01292699996297, 33.48603999997637], [-112.01293199998582, 33.48693500014946], [-112.01293500035888, 33.48788699975375], [-112.01506500022063, 33.487872000075654], [-112.0155980003231, 33.487865000324895], [-112.01725399963361, 33.487840000354105], [-112.0192730000656, 33.48779899975712], [-112.02052500004338, 33.48778199970493], [-112.0215750003548, 33.48774400036935], [-112.02238200009366, 33.48771499964286], [-112.02265699955495, 33.48770900005967], [-112.02373100015582, 33.48768800001695], [-112.02475399980473, 33.48767099994291], [-112.02482999997271, 33.48766999976216], [-112.02574100036696, 33.48765100007191], [-112.02608500032356, 33.487644999735124], [-112.02769399977839, 33.4876190002687], [-112.02873200039424, 33.48759800020415], [-112.03018299966536, 33.487577000134465], [-112.03018400038856, 33.4866579997331]]]}, "properties": {"geoid": "04013110802", "name": "1108.02", "value": 5.998859113575878, "coverage": 1.0000000000014333, "n_tiles": 153, "vmin": 5.9768, "vmax": 6.0063, "metric": "recovery_gap_hours", "ok": true, "relief_hours": 0.001, "no_relief": false, "window_hours": 6.0, "population": 2401.0, "over_65": 568.0, "svi": 0.5497, "pct_over_65": 23.7, "pct_poverty": 26.9, "pct_mobile_homes": 0.0, "pct_no_vehicle": 7.4, "quadrant": "blind_spot"}}, {"type": "Feature", "geometry": {"type": "Polygon", "coordinates": [[[-112.13432299992397, 33.540662999950406], [-112.13433200014478, 33.538512999851875], [-112.1317009999676, 33.5385219999338], [-112.13160200023341, 33.5385219999338], [-112.13051000008922, 33.53853299994945], [-112.1299689995908, 33.538525000210456], [-112.12919600018714, 33.538531000014785], [-112.12886999977391, 33.53853299994945], [-112.12870699956729, 33.538534000291136], [-112.12833300037178, 33.538525000210456], [-112.12753699960528, 33.538529999673024], [-112.1256179996307, 33.538540999687655], [-112.12407799977284, 33.53854900017395], [-112.12234799994415, 33.538553000042405], [-112.12173899967371, 33.538554999976554], [-112.11963499975123, 33.53856099977882], [-112.11690800021292, 33.5385690002632], [-112.11692499993136, 33.54221200023929], [-112.11693199960403, 33.54315899979734], [-112.11693800035013, 33.54406099970263], [-112.11693999999994, 33.54429099963303], [-112.11694099982485, 33.544493999828], [-112.11694199964977, 33.5446289998523], [-112.11694800039587, 33.545499000024336], [-112.1169509998706, 33.54585099986674], [-112.11694599984773, 33.54697900014972], [-112.1169509998706, 33.548111000107646], [-112.11695800044161, 33.54923900008661], [-112.11696099991634, 33.549453000010985], [-112.11696000009144, 33.550189999829634], [-112.1169650001143, 33.551126999839], [-112.1169650001143, 33.55123399977527], [-112.11696900031228, 33.55208699992943], [-112.11697299961192, 33.55309499992293], [-112.11952000012352, 33.55309799969366], [-112.12129099996007, 33.55310199963738], [-112.12178999972735, 33.553102999810484], [-112.12560500011024, 33.553088999632465], [-112.12708399986873, 33.55309200015205], [-112.1278279998584, 33.55309200015205], [-112.13012699977456, 33.55309799969366], [-112.13088500000792, 33.553098999866805], [-112.13102999977288, 33.55310199963738], [-112.13189599996127, 33.55311900033198], [-112.13255499956215, 33.55310500015656], [-112.13297899988466, 33.55310600032957], [-112.13425500015191, 33.553116999986216], [-112.13427000022051, 33.55111899976847], [-112.13427600006828, 33.549858000166275], [-112.13428799976386, 33.54946599981439], [-112.13429299978672, 33.54910099986824], [-112.13428799976386, 33.548710000049155], [-112.13428899958876, 33.5483779999396], [-112.13429100013691, 33.54796600020373], [-112.13429199996183, 33.54765199999088], [-112.1342969999847, 33.54660200019532], [-112.13430000035774, 33.545820000129616], [-112.13430299983249, 33.54508200020607], [-112.13430600020553, 33.54439900007276], [-112.13430899968026, 33.54370900005615], [-112.13431600025127, 33.54216400009367], [-112.134318999726, 33.541421000351804], [-112.13432299992397, 33.540662999950406]]]}, "properties": {"geoid": "04013105900", "name": "1059", "value": 4.011040276587666, "coverage": 1.0000000000010578, "n_tiles": 296, "vmin": 3.9484, "vmax": 4.1447, "metric": "recovery_gap_hours", "ok": true, "relief_hours": 1.989, "no_relief": false, "window_hours": 6.0, "population": 5360.0, "over_65": 949.0, "svi": 0.9197, "pct_over_65": 17.7, "pct_poverty": 23.8, "pct_mobile_homes": 1.1, "pct_no_vehicle": 23.3, "quadrant": "over_targeted"}}, {"type": "Feature", "geometry": {"type": "Polygon", "coordinates": [[[-112.09967500007673, 33.55307799997226], [-112.09966199965793, 33.55127599970704], [-112.09965800035827, 33.55068000019044], [-112.09965199961218, 33.54971700029988], [-112.09964999996237, 33.5494810000458], [-112.09964800031254, 33.549140000180174], [-112.09964300028967, 33.548272999919035], [-112.09962900004597, 33.54765999963377], [-112.09962400002308, 33.546841000065314], [-112.09962400002308, 33.54586199969834], [-112.09961499980227, 33.54441699975853], [-112.0996089999545, 33.54358399993033], [-112.09960599958143, 33.54309500004895], [-112.09959999973366, 33.542255999912555], [-112.09959499971077, 33.54164099975897], [-112.09959300006095, 33.541324000343394], [-112.09958800003807, 33.54053999979971], [-112.09957499961928, 33.53864199968865], [-112.09717899961876, 33.53860099994713], [-112.09634699976553, 33.538586999665675], [-112.09544200011739, 33.53857100019698], [-112.09515199968916, 33.538567000329365], [-112.09476500007489, 33.53856099977882], [-112.0936329997477, 33.538542000029295], [-112.09350200022647, 33.53853899975318], [-112.0928510001232, 33.53852799973829], [-112.0928179996129, 33.53852700014526], [-112.09112499959417, 33.538499999898235], [-112.09051100019916, 33.53849000022058], [-112.09003199962505, 33.538479999793026], [-112.08951299976628, 33.53847200004912], [-112.08944699964403, 33.538470999706725], [-112.08921599966536, 33.53846800017691], [-112.08889900037126, 33.538462999961986], [-112.08840599955344, 33.53845700015298], [-112.0874299997602, 33.53843500010088], [-112.08740700019398, 33.53843500010088], [-112.08732199980516, 33.53843399975806], [-112.08650400019563, 33.53841699991798], [-112.086233000034, 33.53841399963758], [-112.08566499977142, 33.538405999887566], [-112.08465999966586, 33.53839299991788], [-112.08452199957357, 33.53839099997998], [-112.08416000007365, 33.53838599976061], [-112.0824329997197, 33.53835500034082], [-112.08244399959037, 33.53952399970093], [-112.08245199998629, 33.54002700036996], [-112.08245500035933, 33.54025800012658], [-112.08245600018425, 33.54046900036959], [-112.0824610002071, 33.541061000182076], [-112.08246899970472, 33.54200300036217], [-112.08247700010064, 33.54291799964417], [-112.0824810002986, 33.543367999873766], [-112.08249899984196, 33.5442520001274], [-112.08250700023787, 33.54515000029222], [-112.08252200030647, 33.54603600004708], [-112.08252499978121, 33.54652300000837], [-112.08252700032935, 33.546946000328596], [-112.08253499982698, 33.54779799990752], [-112.08255099972048, 33.549165999879165], [-112.08256900016215, 33.55112800003496], [-112.08257099981196, 33.55139900029885], [-112.08258500005567, 33.55291500001128], [-112.08366799997907, 33.55291799978831], [-112.08475099990244, 33.55292199974038], [-112.0858399996736, 33.552935999945454], [-112.08693600001578, 33.55294799979856], [-112.08801700028934, 33.55295999965002], [-112.08838399981212, 33.55296400034878], [-112.08908299959596, 33.5529710000739], [-112.08972700002653, 33.552977999798394], [-112.08982099973784, 33.55297899997292], [-112.09020700042555, 33.552981999747736], [-112.09126500023456, 33.55299400034312], [-112.09393999989437, 33.55302099980503], [-112.0944429998596, 33.553025999926255], [-112.09506600037376, 33.55303200022109], [-112.09612800038076, 33.553041000288275], [-112.09617699988624, 33.55304299988716], [-112.09677799976076, 33.5530480000071], [-112.09701799996027, 33.55305000035447], [-112.09718000034201, 33.553050999779515], [-112.09967500007673, 33.55307799997226]]]}, "properties": {"geoid": "04013106100", "name": "1061", "value": 3.326119759031997, "coverage": 1.0000000000012506, "n_tiles": 289, "vmin": 2.7846, "vmax": 4.1503, "metric": "recovery_gap_hours", "ok": true, "relief_hours": 2.674, "no_relief": false, "window_hours": 6.0, "population": 5835.0, "over_65": 1835.0, "svi": 0.6732, "pct_over_65": 31.4, "pct_poverty": 14.7, "pct_mobile_homes": 0.0, "pct_no_vehicle": 21.5, "quadrant": "low_priority"}}, {"type": "Feature", "geometry": {"type": "Polygon", "coordinates": [[[-112.08258500005567, 33.55291500001128], [-112.08257099981196, 33.55139900029885], [-112.08256900016215, 33.55112800003496], [-112.08255099972048, 33.549165999879165], [-112.08253499982698, 33.54779799990752], [-112.08252700032935, 33.546946000328596], [-112.08252499978121, 33.54652300000837], [-112.08252200030647, 33.54603600004708], [-112.08250700023787, 33.54515000029222], [-112.08249899984196, 33.5442520001274], [-112.0824810002986, 33.543367999873766], [-112.08247700010064, 33.54291799964417], [-112.08246899970472, 33.54200300036217], [-112.0824610002071, 33.541061000182076], [-112.08245600018425, 33.54046900036959], [-112.08245500035933, 33.54025800012658], [-112.08245199998629, 33.54002700036996], [-112.08244399959037, 33.53952399970093], [-112.0824329997197, 33.53835500034082], [-112.08174399998164, 33.53834499989767], [-112.0808469998311, 33.53833100032351], [-112.08070700008899, 33.53832999997943], [-112.07917499972874, 33.538328000040075], [-112.07814899970676, 33.5383240001612], [-112.07762800019817, 33.53832299981704], [-112.07619499957211, 33.53832600010066], [-112.07561700016208, 33.538328000040075], [-112.0750530000975, 33.53832299981704], [-112.07375099989099, 33.5383139997144], [-112.07300699990134, 33.53831100017914], [-112.07198799955206, 33.53830799989506], [-112.07093599959082, 33.538302999670876], [-112.06989200002548, 33.53830999983488], [-112.0692950003489, 33.538302999670876], [-112.06886699982843, 33.538298999790854], [-112.06789299968499, 33.53828799974537], [-112.0677460002702, 33.53828599980503], [-112.0671479998704, 33.538289000089925], [-112.06665400012598, 33.53829100003019], [-112.06505499981859, 33.538272000221326], [-112.06508099975784, 33.540518000277785], [-112.06509199962849, 33.54140899964655], [-112.06510400022239, 33.54247800003252], [-112.06511400026811, 33.5432640000422], [-112.06511599991794, 33.54414400025267], [-112.06513199981147, 33.544864999881725], [-112.06514699988008, 33.54552699984308], [-112.06515399955276, 33.54630399980422], [-112.06516299977362, 33.54693600013077], [-112.06517000034462, 33.54737900022332], [-112.06518000039036, 33.54865599991975], [-112.06518100021528, 33.54870700012602], [-112.06518700006305, 33.54949299963019], [-112.06518799988797, 33.5496040001984], [-112.0651970001088, 33.55048899974931], [-112.06520600032964, 33.55131300014693], [-112.06520600032964, 33.55134400015932], [-112.06522200022314, 33.55272500019679], [-112.06691699989173, 33.552727999980405], [-112.06693600015831, 33.552727999980405], [-112.06795600033249, 33.552742999645524], [-112.06799499979225, 33.552742999645524], [-112.06829000024334, 33.55274600017713], [-112.06891299985918, 33.55275400009699], [-112.06908600011154, 33.552755000274104], [-112.06952399977946, 33.55275999966207], [-112.06986400043638, 33.55276300019313], [-112.07075800021389, 33.552769999934526], [-112.07193999987146, 33.55278400016424], [-112.07257300043135, 33.55279099990389], [-112.07388800015835, 33.55281300004464], [-112.074448000025, 33.552819000354276], [-112.07825500001198, 33.552865999645995], [-112.07829699984477, 33.55286699982176], [-112.08037400000308, 33.5528810000358], [-112.08122799959759, 33.55289500024752], [-112.08258500005567, 33.55291500001128]]]}, "properties": {"geoid": "04013106200", "name": "1062", "value": 2.8887871091833817, "coverage": 1.0000000000013083, "n_tiles": 292, "vmin": 2.565, "vmax": 3.2809, "metric": "recovery_gap_hours", "ok": true, "relief_hours": 3.111, "no_relief": false, "window_hours": 6.0, "population": 3410.0, "over_65": 872.0, "svi": 0.0779, "pct_over_65": 25.6, "pct_poverty": 9.2, "pct_mobile_homes": 1.2, "pct_no_vehicle": 0.0, "quadrant": "low_priority"}}, {"type": "Feature", "geometry": {"type": "Polygon", "coordinates": [[[-112.06522200022314, 33.55272500019679], [-112.06520600032964, 33.55134400015932], [-112.06520600032964, 33.55131300014693], [-112.0651970001088, 33.55048899974931], [-112.06518799988797, 33.5496040001984], [-112.06518700006305, 33.54949299963019], [-112.06518100021528, 33.54870700012602], [-112.06518000039036, 33.54865599991975], [-112.06517000034462, 33.54737900022332], [-112.06516299977362, 33.54693600013077], [-112.06515399955276, 33.54630399980422], [-112.06514699988008, 33.54552699984308], [-112.06513199981147, 33.544864999881725], [-112.06511599991794, 33.54414400025267], [-112.06511400026811, 33.5432640000422], [-112.06510400022239, 33.54247800003252], [-112.06509199962849, 33.54140899964655], [-112.06508099975784, 33.540518000277785], [-112.06505499981859, 33.538272000221326], [-112.06287399990322, 33.538274000161984], [-112.06065799982773, 33.53826800033987], [-112.05978099976868, 33.538261000172454], [-112.05891899977821, 33.538252000063366], [-112.05803400022155, 33.538242999953326], [-112.05717399988093, 33.53824600023972], [-112.05628699977613, 33.53824899977718], [-112.0545100000918, 33.538235000187484], [-112.05429699965646, 33.538235000187484], [-112.0535450001692, 33.538235000187484], [-112.05333699975672, 33.538235000187484], [-112.05245600039804, 33.538233999842355], [-112.05233199965116, 33.538231999900766], [-112.05132400007086, 33.53822400013391], [-112.05128499971279, 33.53822400013391], [-112.05022600007884, 33.53822699967218], [-112.05020099996449, 33.53822699967218], [-112.04915999987388, 33.538244000298356], [-112.04911800004112, 33.538244000298356], [-112.0489480001618, 33.53824800018098], [-112.04811999960825, 33.53824899977718], [-112.04747500025108, 33.538252000063366], [-112.04747900044903, 33.53894699965737], [-112.04748199992378, 33.53944200028636], [-112.04748500029682, 33.53971299976267], [-112.04748600012172, 33.53979900022847], [-112.04748600012172, 33.53993700032686], [-112.04748600012172, 33.54006699985992], [-112.04748699994664, 33.540158000090535], [-112.04749699999238, 33.54192100030459], [-112.0474979998173, 33.54230200015961], [-112.04749899964222, 33.542557999720124], [-112.04750399966508, 33.543294999947484], [-112.04751200006099, 33.54437000036309], [-112.04751399971082, 33.54457800023395], [-112.04751799990879, 33.54493199987094], [-112.04751999955859, 33.54515500012029], [-112.04752299993164, 33.54544800017071], [-112.04758499985594, 33.54664700012737], [-112.04758499985594, 33.54697600016654], [-112.0476109997952, 33.54746300007091], [-112.04763699973445, 33.54771000019242], [-112.04767899956725, 33.54795300017464], [-112.04771399972736, 33.548106999932855], [-112.04776300013117, 33.548284000191], [-112.04788399960667, 33.54872400018809], [-112.04796700034565, 33.54901899980773], [-112.04800800035355, 33.54924199999126], [-112.04802500007199, 33.5494349998768], [-112.0480259998969, 33.54961599976565], [-112.04800699963032, 33.54984599988397], [-112.04792499961457, 33.55034400009277], [-112.04787699993398, 33.55060099998864], [-112.04786699988824, 33.55067300027975], [-112.04784099994897, 33.55095199981158], [-112.04783599992611, 33.55122800010422], [-112.04789899967528, 33.552387000203154], [-112.04795700029992, 33.55304900018082], [-112.04796499979751, 33.55310600032957], [-112.04799300028493, 33.553237999859874], [-112.04803000009487, 33.553362000074266], [-112.04804599998837, 33.553412999748595], [-112.04809100019423, 33.55352100001634], [-112.04810999956248, 33.55356700025573], [-112.04819599977621, 33.55372499965463], [-112.04825400040083, 33.553811999816276], [-112.04833700024152, 33.55391400010068], [-112.04839099976986, 33.553969000101304], [-112.0486379996421, 33.554169999696846], [-112.04901099991099, 33.55387300011826], [-112.04912899991174, 33.55377000036872], [-112.04926199998116, 33.55367199983162], [-112.0494209999898, 33.553570000010126], [-112.04959400024218, 33.55347999984741], [-112.04977800036518, 33.55340099996], [-112.04996699961276, 33.553337000311046], [-112.05016499997947, 33.55328599984326], [-112.0503149997673, 33.553258000292885], [-112.05047299995105, 33.553237999859874], [-112.05065200005119, 33.55322399970375], [-112.0507929996182, 33.55322099993734], [-112.05119500019941, 33.55321599982741], [-112.05227800012278, 33.553196000133276], [-112.05442800007603, 33.553116999986216], [-112.05550500015163, 33.55307799997226], [-112.05616799995043, 33.55305300012681], [-112.05627400025566, 33.553041000288275], [-112.05659100044805, 33.553021999979], [-112.05689000019882, 33.55300399983979], [-112.05874499970095, 33.552861000264116], [-112.05970999962355, 33.55278400016424], [-112.06040500010774, 33.552738999685175], [-112.06067399972125, 33.552721999664456], [-112.06092300014159, 33.552708000173354], [-112.06122299971723, 33.5526979998937], [-112.06154199955947, 33.55269500010909], [-112.06186899979762, 33.552703000033674], [-112.0619449999656, 33.552704999640376], [-112.06201500028581, 33.552705999818066], [-112.06210499979917, 33.552708000173354], [-112.06275400025261, 33.55271099995752], [-112.06325899986766, 33.552713999741634], [-112.06361500041812, 33.55271499991916], [-112.06380799986366, 33.552717000274235], [-112.06522200022314, 33.55272500019679]]]}, "properties": {"geoid": "04013106300", "name": "1063", "value": 4.53990763260252, "coverage": 1.0000000000013134, "n_tiles": 303, "vmin": 2.9149, "vmax": 5.2432, "metric": "recovery_gap_hours", "ok": true, "relief_hours": 1.46, "no_relief": false, "window_hours": 6.0, "population": 5280.0, "over_65": 1429.0, "svi": 0.5173, "pct_over_65": 27.1, "pct_poverty": 11.5, "pct_mobile_homes": 0.7, "pct_no_vehicle": 16.8, "quadrant": "low_priority"}}, {"type": "Feature", "geometry": {"type": "Polygon", "coordinates": [[[-112.15168800030462, 33.49495899977618], [-112.15167599971075, 33.49318800019008], [-112.15166900003805, 33.49218899964088], [-112.15166300019028, 33.49132499963071], [-112.15165899999229, 33.490685000003026], [-112.1516580001674, 33.49054599983558], [-112.15165300014452, 33.48977000024479], [-112.15164800012164, 33.48900899992676], [-112.15164499974861, 33.48851200026464], [-112.15164499974861, 33.48846400028345], [-112.15164399992369, 33.488411000164035], [-112.15164399992369, 33.48837200018264], [-112.15163999972573, 33.48773000009735], [-112.15163999972573, 33.4877159998231], [-112.15164100044896, 33.48696700020539], [-112.15164200027385, 33.48638499996241], [-112.15164300009877, 33.48567300012882], [-112.15164399992369, 33.484964999785454], [-112.15164499974861, 33.484090999655116], [-112.15164700029673, 33.482641999902704], [-112.15164800012164, 33.48255000036071], [-112.15164700029673, 33.480485999902484], [-112.15053300041122, 33.480493999763944], [-112.15021200002086, 33.48047199995578], [-112.14896500006594, 33.480473999734194], [-112.14805700004474, 33.480473999734194], [-112.1472870001158, 33.480474999998044], [-112.1471959998792, 33.480474999998044], [-112.14645299971444, 33.48047600026189], [-112.1463439999345, 33.48047600026189], [-112.14559200044724, 33.48047600026189], [-112.1454769999212, 33.48047600026189], [-112.14479700040395, 33.48047699977645], [-112.1429570000721, 33.48047699977645], [-112.14096899960226, 33.4804650003562], [-112.13865399979257, 33.480448999877886], [-112.13644799976284, 33.480459999785616], [-112.13514100043179, 33.4804650003562], [-112.13436200028201, 33.48046899991341], [-112.13434999968814, 33.48233999993246], [-112.1343389998175, 33.48406300017553], [-112.13431600025127, 33.48768999962877], [-112.13430500038062, 33.48870600026112], [-112.13430500038062, 33.48874600026037], [-112.13430399965738, 33.48880199992869], [-112.13430299983249, 33.48886100006182], [-112.13430200000757, 33.48893199990203], [-112.13429500033487, 33.48965699971857], [-112.13428299974099, 33.49084999994989], [-112.13427100004543, 33.49202199973705], [-112.1342690003956, 33.49221999987473], [-112.1342479995809, 33.49424900022549], [-112.13424599993105, 33.49445299963102], [-112.13421400014401, 33.4948800003525], [-112.13499300029379, 33.4948659997359], [-112.13530100026536, 33.49487700006004], [-112.13600500007205, 33.49490200024667], [-112.13627100021084, 33.49491100037199], [-112.13642000017374, 33.494916000108304], [-112.13687799993315, 33.494916000108304], [-112.13847800006548, 33.49491500001123], [-112.13990499994546, 33.49494000018688], [-112.14076299973794, 33.494988000324085], [-112.14294500037654, 33.49500200017181], [-112.14450500032589, 33.494995000248224], [-112.14515100040626, 33.494991999959744], [-112.15168800030462, 33.49495899977618]]]}, "properties": {"geoid": "04013110100", "name": "1101", "value": 4.805142647479546, "coverage": 1.000000000000737, "n_tiles": 289, "vmin": 4.0131, "vmax": 5.2312, "metric": "recovery_gap_hours", "ok": true, "relief_hours": 1.195, "no_relief": false, "window_hours": 6.0, "population": 6915.0, "over_65": 445.0, "svi": 0.8482, "pct_over_65": 6.4, "pct_poverty": 40.8, "pct_mobile_homes": 0.0, "pct_no_vehicle": 3.8, "quadrant": "over_targeted"}}, {"type": "Feature", "geometry": {"type": "Polygon", "coordinates": [[[-112.09995999958376, 33.48174700032382], [-112.09996899980459, 33.480613999845275], [-112.09850599993962, 33.48056199968058], [-112.0978430001408, 33.48055000027215], [-112.09669099972214, 33.48052799972894], [-112.09575400028693, 33.48051699982984], [-112.09513099977278, 33.48050499966591], [-112.09374200042595, 33.48049900033257], [-112.09356400015072, 33.48049699980545], [-112.0929220002683, 33.48050299988821], [-112.09194499975182, 33.480490000207936], [-112.09137800021247, 33.480482999860534], [-112.08924499997767, 33.48045199992101], [-112.08922300023637, 33.48045199992101], [-112.08699200009228, 33.48040700001312], [-112.08643399987544, 33.480396000098665], [-112.08613900032265, 33.48039300005366], [-112.08529300022575, 33.48038500018287], [-112.08442100018955, 33.48037100021985], [-112.08423799989144, 33.48036899968979], [-112.08410200034734, 33.48036699990888], [-112.08301000020312, 33.480352999942966], [-112.08304799983794, 33.481921000043556], [-112.08307499960213, 33.4829989997575], [-112.08308899984584, 33.48352800016529], [-112.08310599956427, 33.48398399980223], [-112.08312999985371, 33.48466399988843], [-112.08315199959502, 33.48590899995613], [-112.08320900039473, 33.487648000278185], [-112.08324000035688, 33.48857099984615], [-112.0832620000982, 33.489238000014105], [-112.0832629999231, 33.48963200026513], [-112.08329300006034, 33.490366000063354], [-112.08330200028117, 33.49057400021607], [-112.08330999977876, 33.49075699999127], [-112.08333200041838, 33.49136999985967], [-112.08335199961157, 33.49191999985267], [-112.08341199988602, 33.493701000265204], [-112.08343700000039, 33.49428899991179], [-112.08345500044204, 33.4948979998577], [-112.08694000021374, 33.49493100006457], [-112.0891200003042, 33.49495099975246], [-112.09074499965257, 33.49496500035532], [-112.09131200009023, 33.4949710001849], [-112.0925139998393, 33.49498199974655], [-112.0934999996783, 33.49499099986361], [-112.09567999976876, 33.49501000019082], [-112.09777399964551, 33.49502999986052], [-112.09797500038528, 33.49503200005195], [-112.09859999965093, 33.49503799987688], [-112.0991110000121, 33.495043000355], [-112.09989799965946, 33.49505000027469], [-112.09989299963661, 33.4940450003393], [-112.09989699983457, 33.49322600013337], [-112.09990100003255, 33.49244600008393], [-112.09990199985744, 33.49231299976045], [-112.0999060000554, 33.49137999974087], [-112.09991000025336, 33.490502000075665], [-112.09991500027624, 33.48963499999015], [-112.09991500027624, 33.48957000018093], [-112.09991899957589, 33.488730999981854], [-112.09992299977384, 33.487827999706326], [-112.0999279997967, 33.48676399983749], [-112.09992899962162, 33.48667200017837], [-112.09993199999468, 33.48575999983521], [-112.09993600019261, 33.484749000179406], [-112.09993799984245, 33.484182999808155], [-112.09994600023838, 33.48213399997389], [-112.09995999958376, 33.48174700032382]]]}, "properties": {"geoid": "04013110400", "name": "1104", "value": 5.001978302296611, "coverage": 1.0000000000009575, "n_tiles": 293, "vmin": 4.8525, "vmax": 5.3424, "metric": "recovery_gap_hours", "ok": true, "relief_hours": 0.998, "no_relief": false, "window_hours": 6.0, "population": 4948.0, "over_65": 418.0, "svi": 0.6438, "pct_over_65": 8.4, "pct_poverty": 29.6, "pct_mobile_homes": 0.0, "pct_no_vehicle": 8.2, "quadrant": "low_priority"}}, {"type": "Feature", "geometry": {"type": "Polygon", "coordinates": [[[-112.12559400023957, 33.553570000010126], [-112.12560500011024, 33.553088999632465], [-112.12178999972735, 33.553102999810484], [-112.12129099996007, 33.55310199963738], [-112.11952000012352, 33.55309799969366], [-112.11697299961192, 33.55309499992293], [-112.11696000009144, 33.55588600014318], [-112.11695599989349, 33.55670100028452], [-112.11695599989349, 33.55673900002909], [-112.11694800039587, 33.558413000160954], [-112.11694800039587, 33.55842700022472], [-112.11694699967265, 33.55854800014644], [-112.11693800035013, 33.56033299990985], [-112.11692800030438, 33.56219300008807], [-112.11696599993921, 33.5632490001093], [-112.11698100000784, 33.563644000199155], [-112.11698799968053, 33.564164999748975], [-112.11699500025153, 33.564296000300686], [-112.11697299961192, 33.56466699990483], [-112.11695800044161, 33.564918999673154], [-112.11691700043373, 33.56563700024972], [-112.11695199969552, 33.56578399973789], [-112.11704700013007, 33.566226999736976], [-112.11712499994788, 33.566818999712424], [-112.11717299962847, 33.567326000199834], [-112.11718100002439, 33.56744600037115], [-112.11719199989503, 33.56758299972032], [-112.11725700019237, 33.56758299972032], [-112.11732499996441, 33.56758399972573], [-112.11741500037611, 33.56758599973645], [-112.11779699996754, 33.5675919997683], [-112.11832500004712, 33.56759999981017], [-112.1189639995565, 33.567608999856375], [-112.119464000047, 33.56760499983594], [-112.1203360000832, 33.56759699979459], [-112.12121499979206, 33.56758999975771], [-112.12342199964672, 33.567601999820525], [-112.12372700014357, 33.56759899980501], [-112.12464299966234, 33.56758299972032], [-112.12540300044388, 33.56756100034761], [-112.12555499988152, 33.567560000341935], [-112.12554800020884, 33.56564599975206], [-112.1255609997293, 33.56251000004085], [-112.12556300027742, 33.56220099988153], [-112.12556499992726, 33.561819000118604], [-112.12556999995014, 33.56032399985389], [-112.12557199959996, 33.55889899986969], [-112.12557400014809, 33.55854700003639], [-112.12557699962284, 33.55815299995487], [-112.12558099982077, 33.55742500030463], [-112.12558199964569, 33.55669799989025], [-112.12558699966856, 33.55528900009188], [-112.12558800039179, 33.55500099973175], [-112.12559000004163, 33.55467399986657], [-112.12559400023957, 33.553570000010126]]]}, "properties": {"geoid": "04013105601", "name": "1056.01", "value": 3.3047733435415343, "coverage": 1.0000000000012472, "n_tiles": 161, "vmin": 2.889, "vmax": 4.1076, "metric": "recovery_gap_hours", "ok": true, "relief_hours": 2.695, "no_relief": false, "window_hours": 6.0, "population": 4061.0, "over_65": 326.0, "svi": 0.6351, "pct_over_65": 8.0, "pct_poverty": 23.8, "pct_mobile_homes": 0.0, "pct_no_vehicle": 5.9, "quadrant": "low_priority"}}, {"type": "Feature", "geometry": {"type": "Polygon", "coordinates": [[[-112.14293399960755, 33.5675270001492], [-112.14292299973691, 33.56539199979828], [-112.14292299973691, 33.565313000326306], [-112.14292199991199, 33.56465900033975], [-112.14292199991199, 33.56456100018059], [-112.14292100008709, 33.56392000036085], [-112.14292299973691, 33.563194000029306], [-112.14292399956183, 33.562468000331236], [-112.14292500028505, 33.56174900028064], [-112.14292299973691, 33.561029000151315], [-112.14292199991199, 33.5606579998893], [-112.14292199991199, 33.560312000276824], [-112.14291799971404, 33.55853099977168], [-112.14291699988912, 33.55707399983159], [-112.14291799971404, 33.55635300027019], [-112.14291799971404, 33.55630999967636], [-112.14291799971404, 33.55565099966613], [-112.14291799971404, 33.555526000346525], [-112.14291799971404, 33.55475800010802], [-112.14291699988912, 33.55458500026127], [-112.1429160000642, 33.553987000039456], [-112.1429160000642, 33.55389700031117], [-112.14291400041441, 33.55310199963738], [-112.14097799982308, 33.553100000039876], [-112.1388520001593, 33.553100000039876], [-112.13747299995988, 33.55309499992293], [-112.13601099991983, 33.55309200015205], [-112.13552600039625, 33.55309499992293], [-112.13435499971101, 33.5531149996404], [-112.13425500015191, 33.553116999986216], [-112.13424099990819, 33.55422299996297], [-112.13424400028124, 33.55495900011364], [-112.13425099995393, 33.55565299995322], [-112.13424699975597, 33.556342999663926], [-112.13424299955803, 33.55707800033983], [-112.13424099990819, 33.55818299964431], [-112.13424099990819, 33.55854900025641], [-112.13424000008327, 33.55927800026615], [-112.13423800043347, 33.560312000276824], [-112.13423500006041, 33.56108099987102], [-112.13423199968736, 33.56180900014522], [-112.13422900021264, 33.562546000096496], [-112.1342209998167, 33.56391099993009], [-112.13422400018976, 33.5642910000833], [-112.13423000003755, 33.565093999848884], [-112.13423500006041, 33.56567299975037], [-112.13425099995393, 33.5675320001792], [-112.1343680001298, 33.5675320001792], [-112.13857400032495, 33.56752400013107], [-112.13910999990215, 33.567530000167274], [-112.14265800032138, 33.567519000100546], [-112.14293399960755, 33.5675270001492]]]}, "properties": {"geoid": "04013105702", "name": "1057.02", "value": 3.351470745523164, "coverage": 1.0000000000013098, "n_tiles": 153, "vmin": 2.8873, "vmax": 4.2129, "metric": "recovery_gap_hours", "ok": true, "relief_hours": 2.649, "no_relief": false, "window_hours": 6.0, "population": 4287.0, "over_65": 381.0, "svi": 0.8291, "pct_over_65": 8.9, "pct_poverty": 28.3, "pct_mobile_homes": 1.9, "pct_no_vehicle": 9.0, "quadrant": "over_targeted"}}, {"type": "Feature", "geometry": {"type": "Polygon", "coordinates": [[[-112.15167400006091, 33.553116999986216], [-112.15163800007589, 33.551071000078416], [-112.15161999963425, 33.5494629999175], [-112.15158500037246, 33.547552999763504], [-112.15157199995366, 33.5466350001478], [-112.15156500028097, 33.54644399974919], [-112.15155199986218, 33.54570700017256], [-112.15155400041033, 33.54494200030068], [-112.15155600006014, 33.54443800026076], [-112.15155500023523, 33.54425099985185], [-112.1515590004332, 33.543257000279404], [-112.15156000025812, 33.5428079997641], [-112.1515590004332, 33.54270899997692], [-112.15156199990791, 33.54207599988233], [-112.1515679997557, 33.54026300023766], [-112.15157299977858, 33.53845199993743], [-112.1515529996871, 33.53845199993743], [-112.15143499968632, 33.53845199993743], [-112.14959899955242, 33.53847200004912], [-112.14877599992006, 33.538455000216565], [-112.14741400033742, 33.53846100002569], [-112.14738000000222, 33.53846100002569], [-112.14716699956689, 33.53846200036826], [-112.1446890004489, 33.538470999706725], [-112.14287800042939, 33.53847599992118], [-112.14060899975215, 33.538486000349195], [-112.13924799999442, 33.53849099981402], [-112.13860100008912, 33.53849400009181], [-112.13747700015786, 33.538499999898235], [-112.13439700044212, 33.538512999851875], [-112.13433200014478, 33.538512999851875], [-112.13432299992397, 33.540662999950406], [-112.134318999726, 33.541421000351804], [-112.13431600025127, 33.54216400009367], [-112.13430899968026, 33.54370900005615], [-112.13430600020553, 33.54439900007276], [-112.13430299983249, 33.54508200020607], [-112.13430000035774, 33.545820000129616], [-112.1342969999847, 33.54660200019532], [-112.13429199996183, 33.54765199999088], [-112.13429100013691, 33.54796600020373], [-112.13428899958876, 33.5483779999396], [-112.13428799976386, 33.548710000049155], [-112.13429299978672, 33.54910099986824], [-112.13428799976386, 33.54946599981439], [-112.13427600006828, 33.549858000166275], [-112.13427000022051, 33.55111899976847], [-112.13425500015191, 33.553116999986216], [-112.13435499971101, 33.5531149996404], [-112.13552600039625, 33.55309499992293], [-112.13601099991983, 33.55309200015205], [-112.13747299995988, 33.55309499992293], [-112.1388520001593, 33.553100000039876], [-112.14097799982308, 33.553100000039876], [-112.14291400041441, 33.55310199963738], [-112.14559900011993, 33.55310500015656], [-112.14617400005518, 33.55310600032957], [-112.14940100008403, 33.55310900009997], [-112.15156600010589, 33.55311900033198], [-112.15167400006091, 33.553116999986216]]]}, "properties": {"geoid": "04013105800", "name": "1058", "value": 3.9980909484306766, "coverage": 1.0000000000012905, "n_tiles": 306, "vmin": 3.3654, "vmax": 4.2129, "metric": "recovery_gap_hours", "ok": true, "relief_hours": 2.002, "no_relief": false, "window_hours": 6.0, "population": 6273.0, "over_65": 872.0, "svi": 0.5352, "pct_over_65": 13.9, "pct_poverty": 10.7, "pct_mobile_homes": 0.5, "pct_no_vehicle": 2.2, "quadrant": "low_priority"}}, {"type": "Feature", "geometry": {"type": "Polygon", "coordinates": [[[-112.09966599985589, 33.5567099999694], [-112.09967500007673, 33.55307799997226], [-112.09718000034201, 33.553050999779515], [-112.09701799996027, 33.55305000035447], [-112.09677799976076, 33.5530480000071], [-112.09617699988624, 33.55304299988716], [-112.09612800038076, 33.553041000288275], [-112.09506600037376, 33.55303200022109], [-112.0944429998596, 33.553025999926255], [-112.09393999989437, 33.55302099980503], [-112.09126500023456, 33.55299400034312], [-112.09020700042555, 33.552981999747736], [-112.08982099973784, 33.55297899997292], [-112.08972700002653, 33.552977999798394], [-112.08908299959596, 33.5529710000739], [-112.08838399981212, 33.55296400034878], [-112.08801700028934, 33.55295999965002], [-112.08693600001578, 33.55294799979856], [-112.0858399996736, 33.552935999945454], [-112.08475099990244, 33.55292199974038], [-112.08366799997907, 33.55291799978831], [-112.08258500005567, 33.55291500001128], [-112.08257599983484, 33.55510400025939], [-112.08257199963688, 33.55610700029196], [-112.08257199963688, 33.556149000100476], [-112.08256999998704, 33.556628999777054], [-112.08256800033725, 33.55708499973161], [-112.08256099976623, 33.55798999983826], [-112.08256099976623, 33.55805600001441], [-112.08255499991844, 33.55883399969584], [-112.08255499991844, 33.559709999641946], [-112.08255499991844, 33.56025799991371], [-112.08254999989556, 33.56097099990876], [-112.0825459996976, 33.56158199991409], [-112.08254499987268, 33.561732999860595], [-112.08253999984983, 33.56257599975717], [-112.08253599965187, 33.56339499986599], [-112.08253599965187, 33.56349099974577], [-112.08253499982698, 33.56492199978178], [-112.08253499982698, 33.56494299979094], [-112.08252899997919, 33.56600299996234], [-112.08252599960612, 33.566543999851845], [-112.08252599960612, 33.56662599974403], [-112.08252099958325, 33.567554000307865], [-112.08386200014782, 33.567558000330614], [-112.08416400027161, 33.567560000341935], [-112.08440899959568, 33.567560000341935], [-112.08486999972811, 33.56756200035321], [-112.08523600032433, 33.56756300035886], [-112.08692599997005, 33.56756400036445], [-112.08745599969946, 33.567565000370074], [-112.08912199995402, 33.56757099965491], [-112.08953600023081, 33.56757099965491], [-112.09076999976692, 33.56757099965491], [-112.09123799957207, 33.56757099965491], [-112.09197999991193, 33.56757099965491], [-112.09363399957262, 33.56757899969868], [-112.0945690002563, 33.56758399972573], [-112.09535400025386, 33.56758799974713], [-112.09613500005342, 33.5675919997683], [-112.09692500007387, 33.56759599978932], [-112.09714799965663, 33.56759699979459], [-112.09800200014946, 33.56760099981538], [-112.09961599962716, 33.567608999856375], [-112.09964300028967, 33.565060000176146], [-112.0996449999395, 33.56439600009665], [-112.0996459997644, 33.56396000001819], [-112.0996459997644, 33.563904000342994], [-112.0996459997644, 33.56385899966878], [-112.09964699958931, 33.56356000036541], [-112.09964900013745, 33.563008999911354], [-112.09965099978729, 33.56236699973391], [-112.09965099978729, 33.56226399963314], [-112.09965199961218, 33.562015999882064], [-112.09965199961218, 33.56190300014872], [-112.09965400016033, 33.561230999866005], [-112.09965699963506, 33.56043099962706], [-112.0996380002668, 33.559964999933165], [-112.09963999991663, 33.55974700021235], [-112.09964699958931, 33.55903499994849], [-112.09964800031254, 33.558927999942966], [-112.09965800035827, 33.55797799993693], [-112.0996669996808, 33.55723700017965], [-112.09966800040401, 33.55712099980279], [-112.0996669996808, 33.55701100003722], [-112.09966599985589, 33.5567099999694]]]}, "properties": {"geoid": "04013105400", "name": "1054", "value": 3.293933022701987, "coverage": 1.0000000000012985, "n_tiles": 289, "vmin": 2.8736, "vmax": 4.2329, "metric": "recovery_gap_hours", "ok": true, "relief_hours": 2.706, "no_relief": false, "window_hours": 6.0, "population": 3677.0, "over_65": 931.0, "svi": 0.3152, "pct_over_65": 25.3, "pct_poverty": 5.5, "pct_mobile_homes": 0.0, "pct_no_vehicle": 4.9, "quadrant": "low_priority"}}, {"type": "Feature", "geometry": {"type": "Polygon", "coordinates": [[[-112.06507200043531, 33.48108499994398], [-112.06507300026023, 33.48020700005657], [-112.06491000005363, 33.48020400000502], [-112.0641340002769, 33.48020400000502], [-112.0639579996515, 33.48020400000502], [-112.06064000028437, 33.48020599978962], [-112.05961900028528, 33.48021300015942], [-112.05912499964255, 33.48021000010801], [-112.05717800007889, 33.48021199989253], [-112.05634500040077, 33.48021300015942], [-112.05530000011223, 33.48021300015942], [-112.05321000043342, 33.48021300015942], [-112.0519890004178, 33.4802149999438], [-112.05104399968836, 33.4802149999438], [-112.049848999612, 33.48021300015942], [-112.04763500008465, 33.48021000010801], [-112.04763799955938, 33.48103499982754], [-112.04764199975733, 33.48186899991416], [-112.04764599995531, 33.482615000193874], [-112.04764699978021, 33.48268799963707], [-112.04765000015325, 33.48387399989259], [-112.04765099997817, 33.48449500002282], [-112.0476519998031, 33.48497999996701], [-112.047652999628, 33.48540199991492], [-112.04765500017614, 33.48604400002534], [-112.04765500017614, 33.48639899970261], [-112.04765699982595, 33.48742900006988], [-112.04765500017614, 33.48807900004908], [-112.04765000015325, 33.488779999983066], [-112.04764900032835, 33.48891899998837], [-112.04764599995531, 33.48943400020331], [-112.04764500013039, 33.48956399997711], [-112.04763900028259, 33.4906739998955], [-112.04763799955938, 33.49081100031772], [-112.04763099988668, 33.491994999955594], [-112.04762599986381, 33.49342599999393], [-112.04762599986381, 33.4934849999732], [-112.04762599986381, 33.49350499999512], [-112.04762599986381, 33.49352199967297], [-112.04762599986381, 33.4935540002915], [-112.04761800036621, 33.49472199979064], [-112.04847399961055, 33.49472299988989], [-112.04894499978874, 33.49472799963705], [-112.04901599993387, 33.4947289997363], [-112.04904000022331, 33.4947289997363], [-112.04912499971381, 33.4947289997363], [-112.0491740001176, 33.49473099993468], [-112.0495619995568, 33.49473500033137], [-112.0514200003303, 33.4947260001877], [-112.05202399967958, 33.4947260001877], [-112.05224600033574, 33.4947260001877], [-112.05294400029464, 33.4947260001877], [-112.05325700028911, 33.49472799963705], [-112.05427499991517, 33.4947289997363], [-112.05631899956317, 33.49473099993468], [-112.05768600006701, 33.4947340002322], [-112.05799300021367, 33.49473500033137], [-112.05852999961577, 33.494735999681374], [-112.05969899975288, 33.494735999681374], [-112.06072499977488, 33.49473699978047], [-112.06099400028671, 33.49473699978047], [-112.06285700018476, 33.49473699978047], [-112.06425200027768, 33.49473699978047], [-112.06468800029575, 33.49473699978047], [-112.06503899992504, 33.49474200027597], [-112.06504200029809, 33.49384799998939], [-112.06504499977282, 33.49283500011671], [-112.06504599959774, 33.49109599981809], [-112.06504700032096, 33.49029700020134], [-112.06504700032096, 33.49021099995971], [-112.0650499997957, 33.489329999944125], [-112.06505099962061, 33.48924300007793], [-112.06505399999368, 33.48839599982749], [-112.06505399999368, 33.48836000035773], [-112.0650570003667, 33.48747000009288], [-112.06505800019163, 33.48690199989211], [-112.06505900001653, 33.486514000372935], [-112.06506200038959, 33.48561599973123], [-112.0650640000394, 33.4847469997504], [-112.06506599968924, 33.48382600033783], [-112.06507099971209, 33.48200300004009], [-112.06507200043531, 33.48108499994398]]]}, "properties": {"geoid": "04013110600", "name": "1106", "value": 5.482526184307823, "coverage": 1.0000000000008504, "n_tiles": 301, "vmin": 4.7608, "vmax": 6.1863, "metric": "recovery_gap_hours", "ok": true, "relief_hours": 0.517, "no_relief": false, "window_hours": 6.0, "population": 4758.0, "over_65": 852.0, "svi": 0.735, "pct_over_65": 17.9, "pct_poverty": 15.3, "pct_mobile_homes": 0.4, "pct_no_vehicle": 7.7, "quadrant": "low_priority"}}, {"type": "Feature", "geometry": {"type": "Polygon", "coordinates": [[[-112.04765500017614, 33.48807900004908], [-112.04765699982595, 33.48742900006988], [-112.04765500017614, 33.48639899970261], [-112.04765500017614, 33.48604400002534], [-112.047652999628, 33.48540199991492], [-112.0476519998031, 33.48497999996701], [-112.04765099997817, 33.48449500002282], [-112.04765000015325, 33.48387399989259], [-112.04764699978021, 33.48268799963707], [-112.04764599995531, 33.482615000193874], [-112.04764199975733, 33.48186899991416], [-112.04763799955938, 33.48103499982754], [-112.04763500008465, 33.48021000010801], [-112.04679099963755, 33.480213999677], [-112.04470500015672, 33.48022599988125], [-112.0443720000708, 33.48022899993204], [-112.04375699995255, 33.480231999982706], [-112.04290699965767, 33.4802399998677], [-112.04221600026979, 33.48024799975189], [-112.04205999973584, 33.48025099980191], [-112.04138600006638, 33.480259999951414], [-112.04098100001043, 33.48027000036622], [-112.0405149998551, 33.48028300007949], [-112.0397390000784, 33.48028300007949], [-112.0396260001005, 33.48028799991108], [-112.03921099999877, 33.480304999935655], [-112.03889800000435, 33.48030600020141], [-112.0388389995548, 33.480306999717925], [-112.03856400009349, 33.480306999717925], [-112.03848200007774, 33.480306999717925], [-112.03844100006985, 33.480306999717925], [-112.03831800004622, 33.480307999983715], [-112.03834300016057, 33.480433000145894], [-112.03837800032065, 33.480609000032516], [-112.03843400039716, 33.48084299965161], [-112.03853899997915, 33.48120799997278], [-112.03869399978984, 33.48167800033817], [-112.03883699990497, 33.48203899990436], [-112.0390079996092, 33.4824190003067], [-112.03904799979219, 33.482508000016075], [-112.0391490000745, 33.482731000132226], [-112.03924799980871, 33.48294799976127], [-112.03945500039626, 33.483311999972656], [-112.03949100038128, 33.48337500027183], [-112.04015099980704, 33.48441600004353], [-112.04036599989219, 33.48476199996971], [-112.04043899968711, 33.484879000242685], [-112.04047100037249, 33.48493399995142], [-112.0405149998551, 33.48500799989946], [-112.0405569996879, 33.4850819997842], [-112.04090300019263, 33.485674999787165], [-112.04132300031719, 33.486425999730415], [-112.04153199965626, 33.48680799999824], [-112.04193599988729, 33.487508000297844], [-112.04203799999456, 33.487685000224445], [-112.04273699977836, 33.48895600014088], [-112.04289800033517, 33.48924900030404], [-112.04313299961349, 33.489689999675356], [-112.04328199957641, 33.489994999951854], [-112.04336600014031, 33.49019700008648], [-112.04345400000385, 33.490447000157026], [-112.04346999989738, 33.490500999927605], [-112.04351199973019, 33.49060000029366], [-112.04365800021836, 33.49110699987201], [-112.04368699963237, 33.4912270002332], [-112.04373900040922, 33.49143900036506], [-112.04378200006691, 33.49167699973214], [-112.04381200020416, 33.49191499994337], [-112.04384900001406, 33.492393000154145], [-112.04386200043287, 33.492699000022796], [-112.04385400003694, 33.49298699966044], [-112.04381399985397, 33.49351300015243], [-112.04377600021914, 33.49439699987146], [-112.0437669999983, 33.49457899970681], [-112.04376500034847, 33.49462700004414], [-112.04376000032559, 33.49475700026239], [-112.04391199976325, 33.49475099966878], [-112.0440210004415, 33.49474800012099], [-112.0443019997506, 33.49473500033137], [-112.04455899966855, 33.4947289997363], [-112.04476700008101, 33.49472799963705], [-112.04491199984597, 33.49472799963705], [-112.04496399972449, 33.49472799963705], [-112.04544599977335, 33.49472799963705], [-112.04761800036621, 33.49472199979064], [-112.04762599986381, 33.4935540002915], [-112.04762599986381, 33.49352199967297], [-112.04762599986381, 33.49350499999512], [-112.04762599986381, 33.4934849999732], [-112.04762599986381, 33.49342599999393], [-112.04763099988668, 33.491994999955594], [-112.04763799955938, 33.49081100031772], [-112.04763900028259, 33.4906739998955], [-112.04764500013039, 33.48956399997711], [-112.04764599995531, 33.48943400020331], [-112.04764900032835, 33.48891899998837], [-112.04765000015325, 33.488779999983066], [-112.04765500017614, 33.48807900004908]]]}, "properties": {"geoid": "04013110701", "name": "1107.01", "value": 5.954905478864302, "coverage": 1.0000000000011158, "n_tiles": 108, "vmin": 5.7088, "vmax": 6.0805, "metric": "recovery_gap_hours", "ok": true, "relief_hours": 0.045, "no_relief": false, "window_hours": 6.0, "population": 2244.0, "over_65": 225.0, "svi": 0.8603, "pct_over_65": 10.0, "pct_poverty": 29.3, "pct_mobile_homes": 4.7, "pct_no_vehicle": 9.4, "quadrant": "confirmed"}}, {"type": "Feature", "geometry": {"type": "Polygon", "coordinates": [[[-112.04385400003694, 33.49298699966044], [-112.04386200043287, 33.492699000022796], [-112.04384900001406, 33.492393000154145], [-112.04381200020416, 33.49191499994337], [-112.04378200006691, 33.49167699973214], [-112.04373900040922, 33.49143900036506], [-112.04368699963237, 33.4912270002332], [-112.04365800021836, 33.49110699987201], [-112.04351199973019, 33.49060000029366], [-112.04346999989738, 33.490500999927605], [-112.04345400000385, 33.490447000157026], [-112.04336600014031, 33.49019700008648], [-112.04328199957641, 33.489994999951854], [-112.04313299961349, 33.489689999675356], [-112.04289800033517, 33.48924900030404], [-112.04273699977836, 33.48895600014088], [-112.04203799999456, 33.487685000224445], [-112.04193599988729, 33.487508000297844], [-112.04153199965626, 33.48680799999824], [-112.04132300031719, 33.486425999730415], [-112.04090300019263, 33.485674999787165], [-112.0405569996879, 33.4850819997842], [-112.0405149998551, 33.48500799989946], [-112.04047100037249, 33.48493399995142], [-112.04043899968711, 33.484879000242685], [-112.04036599989219, 33.48476199996971], [-112.04015099980704, 33.48441600004353], [-112.03949100038128, 33.48337500027183], [-112.03945500039626, 33.483311999972656], [-112.03924799980871, 33.48294799976127], [-112.0391490000745, 33.482731000132226], [-112.03904799979219, 33.482508000016075], [-112.0390079996092, 33.4824190003067], [-112.03883699990497, 33.48203899990436], [-112.03869399978984, 33.48167800033817], [-112.03853899997915, 33.48120799997278], [-112.03843400039716, 33.48084299965161], [-112.03837800032065, 33.480609000032516], [-112.03834300016057, 33.480433000145894], [-112.03831800004622, 33.480307999983715], [-112.03805399955725, 33.48030999976591], [-112.03801300044766, 33.480311000031655], [-112.03755800016302, 33.48032500000437], [-112.03734200025293, 33.480331000098985], [-112.03717599967327, 33.480326000269955], [-112.03708399961177, 33.480323999738786], [-112.03686600005187, 33.48031799964369], [-112.03672299993676, 33.4803140000795], [-112.03551799981464, 33.4802929997423], [-112.03512399962932, 33.48028300007949], [-112.03454000037154, 33.4802860001283], [-112.03404900010187, 33.48028799991108], [-112.03392799972805, 33.48028900017701], [-112.03386300032903, 33.48028900017701], [-112.03379499965865, 33.48028900017701], [-112.03116000018183, 33.48030600020141], [-112.03017599999265, 33.480309000249484], [-112.03018100001552, 33.482120000293584], [-112.03018100001552, 33.48337200032993], [-112.03018000019061, 33.483942000152915], [-112.03018299966536, 33.484850000055324], [-112.03018500021349, 33.48575299991375], [-112.03018400038856, 33.4866579997331], [-112.03018299966536, 33.487577000134465], [-112.0301860000384, 33.48847799968758], [-112.03018699986329, 33.48879100033118], [-112.0301860000384, 33.489384999822995], [-112.0301860000384, 33.49002899993332], [-112.0301860000384, 33.49029700020134], [-112.0301860000384, 33.49120799982503], [-112.03018900041145, 33.492113999705985], [-112.03019100006128, 33.49302800004863], [-112.03019199988617, 33.49393400036456], [-112.03019500025923, 33.4948499996706], [-112.03099899962504, 33.49483900009218], [-112.03236699995377, 33.49482999995932], [-112.03453100015072, 33.494811999690825], [-112.03607400038165, 33.49479899991082], [-112.03672100028692, 33.49478299983308], [-112.03690500040993, 33.49477699999047], [-112.03860400027646, 33.49478500003026], [-112.03889999965416, 33.49478299983308], [-112.04107600044499, 33.49476799985121], [-112.04216600004106, 33.494771000147466], [-112.0429290002973, 33.494775999891786], [-112.04313199978857, 33.494772000246144], [-112.04350500005748, 33.49476500030397], [-112.04376000032559, 33.49475700026239], [-112.04376500034847, 33.49462700004414], [-112.0437669999983, 33.49457899970681], [-112.04377600021914, 33.49439699987146], [-112.04381399985397, 33.49351300015243], [-112.04385400003694, 33.49298699966044]]]}, "properties": {"geoid": "04013110702", "name": "1107.02", "value": 6.0, "coverage": 1.0000000000004596, "n_tiles": 203, "vmin": 5.9695, "vmax": 6.1162, "metric": "recovery_gap_hours", "ok": true, "relief_hours": 0.0, "no_relief": true, "window_hours": 6.0, "population": 4571.0, "over_65": 421.0, "svi": 0.6755, "pct_over_65": 9.2, "pct_poverty": 25.8, "pct_mobile_homes": 0.7, "pct_no_vehicle": 6.4, "quadrant": "blind_spot"}}, {"type": "Feature", "geometry": {"type": "Polygon", "coordinates": [[[-112.13446699986402, 33.46685300022885], [-112.1344729997118, 33.46594999971185], [-112.13217399979564, 33.46594699991601], [-112.13177799996052, 33.46594699991601], [-112.12850800027397, 33.465939999892484], [-112.12796699977557, 33.46593900021023], [-112.12715699966367, 33.46593900021023], [-112.12579000005816, 33.465939999892484], [-112.12364099992985, 33.465939999892484], [-112.12146099983939, 33.465939999892484], [-112.11930599986326, 33.46594400012011], [-112.11855199982786, 33.46594299968851], [-112.11727599956062, 33.46593900021023], [-112.1171330003438, 33.46593900021023], [-112.11712999997073, 33.46605900021625], [-112.1171330003438, 33.46699900013598], [-112.11711699955194, 33.469551999883755], [-112.1171130002523, 33.470468999657214], [-112.11710800022945, 33.4717070003513], [-112.11710200038166, 33.473290000280564], [-112.11710200038166, 33.47331800024481], [-112.11708099956695, 33.47681899976176], [-112.11704799995499, 33.478878000009765], [-112.1170410002823, 33.47943599987054], [-112.1170339997113, 33.4800219999292], [-112.11703100023655, 33.480057000348125], [-112.11702600021367, 33.48011699996295], [-112.11703200006146, 33.48020700005657], [-112.11705100032803, 33.48029099995971], [-112.11706700022157, 33.480323000222455], [-112.11711499990214, 33.48039300005366], [-112.1171330003438, 33.480433999660946], [-112.11719699991788, 33.48043199988156], [-112.11747999977513, 33.480434999925215], [-112.11778899957162, 33.480437999968814], [-112.11867800022455, 33.48043100036648], [-112.12031799964153, 33.480430000102174], [-112.12136799995294, 33.480430000102174], [-112.12184400015401, 33.48043100036648], [-112.12396099959696, 33.480433999660946], [-112.12568100027822, 33.480434999925215], [-112.1275380003285, 33.480437999968814], [-112.1277280002993, 33.480437999968814], [-112.12834800044041, 33.48045399969989], [-112.12917000024788, 33.48049699980545], [-112.13001999964443, 33.48050499966591], [-112.13226800040528, 33.480485999902484], [-112.13265900021753, 33.480482999860534], [-112.13436200028201, 33.48046899991341], [-112.13437200032777, 33.478964999797576], [-112.13438599967316, 33.4767989996329], [-112.13439700044212, 33.47499100023423], [-112.13440300028991, 33.47408299964839], [-112.13440900013768, 33.473163000355804], [-112.13441699963528, 33.47220300016054], [-112.13442599985612, 33.471234000233345], [-112.13443400025204, 33.47026699997575], [-112.13444000009983, 33.469562000035765], [-112.13444299957456, 33.46929299966627], [-112.13444799959744, 33.46865699996538], [-112.13445599999335, 33.4677579996531], [-112.13446699986402, 33.46685300022885]]]}, "properties": {"geoid": "04013112100", "name": "1121", "value": 5.011579114144203, "coverage": 1.000000000000457, "n_tiles": 289, "vmin": 4.8163, "vmax": 5.1247, "metric": "recovery_gap_hours", "ok": true, "relief_hours": 0.988, "no_relief": false, "window_hours": 6.0, "population": 3919.0, "over_65": 250.0, "svi": 0.6969, "pct_over_65": 6.4, "pct_poverty": 25.9, "pct_mobile_homes": 0.0, "pct_no_vehicle": 4.7, "quadrant": "low_priority"}}, {"type": "Feature", "geometry": {"type": "Polygon", "coordinates": [[[-112.13424099990819, 33.55422299996297], [-112.13425500015191, 33.553116999986216], [-112.13297899988466, 33.55310600032957], [-112.13255499956215, 33.55310500015656], [-112.13189599996127, 33.55311900033198], [-112.13102999977288, 33.55310199963738], [-112.13088500000792, 33.553098999866805], [-112.13012699977456, 33.55309799969366], [-112.1278279998584, 33.55309200015205], [-112.12708399986873, 33.55309200015205], [-112.12560500011024, 33.553088999632465], [-112.12559400023957, 33.553570000010126], [-112.12559000004163, 33.55467399986657], [-112.12558800039179, 33.55500099973175], [-112.12558699966856, 33.55528900009188], [-112.12558199964569, 33.55669799989025], [-112.12558099982077, 33.55742500030463], [-112.12557699962284, 33.55815299995487], [-112.12557400014809, 33.55854700003639], [-112.12557199959996, 33.55889899986969], [-112.12556999995014, 33.56032399985389], [-112.12556499992726, 33.561819000118604], [-112.12556300027742, 33.56220099988153], [-112.1255609997293, 33.56251000004085], [-112.12554800020884, 33.56564599975206], [-112.12555499988152, 33.567560000341935], [-112.12663299978202, 33.5675520002964], [-112.12974400035823, 33.56755900033631], [-112.13075299976344, 33.56755700032496], [-112.13205300032013, 33.567555000313554], [-112.13209299960478, 33.567554000307865], [-112.13252100012527, 33.56754200023838], [-112.13299099958023, 33.567541000232545], [-112.13315899980974, 33.567540000226636], [-112.13425099995393, 33.5675320001792], [-112.13423500006041, 33.56567299975037], [-112.13423000003755, 33.565093999848884], [-112.13422400018976, 33.5642910000833], [-112.1342209998167, 33.56391099993009], [-112.13422900021264, 33.562546000096496], [-112.13423199968736, 33.56180900014522], [-112.13423500006041, 33.56108099987102], [-112.13423800043347, 33.560312000276824], [-112.13424000008327, 33.55927800026615], [-112.13424099990819, 33.55854900025641], [-112.13424099990819, 33.55818299964431], [-112.13424299955803, 33.55707800033983], [-112.13424699975597, 33.556342999663926], [-112.13425099995393, 33.55565299995322], [-112.13424400028124, 33.55495900011364], [-112.13424099990819, 33.55422299996297]]]}, "properties": {"geoid": "04013105602", "name": "1056.02", "value": 3.300435214486282, "coverage": 1.0000000000014178, "n_tiles": 156, "vmin": 2.8888, "vmax": 4.1447, "metric": "recovery_gap_hours", "ok": true, "relief_hours": 2.7, "no_relief": false, "window_hours": 6.0, "population": 6399.0, "over_65": 321.0, "svi": 0.8464, "pct_over_65": 5.0, "pct_poverty": 40.2, "pct_mobile_homes": 0.0, "pct_no_vehicle": 9.4, "quadrant": "over_targeted"}}, {"type": "Feature", "geometry": {"type": "Polygon", "coordinates": [[[-112.02154000019469, 33.457057999893564], [-112.02154299966944, 33.45495599984429], [-112.02152799960082, 33.45289799994735], [-112.02151799955507, 33.45263699976572], [-112.02153000014894, 33.452563999740896], [-112.02153099997386, 33.45141099997719], [-112.02153799964655, 33.45133000011504], [-112.0193940004394, 33.45132299966074], [-112.01722299967145, 33.4513159999554], [-112.0159649998459, 33.45131799965707], [-112.01301499982648, 33.45132000010829], [-112.01289799965063, 33.451310000100385], [-112.01290100002367, 33.454927999944], [-112.01290100002367, 33.455196000117766], [-112.01290100002367, 33.4552909996365], [-112.01290100002367, 33.455830000055755], [-112.01290100002367, 33.45674700035061], [-112.0129029996735, 33.45753199995751], [-112.01290400039674, 33.45764900027657], [-112.01290799969638, 33.45843199967392], [-112.01290500022165, 33.45856800035409], [-112.01296200012304, 33.45856099973464], [-112.01311500028392, 33.45854799976045], [-112.01507600009128, 33.45854399994098], [-112.017238999565, 33.45855600014837], [-112.01904600028487, 33.45856099973464], [-112.01940100011211, 33.45856200025144], [-112.02009800024611, 33.45856399978608], [-112.02015500014751, 33.45856399978608], [-112.02084600043374, 33.458566999837366], [-112.02107700041243, 33.458573999706864], [-112.02139700007957, 33.45858100032528], [-112.02151300043052, 33.458570999655834], [-112.02150699968442, 33.45855300009664], [-112.02150300038477, 33.45830600023103], [-112.0214919996158, 33.45824700027432], [-112.02154299966944, 33.45818800027751], [-112.02154000019469, 33.457057999893564]]]}, "properties": {"geoid": "04013113502", "name": "1135.02", "value": 6.0, "coverage": 1.0000000000005562, "n_tiles": 85, "vmin": 6.0001, "vmax": 6.0006, "metric": "recovery_gap_hours", "ok": true, "relief_hours": 0.0, "no_relief": true, "window_hours": 6.0, "population": 3243.0, "over_65": 160.0, "svi": 0.918, "pct_over_65": 4.9, "pct_poverty": 54.3, "pct_mobile_homes": 0.0, "pct_no_vehicle": 11.1, "quadrant": "confirmed"}}, {"type": "Feature", "geometry": {"type": "Polygon", "coordinates": [[[-112.00421300034718, 33.466844000185425], [-112.00421499999702, 33.46570700017712], [-112.0020469996021, 33.46570200025356], [-112.00103700037198, 33.465690999971066], [-112.00027999996351, 33.4656839999268], [-111.99991099989256, 33.46568800016625], [-111.99761600017438, 33.46566700003111], [-111.99743299987627, 33.465669000151216], [-111.99558500004683, 33.46565700017909], [-111.99558599987174, 33.4658879999138], [-111.9955709998031, 33.46720999994706], [-111.99555499990959, 33.468667000220655], [-111.99555599973452, 33.46901999987502], [-111.99555699955941, 33.469371999947704], [-111.99554900006181, 33.471206000345006], [-111.99554499986385, 33.472816999811194], [-111.99554900006181, 33.47306400029124], [-111.99555499990959, 33.473437999775065], [-111.99555200043487, 33.47413400036758], [-111.9955480002369, 33.47492200011278], [-111.99554099966589, 33.47558300006042], [-111.99554900006181, 33.476020000314186], [-111.99554700041199, 33.476134000213335], [-111.99552999979524, 33.4772330003427], [-111.99552999979524, 33.478157999833655], [-111.99551899992458, 33.479087000308795], [-111.99550999970374, 33.480420999970335], [-111.99565399964379, 33.48042299974992], [-111.99767600044883, 33.48043199988156], [-111.99985700036422, 33.48044100001227], [-112.00202099966285, 33.48044800036301], [-112.00255100029057, 33.48045199992101], [-112.0036790004198, 33.48045199992101], [-112.00419699955535, 33.48045800000683], [-112.00420099975331, 33.47994399988669], [-112.0041780001871, 33.479199999640215], [-112.00418400003488, 33.47822600008537], [-112.00419099970755, 33.47768700030545], [-112.00419900010347, 33.4773209998348], [-112.00420199957821, 33.47676799987369], [-112.00420599977618, 33.476275999720265], [-112.00420300030144, 33.475859000358824], [-112.00420300030144, 33.47523299963935], [-112.00419800027856, 33.47495900024993], [-112.00420099975331, 33.47435900022896], [-112.00419999992839, 33.473983999885604], [-112.00419699955535, 33.473107000318016], [-112.00420300030144, 33.47249900036197], [-112.00420499995126, 33.4715359999523], [-112.00420599977618, 33.471220999911615], [-112.00420999997414, 33.46940500013882], [-112.00420300030144, 33.46888799994753], [-112.00420199957821, 33.468732999628436], [-112.00420999997414, 33.46742500015313], [-112.00421300034718, 33.466844000185425]]]}, "properties": {"geoid": "04013111402", "name": "1114.02", "value": 5.999998055024101, "coverage": 1.00000000000032, "n_tiles": 162, "vmin": 5.9994, "vmax": 6.0004, "metric": "recovery_gap_hours", "ok": true, "relief_hours": 0.0, "no_relief": false, "window_hours": 6.0, "population": 3471.0, "over_65": 260.0, "svi": 0.8135, "pct_over_65": 7.5, "pct_poverty": 33.6, "pct_mobile_homes": 1.9, "pct_no_vehicle": 23.5, "quadrant": "confirmed"}}, {"type": "Feature", "geometry": {"type": "Polygon", "coordinates": [[[-112.15174100000806, 33.567521000112784], [-112.15175199987873, 33.567521000112784], [-112.1517369998101, 33.56567299975037], [-112.15173299961215, 33.563902000247], [-112.15172299956642, 33.562819999903624], [-112.15172099991658, 33.56188999997121], [-112.1517219997415, 33.56139100037193], [-112.15171500006878, 33.56067599993068], [-112.15171199969575, 33.560349999929855], [-112.15171699971863, 33.5592649996935], [-112.151709000221, 33.558828999910745], [-112.15170599984796, 33.55802899988041], [-112.15171099987084, 33.55780599992032], [-112.1516859997565, 33.55724499968361], [-112.1516799999087, 33.555843000065444], [-112.15169499997731, 33.555035999772144], [-112.15167400006091, 33.553116999986216], [-112.15156600010589, 33.55311900033198], [-112.14940100008403, 33.55310900009997], [-112.14617400005518, 33.55310600032957], [-112.14559900011993, 33.55310500015656], [-112.14291400041441, 33.55310199963738], [-112.1429160000642, 33.55389700031117], [-112.1429160000642, 33.553987000039456], [-112.14291699988912, 33.55458500026127], [-112.14291799971404, 33.55475800010802], [-112.14291799971404, 33.555526000346525], [-112.14291799971404, 33.55565099966613], [-112.14291799971404, 33.55630999967636], [-112.14291799971404, 33.55635300027019], [-112.14291699988912, 33.55707399983159], [-112.14291799971404, 33.55853099977168], [-112.14292199991199, 33.560312000276824], [-112.14292199991199, 33.5606579998893], [-112.14292299973691, 33.561029000151315], [-112.14292500028505, 33.56174900028064], [-112.14292399956183, 33.562468000331236], [-112.14292299973691, 33.563194000029306], [-112.14292100008709, 33.56392000036085], [-112.14292199991199, 33.56456100018059], [-112.14292199991199, 33.56465900033975], [-112.14292299973691, 33.565313000326306], [-112.14292299973691, 33.56539199979828], [-112.14293399960755, 33.5675270001492], [-112.14388699983462, 33.567521000112784], [-112.14418800013348, 33.567521000112784], [-112.14477200028959, 33.56753700020896], [-112.14656099966949, 33.567519000100546], [-112.14850999978127, 33.56751800009445], [-112.14955900026777, 33.567519000100546], [-112.15163700025099, 33.56752200011891], [-112.15170400019815, 33.567521000112784], [-112.15171500006878, 33.567521000112784], [-112.15172900031251, 33.567521000112784], [-112.15174100000806, 33.567521000112784]]]}, "properties": {"geoid": "04013105701", "name": "1057.01", "value": 3.1154127259834383, "coverage": 1.0000000000014613, "n_tiles": 153, "vmin": 2.8556, "vmax": 4.1096, "metric": "recovery_gap_hours", "ok": true, "relief_hours": 2.885, "no_relief": false, "window_hours": 6.0, "population": 3494.0, "over_65": 492.0, "svi": 0.81, "pct_over_65": 14.1, "pct_poverty": 26.7, "pct_mobile_homes": 0.0, "pct_no_vehicle": 7.4, "quadrant": "over_targeted"}}, {"type": "Feature", "geometry": {"type": "Polygon", "coordinates": [[[-112.09989600000966, 33.499505000245165], [-112.09989600000966, 33.4994639999278], [-112.09934100016588, 33.499733000248845], [-112.09919800005075, 33.499810999698276], [-112.0990199997755, 33.499908999867245], [-112.09887400018566, 33.49998499983024], [-112.09868699968959, 33.50006699995198], [-112.09857100023693, 33.500112000131914], [-112.09853000022906, 33.500119999678724], [-112.09837500041837, 33.50017400015848], [-112.09829500005243, 33.50019600020553], [-112.09825800024251, 33.50021300006782], [-112.09821899988444, 33.50022499974827], [-112.09817799987657, 33.50023300003373], [-112.09810000005875, 33.50025900020723], [-112.09774600005643, 33.500368000244556], [-112.0977090002465, 33.500385000073074], [-112.09747400006985, 33.50046100036721], [-112.097392999879, 33.50048100027581], [-112.0971960002355, 33.50054200000602], [-112.09712000006753, 33.500571000181935], [-112.09688300024108, 33.50064200015832], [-112.09680500042326, 33.500670000270205], [-112.09672400023241, 33.5006910001609], [-112.0965690004217, 33.500743000224944], [-112.09652699969061, 33.500753999802335], [-112.0964840000329, 33.500753999802335], [-112.09626999977264, 33.50077399964325], [-112.09614299955106, 33.50077399964325], [-112.09605899988546, 33.50076700018631], [-112.09588999983106, 33.50076700018631], [-112.09567700029403, 33.50076200003887], [-112.09555300044546, 33.50075899995025], [-112.09546800005666, 33.500751999743045], [-112.09525600034458, 33.500748999654085], [-112.09487600040295, 33.500740000135664], [-112.09483299984694, 33.500742000195174], [-112.09457900030203, 33.50073600001645], [-112.09445299990534, 33.50072399965776], [-112.09441199989746, 33.50071500013667], [-112.0941609998273, 33.50068900010015], [-112.0940770001617, 33.500686000009004], [-112.09386799992434, 33.500664000086495], [-112.09378500008366, 33.50064999965617], [-112.0935349998384, 33.50062499963124], [-112.09344899962467, 33.500618000162305], [-112.09336499995908, 33.50061400003745], [-112.09319799955452, 33.50059100006513], [-112.09315499989681, 33.50059100006513], [-112.09290300000173, 33.50056600002311], [-112.09282000016107, 33.50055399964085], [-112.09248399970208, 33.500520000046855], [-112.09239900021157, 33.50051499988514], [-112.09223099998209, 33.50049800008214], [-112.09218800032438, 33.50049800008214], [-112.09206199992767, 33.500491999886506], [-112.09197900008701, 33.50048100027581], [-112.0918939996982, 33.50048300034131], [-112.09130000039467, 33.50052900033724], [-112.09113100034025, 33.50054800019819], [-112.09104000010366, 33.50055899980036], [-112.09078400001061, 33.500599000316726], [-112.0895219999871, 33.50079700031599], [-112.08898100038702, 33.500894000089836], [-112.08890000019618, 33.50091399989841], [-112.08885699964014, 33.50091499992619], [-112.08877899982234, 33.50094299994971], [-112.08837200011658, 33.50104000030904], [-112.08829299957554, 33.50106400018806], [-112.08805199955113, 33.50113099965918], [-112.08797499955821, 33.50115900036192], [-112.08789400026568, 33.50117900010926], [-112.08765499989109, 33.5012470002644], [-112.08756500037771, 33.50126900003875], [-112.08748800038482, 33.50129599992445], [-112.08732699982804, 33.50133700012314], [-112.08720700017743, 33.501373000190256], [-112.08697700002365, 33.50145799981073], [-112.08689900020585, 33.50148499963748], [-112.08682399986277, 33.501517000309015], [-112.08678299985489, 33.501525999746704], [-112.08674699986989, 33.50154500013786], [-112.08666800022716, 33.50156799985669], [-112.08651699971614, 33.50163000033853], [-112.08647700043147, 33.50163999978381], [-112.08624499972954, 33.50172199983596], [-112.08617100010973, 33.50175399967078], [-112.08613000010183, 33.50176399985084], [-112.08609400011682, 33.50178300018975], [-112.08601399975088, 33.50180599984534], [-112.08570800032743, 33.501922000295025], [-112.08563299998437, 33.501955000071675], [-112.08547800017368, 33.502011000185966], [-112.08544200018866, 33.50202899970666], [-112.08532800038584, 33.50207599964447], [-112.08524899984482, 33.50210099999941], [-112.08517400040006, 33.502132999694126], [-112.08513500004199, 33.50214699988459], [-112.08475500010039, 33.50230000032014], [-112.08455599990877, 33.50235900024449], [-112.08447399989299, 33.50237799970369], [-112.08411599969273, 33.50248200002092], [-112.08403500040019, 33.5025020002116], [-112.08395800040728, 33.50252999972181], [-112.08335800035765, 33.50269800033806], [-112.08331899999959, 33.50271199968806], [-112.08323799980873, 33.50273199982559], [-112.08316099981585, 33.5027600000105], [-112.08304100016525, 33.50279200021066], [-112.08299900033246, 33.50280000025882], [-112.08292099961633, 33.50282599966127], [-112.0826799995919, 33.50289300001573], [-112.08260299959902, 33.50292100014854], [-112.08252200030647, 33.50294100023778], [-112.08248299994843, 33.502955000297554], [-112.08244000029072, 33.50296700034695], [-112.08244000029072, 33.5030229998065], [-112.08244000029072, 33.50306899995077], [-112.08244399959037, 33.50353500003373], [-112.08244699996341, 33.50387799998998], [-112.08245500035933, 33.50479799962854], [-112.08246200003202, 33.50571000019585], [-112.08247000042796, 33.50661399969727], [-112.08247700010064, 33.50753400021323], [-112.08248499959825, 33.508431999741966], [-112.08248399977333, 33.50916199996235], [-112.08248399977333, 33.50934099967338], [-112.0868880003352, 33.509411000016236], [-112.08907599992327, 33.50944499986272], [-112.09067100003274, 33.50946699980029], [-112.09122400022669, 33.50947499998052], [-112.0929160004205, 33.509506000016394], [-112.09563700011105, 33.50954600014297], [-112.09748900013847, 33.50957600022576], [-112.09868000001687, 33.509597000202625], [-112.0998709998953, 33.50962499966452], [-112.09986800042057, 33.509457999690305], [-112.09988000011612, 33.50776499988623], [-112.0998840003141, 33.50687000005437], [-112.09988799961376, 33.50598900027299], [-112.09988900033696, 33.505904999828914], [-112.09988799961376, 33.50532800017513], [-112.09988699978884, 33.504514000275485], [-112.09988599996392, 33.504129000247524], [-112.09989099998678, 33.502296000273006], [-112.09989299963661, 33.50140100006568], [-112.09989500018474, 33.50050799965821], [-112.09989600000966, 33.49952999984449], [-112.09989600000966, 33.499505000245165]]]}, "properties": {"geoid": "04013108902", "name": "1089.02", "value": 4.905977504699588, "coverage": 1.000000000001376, "n_tiles": 188, "vmin": 4.1433, "vmax": 5.1993, "metric": "recovery_gap_hours", "ok": true, "relief_hours": 1.094, "no_relief": false, "window_hours": 6.0, "population": 5188.0, "over_65": 358.0, "svi": 0.7968, "pct_over_65": 6.9, "pct_poverty": 30.6, "pct_mobile_homes": 1.1, "pct_no_vehicle": 17.5, "quadrant": "over_targeted"}}, {"type": "Feature", "geometry": {"type": "Polygon", "coordinates": [[[-112.1429079996683, 33.52401699992958], [-112.1429000001707, 33.523981000296246], [-112.14288000007919, 33.5239459996606], [-112.1426900001084, 33.52394000034189], [-112.14124599961168, 33.5239459996606], [-112.14016000021357, 33.52395000020472], [-112.13855300040855, 33.523957000033086], [-112.13691300009324, 33.523963000099506], [-112.13607500039225, 33.52396600013251], [-112.1344319997039, 33.52397200019831], [-112.13438999987112, 33.52397099968815], [-112.13432200009905, 33.523969000165465], [-112.13425500015191, 33.52396600013251], [-112.13426000017478, 33.52530199976531], [-112.13426199982459, 33.52759700029038], [-112.13426199982459, 33.52868800028879], [-112.1342629996495, 33.52903300028315], [-112.13425299960377, 33.5297470000471], [-112.13425400032698, 33.530463999713525], [-112.13425599997682, 33.53122100001278], [-112.13426199982459, 33.53196500023618], [-112.13427600006828, 33.53266500000767], [-112.13427799971812, 33.53268799969109], [-112.13428399956591, 33.53336300004781], [-112.13428500028913, 33.533389000000554], [-112.13429100013691, 33.534058999656125], [-112.13429100013691, 33.53410600016575], [-112.1342979998096, 33.53477099982657], [-112.1342979998096, 33.53482699966698], [-112.13430500038062, 33.535549000270386], [-112.1343110002284, 33.53625599980708], [-112.13433200014478, 33.538512999851875], [-112.13439700044212, 33.538512999851875], [-112.13747700015786, 33.538499999898235], [-112.13860100008912, 33.53849400009181], [-112.13924799999442, 33.53849099981402], [-112.14060899975215, 33.538486000349195], [-112.14287800042939, 33.53847599992118], [-112.14287599988126, 33.53841499998064], [-112.1428669996604, 33.53811600021412], [-112.14286099981263, 33.53792299975799], [-112.14284900011705, 33.53750600007496], [-112.14284900011705, 33.53626500012401], [-112.14284599974401, 33.5355439998866], [-112.14284300026928, 33.53484400021301], [-112.14283700042151, 33.534815999928476], [-112.14285900016282, 33.534095000335554], [-112.14286099981263, 33.533389000000554], [-112.14286800038364, 33.5326760000198], [-112.14286800038364, 33.53195099962881], [-112.14286599983551, 33.531190999948045], [-112.14286599983551, 33.53043699994348], [-112.14286599983551, 33.52971799991457], [-112.14285999998772, 33.52899800019453], [-112.1428580003379, 33.528300000111464], [-112.14285999998772, 33.527683000078845], [-112.14288299955395, 33.5275659999973], [-112.14288599992697, 33.527536999882216], [-112.14288799957683, 33.52685399965308], [-112.14289099994986, 33.526160999665535], [-112.14289099994986, 33.52545799967946], [-112.14289900034578, 33.52475499996969], [-112.1429079996683, 33.52401699992958]]]}, "properties": {"geoid": "04013107002", "name": "1070.02", "value": 3.9978843012508714, "coverage": 1.0000000000007647, "n_tiles": 153, "vmin": 3.9936, "vmax": 4.0018, "metric": "recovery_gap_hours", "ok": true, "relief_hours": 2.002, "no_relief": false, "window_hours": 6.0, "population": 3854.0, "over_65": 449.0, "svi": 0.8868, "pct_over_65": 11.7, "pct_poverty": 42.5, "pct_mobile_homes": 7.1, "pct_no_vehicle": 7.2, "quadrant": "over_targeted"}}, {"type": "Feature", "geometry": {"type": "Polygon", "coordinates": [[[-112.03049499983487, 33.42800599983396], [-112.03046200022291, 33.42792900034194], [-112.03040799979625, 33.42776800029739], [-112.03037199981124, 33.427598999710504], [-112.0303550000928, 33.42745800007373], [-112.03034699969689, 33.42730899993745], [-112.03035099989482, 33.42711800010317], [-112.0303690003365, 33.42689799976546], [-112.0303769998341, 33.4268199999071], [-112.03040000029863, 33.42656899984889], [-112.0298839999146, 33.426490999694906], [-112.02937500010158, 33.42639799965043], [-112.02912700040446, 33.42634399967566], [-112.02881600005983, 33.426271000017294], [-112.0284539996616, 33.426175000065015], [-112.02804699995582, 33.426054000208204], [-112.02769100030366, 33.42593599986321], [-112.027272000004, 33.42578700011337], [-112.02720699970668, 33.425762000230925], [-112.02688500038973, 33.42563800010778], [-112.02644299962552, 33.42545700033561], [-112.02607199990476, 33.425292000351206], [-112.02557999981018, 33.42505799998546], [-112.02487299963043, 33.424674000171535], [-112.02476399985049, 33.4246149998309], [-112.0243570001447, 33.42439999995318], [-112.0240459998001, 33.424222000338474], [-112.02392299977645, 33.42414899964543], [-112.02355200005566, 33.42391799969771], [-112.0230409996945, 33.42356900007143], [-112.02271099998163, 33.42333199978961], [-112.02239100031449, 33.42309099965569], [-112.02201999969539, 33.42279999963842], [-112.02170599987603, 33.42254200017553], [-112.02139000040685, 33.42227099978327], [-112.02108099971207, 33.42198999965632], [-112.02096199988637, 33.42187500035602], [-112.02074199977834, 33.421666000096735], [-112.0204070000426, 33.42132400029119], [-112.02015699979734, 33.42105599969508], [-112.01983100028241, 33.42069199975403], [-112.01930300020283, 33.420072000147705], [-112.018857000139, 33.41954899996883], [-112.01864100022893, 33.4192960001925], [-112.01849700028886, 33.419127000358024], [-112.0184370000144, 33.4190550001024], [-112.01811099960118, 33.41915700025952], [-112.01310900043613, 33.421648999820306], [-112.01308099994874, 33.422229000225], [-112.01206800034555, 33.42220999968626], [-112.00944200019126, 33.42216000010326], [-112.0093269996652, 33.42215799972947], [-112.0078610003255, 33.42213099992709], [-112.00499699962151, 33.422077000297094], [-112.0046309999236, 33.42206999973171], [-112.0046440003424, 33.42199099984516], [-112.00467899960418, 33.42178400024753], [-112.00394700020841, 33.421249999963074], [-112.00358700035828, 33.42098899979171], [-112.00319599964774, 33.4207039999494], [-112.00302400011859, 33.42087200026164], [-112.00280900003344, 33.42105800009428], [-112.00266099989544, 33.42117299972694], [-112.00246900027481, 33.421304000107426], [-112.00238800008395, 33.42135299998719], [-112.00230900044123, 33.42140099964367], [-112.00226800043336, 33.42142499983683], [-112.00215600028037, 33.421482999901365], [-112.00199600044678, 33.421565000081664], [-112.00188699976853, 33.42161099998431], [-112.00171600006429, 33.42168399981238], [-112.00161200030723, 33.42172299980835], [-112.00140300006986, 33.42179399990984], [-112.00113199990821, 33.42187100034501], [-112.00091400034833, 33.42191999990477], [-112.00074600011882, 33.42195099978027], [-112.0004620004367, 33.42198500021148], [-112.00025599967407, 33.422001000233344], [-112.00002399987046, 33.4220090002432], [-111.99978600021909, 33.42200699986592], [-111.99762399967199, 33.42196699980846], [-111.99574099968243, 33.42193099974095], [-111.99546500039622, 33.42190600024758], [-111.9952949996186, 33.42190299967808], [-111.99124099975941, 33.42189999985825], [-111.98680799978355, 33.42189800022824], [-111.98612300024342, 33.42187999980719], [-111.98550300010233, 33.42186300032244], [-111.9854329997821, 33.42186099994179], [-111.98504399961969, 33.42186899996455], [-111.9841289999258, 33.421891999838415], [-111.9839170002137, 33.42189999985825], [-111.98365500027288, 33.421909000067195], [-111.98332800003473, 33.42190600024758], [-111.98237200033294, 33.42190299967808], [-111.98180200042054, 33.42190299967808], [-111.98142800032673, 33.421886000197894], [-111.9812910000594, 33.42187699998656], [-111.98106900030153, 33.42187100034501], [-111.9800890003103, 33.421889000018204], [-111.97995700006585, 33.42189099964843], [-111.97888800038616, 33.42189499965852], [-111.97836899962908, 33.42189899966836], [-111.9783700003523, 33.42213399973894], [-111.9783710001772, 33.42223700021385], [-111.97837299982704, 33.422429999908445], [-111.97837600020009, 33.42281100011288], [-111.97837799984991, 33.4230980001388], [-111.97837899967483, 33.42329299976663], [-111.97838100022295, 33.42353500026056], [-111.97838399969771, 33.42389599977775], [-111.97838500042091, 33.42395300027459], [-111.97840799998714, 33.426857999712254], [-111.97843599957622, 33.429830000025], [-111.97843599957622, 33.42991099972046], [-111.97846300023872, 33.432555000047664], [-111.9784670004367, 33.432946999983514], [-111.97846499988856, 33.433198999649896], [-111.97847599975921, 33.43418899987612], [-111.97847999995714, 33.43458300001537], [-111.97848599980493, 33.43525899996819], [-111.97849800039883, 33.43652500027199], [-111.97835899958334, 33.43652200020782], [-111.97803499971822, 33.43652999962906], [-111.97782700020409, 33.436534999735485], [-111.97729699957634, 33.43653899982037], [-111.97681100022785, 33.43654199988395], [-111.9757650001144, 33.436551000074004], [-111.97328100025031, 33.43652900035739], [-111.9697529999226, 33.436499999734195], [-111.96652699971867, 33.43637499993577], [-111.96134499973027, 33.43617500033349], [-111.96132700018693, 33.4368899998071], [-111.96132499963878, 33.43718699989791], [-111.961318999791, 33.43727700033802], [-111.9613170001412, 33.437413999721024], [-111.96131499959304, 33.43761500022455], [-111.96130799992035, 33.43775599985231], [-111.96130600027053, 33.437902000028245], [-111.9613050004456, 33.437969999625864], [-111.96130100024766, 33.43811600019129], [-111.961290000377, 33.43863600020962], [-111.96128600017903, 33.4387439998226], [-111.96127600013331, 33.439193999761436], [-111.96127199993533, 33.439526999742796], [-111.9612689995623, 33.439552000158066], [-111.9612689995623, 33.43960400018912], [-111.96126699991247, 33.439655000203764], [-111.96125699986673, 33.44003199983757], [-111.96125799969163, 33.440064999952234], [-111.96125000019404, 33.44038199995995], [-111.96123099992745, 33.44120700023039], [-111.96122400025476, 33.44152199988598], [-111.96120900018616, 33.442154000176586], [-111.96120099979024, 33.442507999793655], [-111.96118599972161, 33.4431690003002], [-111.96117499985095, 33.443652000024656], [-111.96116700035336, 33.44446100030521], [-111.96115700030761, 33.44529699988715], [-111.96115999978235, 33.44531599986919], [-111.96115200028473, 33.44636399969198], [-111.96114999973659, 33.44664299979939], [-111.9611480000868, 33.44692500021307], [-111.96114600043695, 33.44720499991343], [-111.96114600043695, 33.44721899998712], [-111.96114200023901, 33.44777400012558], [-111.96113700021614, 33.44833599965739], [-111.96113700021614, 33.44838799967003], [-111.96113300001817, 33.448897000166134], [-111.96111600029971, 33.44889899992364], [-111.96101199964434, 33.448897000166134], [-111.96100999999452, 33.44914899997914], [-111.96100599979655, 33.449598000041426], [-111.96100800034469, 33.44977000011387], [-111.96099999994877, 33.4507559999605], [-111.96099099972794, 33.45101699980705], [-111.96220300042108, 33.45102299968234], [-111.9626700004013, 33.45102299968234], [-111.96330600043594, 33.45102299968234], [-111.9634379997821, 33.451021999828065], [-111.96387600034834, 33.45101099993141], [-111.96460899956904, 33.45097200035478], [-111.9648599996392, 33.450958000137334], [-111.96509999983871, 33.45094700023257], [-111.96518199985445, 33.45094399991763], [-111.96545600038917, 33.450938000036885], [-111.96589599970693, 33.450929999695674], [-111.96683800006329, 33.45093499972165], [-111.9673800003866, 33.45092399981396], [-111.96758200005297, 33.45092700012963], [-111.96827199961596, 33.45094100035208], [-111.96848900024925, 33.45094399991763], [-111.96880899991639, 33.45094100035208], [-111.96906599983433, 33.45094599962795], [-111.96974799989972, 33.4509609997023], [-111.97017800007005, 33.45097400006445], [-111.9705139996307, 33.450970999750396], [-111.97059200034683, 33.450970999750396], [-111.97085000008968, 33.4509609997023], [-111.97154200020083, 33.4509609997023], [-111.97237099968098, 33.45096700033093], [-111.97246500029063, 33.45096800018583], [-111.97314700035601, 33.45096800018583], [-111.97396199959248, 33.45098300025639], [-111.97419099992135, 33.450993000301935], [-111.97473700044259, 33.45102000011951], [-111.97512599970672, 33.45104500022068], [-111.97587200024452, 33.45108200005736], [-111.97640699999683, 33.45109600025478], [-111.97842899990354, 33.451114999716076], [-111.98004099973143, 33.451127000202085], [-111.98118999977706, 33.45113800008403], [-111.98140700041036, 33.45113999978981], [-111.98194200016265, 33.451143999950894], [-111.98246500021936, 33.45114899996452], [-111.98252600031873, 33.45114999981733], [-111.98257900002218, 33.45114999981733], [-111.98271899976426, 33.45115099967011], [-111.98304299962938, 33.45115399997794], [-111.98549700025453, 33.451174999881026], [-111.98712400015106, 33.4511880002111], [-111.99054799982336, 33.45122599983868], [-111.99132799979806, 33.45122400013487], [-111.99224500004009, 33.45123099984765], [-111.99512399991438, 33.451258000340594], [-111.99526299983155, 33.451259000192124], [-111.99531300006028, 33.451259000192124], [-111.99539099987808, 33.45126199974669], [-111.99544799977947, 33.45126500005061], [-111.9955130000768, 33.45126500005061], [-111.99577199964456, 33.45126800035449], [-111.99971300042417, 33.451273000360985], [-112.00210500022673, 33.45127599991506], [-112.00357200028968, 33.451279000218506], [-112.0041239997604, 33.451286999778056], [-112.00536200039281, 33.451285000075664], [-112.00629399980511, 33.451285000075664], [-112.00845800000208, 33.45129299963465], [-112.01022200016592, 33.451300000091386], [-112.01108499998128, 33.45130400024501], [-112.01171500016814, 33.451306999798014], [-112.01269000013649, 33.45131400025361], [-112.01279200024372, 33.451310000100385], [-112.01289799965063, 33.451310000100385], [-112.01301499982648, 33.45132000010829], [-112.0159649998459, 33.45131799965707], [-112.01722299967145, 33.4513159999554], [-112.0193940004394, 33.45132299966074], [-112.02153799964655, 33.45133000011504], [-112.02270699978367, 33.45133000011504], [-112.02278799997451, 33.45133000011504], [-112.02540599973288, 33.45133199981647], [-112.02594399985824, 33.451332999667095], [-112.02597399999546, 33.451332999667095], [-112.02780599993137, 33.45134599997353], [-112.02896900022071, 33.45134900027454], [-112.03015699972607, 33.451351999825995], [-112.03016000009913, 33.450322000081904], [-112.03017199979469, 33.44930599983452], [-112.0301860000384, 33.44904599996262], [-112.03018500021349, 33.4482790001842], [-112.03017599999265, 33.448202999828986], [-112.03017299961961, 33.4474510000232], [-112.03016400029708, 33.447275000259395], [-112.03016199974894, 33.447226000023136], [-112.03015900027422, 33.44718600034515], [-112.03015599990115, 33.447155999637566], [-112.03015599990115, 33.44709399989135], [-112.03015300042644, 33.44631999998262], [-112.03015199970322, 33.445410999716934], [-112.03015199970322, 33.44511000035471], [-112.03016299957386, 33.44490500027582], [-112.03019299971109, 33.444674000103696], [-112.03023899974184, 33.44444899964642], [-112.03027700027499, 33.444314999923], [-112.03029999984122, 33.444232000314976], [-112.03038600005493, 33.44399800004414], [-112.03043100026076, 33.44389399997104], [-112.03032599978047, 33.443227000077066], [-112.030129000137, 33.44224999969461], [-112.02989899998322, 33.441390000069596], [-112.0298260001883, 33.44114400001211], [-112.02981500031763, 33.44085899963101], [-112.02980299972374, 33.44054199986689], [-112.02983200003607, 33.43991499973882], [-112.02989599961018, 33.43790300003374], [-112.02989899998322, 33.43785399975105], [-112.02990300018118, 33.437682000039004], [-112.02991300022691, 33.43759600005512], [-112.02991700042489, 33.43736699993518], [-112.03009499980179, 33.43731200002591], [-112.03017000014488, 33.4372239996487], [-112.03018799968821, 33.43711499962851], [-112.03017299961961, 33.43685599996661], [-112.03018500021349, 33.4368160000049], [-112.03021899965037, 33.43676599983943], [-112.03023000041932, 33.436749000271426], [-112.03025200016063, 33.43669099991203], [-112.03026100038147, 33.436588000096], [-112.03029999984122, 33.43314300003714], [-112.03031900010778, 33.43152699992985], [-112.03049499983487, 33.42800599983396]]]}, "properties": {"geoid": "04013113800", "name": "1138", "value": 5.999888431521109, "coverage": 0.9992123977295784, "n_tiles": 1902, "vmin": 5.9977, "vmax": 6.0006, "metric": "recovery_gap_hours", "ok": true, "relief_hours": 0.0, "no_relief": false, "window_hours": 6.0, "population": 2581.0, "over_65": 137.0, "svi": 0.7234, "pct_over_65": 5.3, "pct_poverty": 27.5, "pct_mobile_homes": 5.5, "pct_no_vehicle": 7.5, "quadrant": "blind_spot"}}, {"type": "Feature", "geometry": {"type": "Polygon", "coordinates": [[[-112.01306500005519, 33.52690200006251], [-112.01306699970505, 33.526831999643754], [-112.01300899997871, 33.52568300022651], [-112.01295700010017, 33.52463000014407], [-112.0129379998336, 33.52427100020357], [-112.01289199980285, 33.52334100023598], [-112.01289400035098, 33.52325400010434], [-112.01294799987933, 33.52153999983421], [-112.01297299999369, 33.52075000007674], [-112.01292500031312, 33.520302999851154], [-112.01290000019877, 33.51998900025322], [-112.01288299958202, 33.51953099965457], [-112.01288099993218, 33.51949399983884], [-112.01287799955915, 33.5194019997628], [-112.01289099997796, 33.51865099978931], [-112.01289199980285, 33.518530000174955], [-112.01097000035355, 33.51773099989015], [-112.00977199990413, 33.51723900030188], [-112.00694800028143, 33.51610900020452], [-112.00686500044075, 33.51607900014001], [-112.00453399983923, 33.51523499990311], [-112.00402599985112, 33.51511499986816], [-112.00352600025893, 33.51499200007158], [-112.00308199984492, 33.51488299972811], [-112.00270100007839, 33.514789000256144], [-112.0020819997622, 33.51463700004933], [-112.00164499991921, 33.51452999974851], [-112.00091000015037, 33.51412899984468], [-112.00024599962832, 33.513768000001974], [-111.99983600044781, 33.513544999680555], [-111.99969900018046, 33.51347000027289], [-111.99969699963233, 33.5135959996301], [-111.9992439998958, 33.5135959996301], [-111.9990470002523, 33.513590000342525], [-111.99854799958669, 33.51358500018693], [-111.9980139996593, 33.51358000003102], [-111.9968930001011, 33.513568999836814], [-111.99601299966899, 33.513560000153504], [-111.99527600025034, 33.513554999996096], [-111.99519199968644, 33.5135530002327], [-111.99516499992225, 33.5135530002327], [-111.99513200031029, 33.517259000077885], [-111.99511499969354, 33.51738099980967], [-111.99510299999797, 33.51785000020909], [-111.99508899975427, 33.51860200021966], [-111.99508899975427, 33.519288999722804], [-111.99508299990649, 33.51974300011544], [-111.99510200017306, 33.520438000207996], [-111.99508600027953, 33.5216120003691], [-111.99507299986075, 33.52266199967386], [-111.99507000038604, 33.52311400004455], [-111.99506700001297, 33.52340200032775], [-111.99506600018805, 33.523630000277414], [-111.99506500036316, 33.5237059996278], [-111.99505199994437, 33.52372799968352], [-111.99503799970066, 33.52373699980685], [-111.99502199980712, 33.52374100036058], [-111.99500699973851, 33.523742000124564], [-111.99501299958631, 33.52380900001057], [-111.99491999969987, 33.52380900001057], [-111.99478900017863, 33.52382299968959], [-111.99469399974406, 33.523846999989885], [-111.99346600005573, 33.52437399991339], [-111.99327600008492, 33.524454999635395], [-111.9927470001804, 33.52467900004337], [-111.99257099955501, 33.52473499968024], [-111.99240999989652, 33.52477300000158], [-111.99224400021518, 33.524797000038305], [-111.9920550000693, 33.52481100030624], [-111.99186900029645, 33.52480800030254], [-111.9906969997863, 33.52470699986633], [-111.99059100037938, 33.52470300010612], [-111.99025800029347, 33.52470699986633], [-111.9899100001389, 33.52472899966737], [-111.9895639996342, 33.52476499973823], [-111.9893119997391, 33.52477600000654], [-111.9891269997912, 33.524775000254515], [-111.98894600004121, 33.52476600023927], [-111.98877000031412, 33.52473799968652], [-111.98857299977232, 33.52472299965413], [-111.98854799965797, 33.52483900008652], [-111.98829400011306, 33.5248050002987], [-111.98812500005866, 33.5247669999914], [-111.9879640004002, 33.52470399985898], [-111.98786499976768, 33.52466099999191], [-111.98771099978188, 33.524594999771125], [-111.98759500032924, 33.524506999648075], [-111.98751099976533, 33.52442599997477], [-111.98739100011474, 33.524289000336196], [-111.98726800009109, 33.524172999914995], [-111.98714500006743, 33.5240699999658], [-111.98702600024176, 33.52399400018636], [-111.98691400008875, 33.52393400027391], [-111.98668200028517, 33.523840000152624], [-111.98647800007068, 33.52383400007766], [-111.98648200026862, 33.52376400017108], [-111.98638299963609, 33.52375299977405], [-111.9862839999019, 33.523739000083744], [-111.98627800005413, 33.52379500032927], [-111.98529200021514, 33.523758000090844], [-111.98400300042742, 33.52372699991939], [-111.98392200023657, 33.523647000029534], [-111.98364000020425, 33.52368899988733], [-111.98333899990537, 33.52370499986346], [-111.9831709996759, 33.5237000002925], [-111.98289799986442, 33.523695999736816], [-111.98231899973119, 33.52369400020783], [-111.98123800035594, 33.52369400020783], [-111.98004400010447, 33.52369499997236], [-111.97974799982846, 33.52369899977914], [-111.97847699958412, 33.52369299969439], [-111.97628499979808, 33.52370799990548], [-111.9756029997327, 33.52370499986346], [-111.9756019999078, 33.523798000368146], [-111.9756019999078, 33.52393599979734], [-111.97559900043306, 33.52507999971914], [-111.97560000025796, 33.52541200020449], [-111.97560100008288, 33.526164000371224], [-111.97560500028084, 33.526508000219486], [-111.97561000030372, 33.52705599988571], [-111.97561199995351, 33.52722300033715], [-111.97560000025796, 33.527955000187966], [-111.97561100012861, 33.52865099989728], [-111.97560899958049, 33.529752000017325], [-111.97561000030372, 33.529820999876335], [-111.97561299977843, 33.53053400018745], [-111.97560600010573, 33.5310580000097], [-111.97560600010573, 33.53142200010346], [-111.97562100017436, 33.531902999775696], [-111.97562000034942, 33.532614999730576], [-111.97562299982418, 33.53294400001964], [-111.97562700002216, 33.53323700028146], [-111.97561899962622, 33.53398699974991], [-111.97562399964907, 33.53497300028368], [-111.97562199999928, 33.53530799986409], [-111.97562799984705, 33.535638999640824], [-111.97563100022009, 33.53574499966104], [-111.9756300003952, 33.53581199998124], [-111.97562399964907, 33.53621899965912], [-111.97562600019724, 33.53782100006446], [-111.97562600019724, 33.53829699985072], [-111.97562100017436, 33.53879800024409], [-111.97563299986993, 33.539589000176846], [-111.97562799984705, 33.53991199967428], [-111.97562799984705, 33.540626000191295], [-111.9756300003952, 33.542368999889725], [-111.97563700006788, 33.542748999723116], [-111.97563799989278, 33.54359300023295], [-111.97563799989278, 33.54363599966925], [-111.97563600024297, 33.544074999846075], [-111.97563500041807, 33.54422399989549], [-111.97563200004501, 33.544864999881725], [-111.97563700006788, 33.54539499976248], [-111.97564000044093, 33.54655700023984], [-111.97564399974057, 33.54849100014716], [-111.97564499956549, 33.54952799965611], [-111.97564499956549, 33.549812000197996], [-111.97564999958837, 33.55110799985749], [-111.97565100031159, 33.55146800009768], [-111.97564899976345, 33.552370000113164], [-111.97565299996141, 33.553088000207865], [-111.9756520001365, 33.55360300029584], [-111.97564299991565, 33.55400700029904], [-111.97563700006788, 33.5544750002608], [-111.97563700006788, 33.55449900028646], [-111.97561199995351, 33.55504999963468], [-111.97559000021222, 33.55533100029812], [-111.97555300040229, 33.55565699977864], [-111.97548200025719, 33.5560859996314], [-111.97530499980687, 33.55697200028404], [-111.97524799990545, 33.5572159997938], [-111.97521699994331, 33.55735000002908], [-111.97518699980608, 33.55751899983941], [-111.97516099986682, 33.55775999969242], [-111.97515199964599, 33.55800100037022], [-111.97515500001903, 33.55814900024503], [-111.97517599993544, 33.55837099995609], [-111.97521299974535, 33.55857999991793], [-111.9752799996925, 33.558828999910745], [-111.97537000010419, 33.55908999968285], [-111.97544399972405, 33.55926200013687], [-111.97552999993776, 33.5594299998493], [-111.97562600019724, 33.559587999753], [-111.97569099959625, 33.559683000024954], [-111.97576099991645, 33.559785000113976], [-111.97588800013806, 33.55994899993121], [-111.97607300008598, 33.56015799981748], [-111.97641600021764, 33.560522000120386], [-111.97651099975388, 33.560625000053086], [-111.9766019999905, 33.56072400027239], [-111.97678299974046, 33.560918000040246], [-111.97685800008354, 33.56100499969427], [-111.97691800035798, 33.56107299997375], [-111.97699100015292, 33.56115699998089], [-111.9771030003059, 33.56129599973299], [-111.97721299991076, 33.561450999736664], [-111.97734400033033, 33.561662999952915], [-111.97743999969148, 33.561844999744565], [-111.977531999753, 33.562055000351926], [-111.97758600017966, 33.562205000152304], [-111.97758600017966, 33.56210399999601], [-111.97758600017966, 33.56199900018999], [-111.97758000033187, 33.561923000072525], [-111.97776799975455, 33.56192500021437], [-111.9777710001276, 33.56172800024333], [-111.97777199995251, 33.561367000015544], [-111.97777500032555, 33.561066000156636], [-111.97779899971668, 33.561033999809], [-111.97783300005187, 33.56100400036131], [-111.9778770004328, 33.560996999789964], [-111.97807599972612, 33.56099899995326], [-111.97831199972768, 33.56100400036131], [-111.97849500002579, 33.560996999789964], [-111.97858399971423, 33.560987999803196], [-111.9787140003089, 33.56095800033947], [-111.98064499997902, 33.560982000060996], [-111.98146400031175, 33.560967999662815], [-111.98178099960583, 33.560992000130135], [-111.98194299998755, 33.560996999789964], [-111.98196499972886, 33.56092499986936], [-111.9820509999426, 33.56092399978689], [-111.98215600042289, 33.56092499986936], [-111.98429200013243, 33.560934999945104], [-111.98621699995475, 33.560949999682286], [-111.98637900033646, 33.56094800026639], [-111.98644600028362, 33.56094800026639], [-111.98644299991057, 33.557226000298996], [-111.98644299991057, 33.557102999769064], [-111.98643899971262, 33.555586000042496], [-111.98641699997131, 33.5535369997118], [-111.98718299970228, 33.55355199998509], [-111.99490100033161, 33.55371900015656], [-111.99533800017463, 33.553715000241404], [-111.99534599967222, 33.55341399991803], [-111.99535200041832, 33.552486000132234], [-111.9953790001825, 33.55133399972184], [-111.99541099996955, 33.54951600007663], [-111.99541599999243, 33.54923099984126], [-111.99543400043409, 33.54559800035889], [-111.99544799977947, 33.544460000282264], [-111.99532599958073, 33.542544000079666], [-111.99532300010601, 33.54185299992393], [-111.99532200028109, 33.541691000056645], [-111.99532099955785, 33.541409999954936], [-111.99531300006028, 33.53975899986575], [-111.99531100041042, 33.539098000232926], [-111.99517699961783, 33.539100999740874], [-111.99518599983865, 33.53773299992385], [-111.99518699966356, 33.535591999964595], [-111.99518699966356, 33.53459299995929], [-111.99518800038679, 33.534263999955066], [-111.99518400018883, 33.53385400036869], [-111.99518800038679, 33.53358400014541], [-111.99517199959496, 33.53330499995237], [-111.99517699961783, 33.5331779996978], [-111.99518300036391, 33.53291300014598], [-111.99517900016598, 33.53183800025972], [-111.9953299997787, 33.53193699976802], [-111.99640100000651, 33.53194300002961], [-111.99679199981877, 33.53194399969871], [-111.9977299999772, 33.531947000203715], [-111.99942499964574, 33.531954000133595], [-112.00209000015813, 33.53197700000621], [-112.00308699986778, 33.53197200016465], [-112.00399800026203, 33.53197200016465], [-112.0067060004321, 33.53197499991981], [-112.00681400038712, 33.53196500023618], [-112.00705399968831, 33.53196500023618], [-112.00820799975683, 33.53197499991981], [-112.01027800024242, 33.53197299983342], [-112.01148400018945, 33.531967999991636], [-112.01170299957425, 33.53198699968845], [-112.01201899994176, 33.53199400036385], [-112.0121910003692, 33.53199799978684], [-112.01243900006632, 33.53200199995841], [-112.0127040003802, 33.53198399993365], [-112.01294299985646, 33.53196300014956], [-112.01294399968138, 33.5318650003411], [-112.01294100020667, 33.53168600006024], [-112.01294600022952, 33.530825000266454], [-112.0129720001688, 33.53000000027401], [-112.01301900002447, 33.52874500003113], [-112.01305300035965, 33.52756200036931], [-112.01306500005519, 33.52690200006251]]]}, "properties": {"geoid": "04013105103", "name": "1051.03", "value": 4.700916527620922, "coverage": 1.0000000000008469, "n_tiles": 1090, "vmin": 2.6057, "vmax": 6.2199, "metric": "recovery_gap_hours", "ok": true, "relief_hours": 1.299, "no_relief": false, "window_hours": 6.0, "population": 2969.0, "over_65": 1049.0, "svi": 0.0497, "pct_over_65": 35.3, "pct_poverty": 5.0, "pct_mobile_homes": 0.7, "pct_no_vehicle": 0.0, "quadrant": "low_priority"}}, {"type": "Feature", "geometry": {"type": "Polygon", "coordinates": [[[-112.08259799957615, 33.45694699974126], [-112.08260199977413, 33.45673000020122], [-112.0825809998577, 33.456052000080234], [-112.08257300036013, 33.45576200021815], [-112.08256999998704, 33.455146000053105], [-112.08256900016215, 33.45475499979744], [-112.08256599978911, 33.45424800033889], [-112.08255999994134, 33.45334499968285], [-112.08255699956827, 33.45142799967032], [-112.08163199982863, 33.45141099997719], [-112.08136099966698, 33.45141099997719], [-112.08017099961347, 33.4514159999755], [-112.07895899981868, 33.45141400027601], [-112.07771799971154, 33.45141099997719], [-112.07641600040336, 33.45141099997719], [-112.07510900017398, 33.45140599997866], [-112.07381299981526, 33.45140000012993], [-112.07254300029415, 33.4514100001274], [-112.07239799963087, 33.45140599997866], [-112.07127799989757, 33.45139400028073], [-112.07120400027772, 33.45138299968178], [-112.07002300044505, 33.45139599998067], [-112.06996200034568, 33.45139299968127], [-112.06869899959892, 33.451385999981575], [-112.06753600020792, 33.451381999831675], [-112.0674719997355, 33.451374000280886], [-112.06620700023724, 33.45137500013109], [-112.06535899959219, 33.45137599998128], [-112.06514299968212, 33.451357999678045], [-112.06516299977362, 33.452353000257965], [-112.06521399982724, 33.45452100018509], [-112.06520700015456, 33.45476199997471], [-112.06520899980436, 33.455519999658044], [-112.06520999962927, 33.45583700014623], [-112.06521200017741, 33.45656600026454], [-112.06521300000233, 33.456728999663326], [-112.06521499965213, 33.45755400034346], [-112.06521800002518, 33.458678000164035], [-112.0654160003919, 33.4586740003505], [-112.06622800015363, 33.458679999696], [-112.06747299956042, 33.45868100021138], [-112.0679799997236, 33.45868199997733], [-112.06870299979688, 33.45869700021246], [-112.06889100011787, 33.45870000025914], [-112.06908500028662, 33.458688999837555], [-112.06918800021879, 33.45868199997733], [-112.06975700030628, 33.45868199997733], [-112.07001099985118, 33.45868299974327], [-112.07125100013337, 33.4586859997905], [-112.07191300010729, 33.458688999837555], [-112.07252999987536, 33.45870000025914], [-112.07309700031301, 33.45870000025914], [-112.07367200024828, 33.45868199997733], [-112.07380500031768, 33.4586740003505], [-112.07393099981606, 33.4586650002074], [-112.07415900032, 33.45863799977236], [-112.07428700036652, 33.45863000014147], [-112.0746029998357, 33.45862700009237], [-112.07492500005098, 33.458623000276475], [-112.0752580001369, 33.45862400004311], [-112.0753700002899, 33.45862899962551], [-112.07542600036639, 33.45863000014147], [-112.07561499961396, 33.45864399986976], [-112.07569900017788, 33.45866099964386], [-112.07575600007927, 33.458669000021295], [-112.07640399980949, 33.458669000021295], [-112.07696000037649, 33.45867100030293], [-112.07773799980303, 33.458678000164035], [-112.07892299983367, 33.45868299974327], [-112.08017599963634, 33.458688999837555], [-112.08140099984996, 33.45869199988457], [-112.08254499987268, 33.45869499993142], [-112.08257300036013, 33.45826700018793], [-112.08259799957615, 33.45694699974126]]]}, "properties": {"geoid": "04013113100", "name": "1131", "value": 5.3405138667053595, "coverage": 1.0000000000003364, "n_tiles": 153, "vmin": 4.8861, "vmax": 6.0458, "metric": "recovery_gap_hours", "ok": true, "relief_hours": 0.659, "no_relief": false, "window_hours": 6.0, "population": 5837.0, "over_65": 501.0, "svi": 0.6553, "pct_over_65": 8.6, "pct_poverty": 47.9, "pct_mobile_homes": 0.0, "pct_no_vehicle": 22.5, "quadrant": "low_priority"}}, {"type": "Feature", "geometry": {"type": "Polygon", "coordinates": [[[-112.13425500015191, 33.52396600013251], [-112.13425299960377, 33.52303500010869], [-112.13425199977885, 33.52249500015045], [-112.1342479995809, 33.521624000077935], [-112.13424299955803, 33.52034199967634], [-112.13423500006041, 33.51859400013444], [-112.13422699966448, 33.51672999980294], [-112.13406600000602, 33.516719999854395], [-112.13400800027969, 33.51671700031898], [-112.133072999596, 33.516705999774665], [-112.13294200007475, 33.51670800021415], [-112.13290899956448, 33.51670800021415], [-112.13274799990597, 33.51670900005943], [-112.1325930000953, 33.51670999990464], [-112.1319250002736, 33.51670300023875], [-112.1310509996893, 33.51671200034409], [-112.1303839996925, 33.51671700031898], [-112.12989499997097, 33.516725999673895], [-112.12710399996021, 33.51672300013868], [-112.12699900037825, 33.51672300013868], [-112.1266100002158, 33.51672200029357], [-112.12558500001875, 33.51673099964796], [-112.12472600040135, 33.5167720000237], [-112.12449600024759, 33.51677799983959], [-112.12334600037705, 33.51678100012186], [-112.12124900012726, 33.51678500024837], [-112.12017500042471, 33.51678699993713], [-112.11997600023308, 33.51678699993713], [-112.11864899991222, 33.51679000021908], [-112.1182809996662, 33.516792999751985], [-112.1178310003027, 33.51679000021908], [-112.11694699967265, 33.51678399965507], [-112.11694199964977, 33.51768199979937], [-112.11693900017505, 33.518220000192635], [-112.11693699962692, 33.518574999741844], [-112.11693199960403, 33.51947399983063], [-112.11692699958115, 33.5203810002328], [-112.11691999990848, 33.52148200004627], [-112.11690300019004, 33.521965999693144], [-112.11689899999206, 33.522663000199174], [-112.11689700034226, 33.52285499974835], [-112.11688899994634, 33.524022999991836], [-112.11991599995862, 33.52401399989828], [-112.12124199955626, 33.524009000345195], [-112.12341099977606, 33.52400300028195], [-112.12504199987053, 33.52399799997932], [-112.12556900012522, 33.52399499994738], [-112.12644600018427, 33.523984000328674], [-112.1272720001897, 33.52398299981859], [-112.12814599987573, 33.523981000296246], [-112.12901500043718, 33.52398700036095], [-112.12992000008532, 33.523978000263696], [-112.13164800026418, 33.523978000263696], [-112.13425500015191, 33.52396600013251]]]}, "properties": {"geoid": "04013107202", "name": "1072.02", "value": 3.9970085494120124, "coverage": 1.0000000000008649, "n_tiles": 153, "vmin": 3.9832, "vmax": 4.0039, "metric": "recovery_gap_hours", "ok": true, "relief_hours": 2.003, "no_relief": false, "window_hours": 6.0, "population": 5019.0, "over_65": 309.0, "svi": 0.7691, "pct_over_65": 6.2, "pct_poverty": 32.8, "pct_mobile_homes": 1.8, "pct_no_vehicle": 2.6, "quadrant": "over_targeted"}}, {"type": "Feature", "geometry": {"type": "Polygon", "coordinates": [[[-112.15161499961137, 33.526148999837304], [-112.15162999967998, 33.52391800034015], [-112.15160600028884, 33.52391800034015], [-112.15155799970996, 33.52391800034015], [-112.15149499996076, 33.52391800034015], [-112.14892499988296, 33.523926999694794], [-112.14709700014501, 33.523932999763254], [-112.14288000007919, 33.5239459996606], [-112.1429000001707, 33.523981000296246], [-112.1429079996683, 33.52401699992958], [-112.14289900034578, 33.52475499996969], [-112.14289099994986, 33.52545799967946], [-112.14289099994986, 33.526160999665535], [-112.14288799957683, 33.52685399965308], [-112.14288599992697, 33.527536999882216], [-112.14288299955395, 33.5275659999973], [-112.14285999998772, 33.527683000078845], [-112.1428580003379, 33.528300000111464], [-112.14285999998772, 33.52899800019453], [-112.14286599983551, 33.52971799991457], [-112.14286599983551, 33.53043699994348], [-112.14286599983551, 33.531190999948045], [-112.14286800038364, 33.53195099962881], [-112.14286800038364, 33.5326760000198], [-112.14286099981263, 33.533389000000554], [-112.14285900016282, 33.534095000335554], [-112.14283700042151, 33.534815999928476], [-112.14284300026928, 33.53484400021301], [-112.14284599974401, 33.5355439998866], [-112.14284900011705, 33.53626500012401], [-112.14284900011705, 33.53750600007496], [-112.14286099981263, 33.53792299975799], [-112.1428669996604, 33.53811600021412], [-112.14287599988126, 33.53841499998064], [-112.14287800042939, 33.53847599992118], [-112.1446890004489, 33.538470999706725], [-112.14716699956689, 33.53846200036826], [-112.14738000000222, 33.53846100002569], [-112.14741400033742, 33.53846100002569], [-112.14877599992006, 33.538455000216565], [-112.14959899955242, 33.53847200004912], [-112.15143499968632, 33.53845199993743], [-112.1515529996871, 33.53845199993743], [-112.15157299977858, 33.53845199993743], [-112.15157699997656, 33.53663600030924], [-112.15157899962635, 33.53627100008521], [-112.15158100017449, 33.53481799994909], [-112.15158199999941, 33.533848999886885], [-112.15158199999941, 33.53323100010968], [-112.15158600019737, 33.53262500008779], [-112.15159100022025, 33.531181000173746], [-112.15160100026598, 33.52900399991115], [-112.15160600028884, 33.52827600029805], [-112.15160999958849, 33.52754900026672], [-112.15161499961137, 33.526148999837304]]]}, "properties": {"geoid": "04013107001", "name": "1070.01", "value": 4.0048498586128325, "coverage": 1.0000000000010925, "n_tiles": 157, "vmin": 3.9974, "vmax": 4.013, "metric": "recovery_gap_hours", "ok": true, "relief_hours": 1.995, "no_relief": false, "window_hours": 6.0, "population": 4621.0, "over_65": 440.0, "svi": 0.8233, "pct_over_65": 9.5, "pct_poverty": 34.7, "pct_mobile_homes": 0.0, "pct_no_vehicle": 4.0, "quadrant": "over_targeted"}}, {"type": "Feature", "geometry": {"type": "Polygon", "coordinates": [[[-112.02986700019619, 33.416358999794596], [-112.02968100042334, 33.414351999776535], [-112.02967399985232, 33.41418699968321], [-112.02966899982944, 33.41384599994666], [-112.02967700022538, 33.413507999730854], [-112.02969499976871, 33.41214200022894], [-112.02972699955576, 33.41053400017884], [-112.02973999997455, 33.409871000170114], [-112.02976000006605, 33.408813999772974], [-112.02976199971587, 33.40871800001636], [-112.02977900033261, 33.40789899974781], [-112.02978000015753, 33.40782300002355], [-112.02979799970088, 33.40692300024614], [-112.02690200010815, 33.40692700019578], [-112.0241090004476, 33.406941999630405], [-112.02401999986081, 33.406944999966946], [-112.0211329995906, 33.40695400022606], [-112.0168510001258, 33.40699900000787], [-112.01257799998348, 33.40705100004333], [-112.00826399983332, 33.40710300004772], [-112.00395800007905, 33.407160999929296], [-112.00191500025593, 33.407189000246184], [-112.00070799958569, 33.40720699996301], [-111.9996730002412, 33.40722099974023], [-111.99828900001893, 33.4072410001679], [-111.99554999988673, 33.407289999733976], [-111.99536300028898, 33.40728900012572], [-111.99382799955565, 33.40728799976754], [-111.99293799997614, 33.40729199970037], [-111.99215899982636, 33.40729399966672], [-111.98784800004924, 33.407304999855825], [-111.9858810003941, 33.40731000014582], [-111.98366699996843, 33.40731400007764], [-111.98158300013745, 33.40732100033284], [-111.9800879995871, 33.407323999906396], [-111.97838799989565, 33.40732799983758], [-111.97825900002422, 33.40823399975263], [-111.97830800042803, 33.409340000368026], [-111.97829500000924, 33.410348999873335], [-111.97830900025293, 33.41056099983782], [-111.97831199972768, 33.4107620002848], [-111.97831099990276, 33.41094699971067], [-111.97831000007784, 33.41102500033136], [-111.97830800042803, 33.41119799993918], [-111.97830900025293, 33.41217700030375], [-111.97828999998636, 33.41299299985022], [-111.97829099981126, 33.4136239998999], [-111.97830500005497, 33.414149999860115], [-111.97831299955259, 33.41435799993763], [-111.97830500005497, 33.4147789999578], [-111.97826800024504, 33.416781000110724], [-111.97826300022219, 33.417039999692555], [-111.97830400023005, 33.41737100021358], [-111.97830599987991, 33.4173909998037], [-111.9783639996062, 33.41817399966854], [-111.9783999995912, 33.41871399998622], [-111.97840600033732, 33.41877599976613], [-111.97837299982704, 33.41910200005735], [-111.97837200000212, 33.41974599974942], [-111.9783710001772, 33.42001500010195], [-111.9783710001772, 33.420388000248686], [-111.9783710001772, 33.420802000358506], [-111.9783700003523, 33.42091099987262], [-111.9783700003523, 33.42153599970674], [-111.97836899962908, 33.42159499989052], [-111.97836899962908, 33.42189899966836], [-111.97888800038616, 33.42189499965852], [-111.97995700006585, 33.42189099964843], [-111.9800890003103, 33.421889000018204], [-111.98106900030153, 33.42187100034501], [-111.9812910000594, 33.42187699998656], [-111.98142800032673, 33.421886000197894], [-111.98180200042054, 33.42190299967808], [-111.98237200033294, 33.42190299967808], [-111.98332800003473, 33.42190600024758], [-111.98365500027288, 33.421909000067195], [-111.9839170002137, 33.42189999985825], [-111.9841289999258, 33.421891999838415], [-111.98504399961969, 33.42186899996455], [-111.9854329997821, 33.42186099994179], [-111.98550300010233, 33.42186300032244], [-111.98612300024342, 33.42187999980719], [-111.98680799978355, 33.42189800022824], [-111.99124099975941, 33.42189999985825], [-111.9952949996186, 33.42190299967808], [-111.99546500039622, 33.42190600024758], [-111.99574099968243, 33.42193099974095], [-111.99762399967199, 33.42196699980846], [-111.99978600021909, 33.42200699986592], [-112.00002399987046, 33.4220090002432], [-112.00025599967407, 33.422001000233344], [-112.0004620004367, 33.42198500021148], [-112.00074600011882, 33.42195099978027], [-112.00091400034833, 33.42191999990477], [-112.00113199990821, 33.42187100034501], [-112.00140300006986, 33.42179399990984], [-112.00161200030723, 33.42172299980835], [-112.00171600006429, 33.42168399981238], [-112.00188699976853, 33.42161099998431], [-112.00199600044678, 33.421565000081664], [-112.00215600028037, 33.421482999901365], [-112.00226800043336, 33.42142499983683], [-112.00230900044123, 33.42140099964367], [-112.00238800008395, 33.42135299998719], [-112.00246900027481, 33.421304000107426], [-112.00266099989544, 33.42117299972694], [-112.00280900003344, 33.42105800009428], [-112.00302400011859, 33.42087200026164], [-112.00319599964774, 33.4207039999494], [-112.00358700035828, 33.42098899979171], [-112.00394700020841, 33.421249999963074], [-112.00467899960418, 33.42178400024753], [-112.0046440003424, 33.42199099984516], [-112.0046309999236, 33.42206999973171], [-112.00499699962151, 33.422077000297094], [-112.0078610003255, 33.42213099992709], [-112.0093269996652, 33.42215799972947], [-112.00944200019126, 33.42216000010326], [-112.01206800034555, 33.42220999968626], [-112.01308099994874, 33.422229000225], [-112.01310900043613, 33.421648999820306], [-112.01811099960118, 33.41915700025952], [-112.0184370000144, 33.4190550001024], [-112.0222160004123, 33.418273999647454], [-112.02395799993651, 33.41791400023399], [-112.02774400000712, 33.41691800035345], [-112.0288060000141, 33.41663899989921], [-112.02986700019619, 33.416358999794596]]]}, "properties": {"geoid": "04013115200", "name": "1152", "value": 5.999984797061953, "coverage": 1.000000000001188, "n_tiles": 813, "vmin": 5.9996, "vmax": 6.0001, "metric": "recovery_gap_hours", "ok": true, "relief_hours": 0.0, "no_relief": false, "window_hours": 6.0, "population": 3427.0, "over_65": 93.0, "svi": 0.8187, "pct_over_65": 2.7, "pct_poverty": 34.0, "pct_mobile_homes": 0.9, "pct_no_vehicle": 2.5, "quadrant": "confirmed"}}, {"type": "Feature", "geometry": {"type": "Polygon", "coordinates": [[[-112.06487400006861, 33.42069599981936], [-112.06485800017506, 33.4202059998185], [-112.06484800012934, 33.41995299970719], [-112.0648389999085, 33.41974699996411], [-112.06482300001498, 33.4193170003087], [-112.06474299964904, 33.41718900020781], [-112.06471800043299, 33.41659500011398], [-112.0647059998391, 33.416417000243875], [-112.06463300004418, 33.41355900008283], [-112.0646339998691, 33.41350299979765], [-112.06460299990695, 33.410518000293614], [-112.06456799974686, 33.40671200001641], [-112.06344399981559, 33.40671599997577], [-112.06237699978573, 33.40671900032013], [-112.06128700018967, 33.40672300027916], [-112.06019300039563, 33.40672599987337], [-112.05751399963955, 33.40673599976986], [-112.05582300016894, 33.40674399968618], [-112.05563700039612, 33.40674599966514], [-112.05364899992627, 33.40675400033045], [-112.05222500041934, 33.40676099988087], [-112.05147499968359, 33.406764000223674], [-112.04929299994329, 33.40677400011574], [-112.04713399976923, 33.40678500037069], [-112.0450120003034, 33.40679500026034], [-112.04330599986585, 33.40680199980745], [-112.04182600028246, 33.40680900010391], [-112.0416120000222, 33.406809999717694], [-112.04070700037404, 33.406815000036175], [-112.03943100010682, 33.40682000035442], [-112.0383880003664, 33.40683000024005], [-112.03757300023162, 33.40683800014771], [-112.03741599987279, 33.40683800014771], [-112.03662400020254, 33.406846999668005], [-112.0356629995796, 33.40685500032401], [-112.03427300040785, 33.40686900015796], [-112.03205399995933, 33.40688899991677], [-112.03090300026389, 33.406910999646186], [-112.0304399995833, 33.40691599995886], [-112.02979799970088, 33.40692300024614], [-112.02978000015753, 33.40782300002355], [-112.02977900033261, 33.40789899974781], [-112.02976199971587, 33.40871800001636], [-112.02976000006605, 33.408813999772974], [-112.02973999997455, 33.409871000170114], [-112.02972699955576, 33.41053400017884], [-112.02969499976871, 33.41214200022894], [-112.02967700022538, 33.413507999730854], [-112.02966899982944, 33.41384599994666], [-112.02967399985232, 33.41418699968321], [-112.02968100042334, 33.414351999776535], [-112.02986700019619, 33.416358999794596], [-112.03073500003438, 33.41627899970596], [-112.03097699988373, 33.416261000369445], [-112.03130699959662, 33.41624900030987], [-112.03166599962182, 33.41625500033984], [-112.03206400000506, 33.41624900030987], [-112.03234900041042, 33.41625500033984], [-112.0327419998725, 33.416275999691884], [-112.03308300035435, 33.416308000337104], [-112.03341800009011, 33.4163520002678], [-112.03394000032192, 33.41643500029788], [-112.0346640002201, 33.41659300036179], [-112.03538800011829, 33.4167609996303], [-112.0356989995646, 33.416823000054876], [-112.03606400033587, 33.41687699995317], [-112.03645699979796, 33.416921999842806], [-112.03674300002822, 33.41694700002136], [-112.03705500019777, 33.41696399971871], [-112.0372409999706, 33.41696399971871], [-112.03738800028371, 33.416955999993846], [-112.03771399979861, 33.4169210003454], [-112.0380789996716, 33.4168699997183], [-112.03851100039005, 33.416812000321414], [-112.03898000002012, 33.416763999627676], [-112.03917800038684, 33.416739000146265], [-112.03961400040491, 33.416703000160595], [-112.04005000042301, 33.41670699965987], [-112.04038199978572, 33.41670999965911], [-112.04050900000732, 33.41670199991085], [-112.0409650001169, 33.41665800015748], [-112.04132099976904, 33.416634999647044], [-112.04179600014521, 33.41662899964328], [-112.04202600029897, 33.416637000148036], [-112.04228400004185, 33.41665800015748], [-112.04257199992192, 33.416697000161534], [-112.04344700033117, 33.416860000238735], [-112.04401100039577, 33.41696900020248], [-112.04431500016939, 33.41704299968029], [-112.04476500043117, 33.417167000082394], [-112.04534100019137, 33.417346999649624], [-112.04560399995708, 33.417443000365985], [-112.04577800003437, 33.41751499970887], [-112.04709199993644, 33.41812699996103], [-112.04727100003657, 33.418196000288596], [-112.04745900035756, 33.41824499967295], [-112.04804599998837, 33.4184079998436], [-112.0493439999969, 33.41875599974525], [-112.04946299982261, 33.41878200037136], [-112.0500179996664, 33.41888500032403], [-112.05098699978696, 33.41904699982035], [-112.05166999967726, 33.41914499985029], [-112.05229499984122, 33.41922699998929], [-112.05246499972053, 33.41924599968123], [-112.0526179998814, 33.419269000249926], [-112.05277500024026, 33.419304999921586], [-112.05363300003273, 33.41944499983588], [-112.05394199982923, 33.41950299972352], [-112.05408900014233, 33.41953499992933], [-112.0543219997708, 33.41959800008924], [-112.05477200003263, 33.41974800017881], [-112.05486300026922, 33.41978399965186], [-112.05510000009568, 33.4198710002538], [-112.055341999945, 33.419946999932684], [-112.0555379997636, 33.420001000137646], [-112.05610799967599, 33.42011900030196], [-112.05632799978402, 33.42015599983124], [-112.05661700038733, 33.42019199988494], [-112.05693700005446, 33.420219000290295], [-112.05829000031459, 33.42027399978492], [-112.05856599960079, 33.420290000122144], [-112.05898200042571, 33.42032600012028], [-112.05939499997928, 33.42037499980219], [-112.0597769995707, 33.42044200017937], [-112.06015800023553, 33.420522999637555], [-112.06063699991131, 33.42064200004664], [-112.06084299977564, 33.420677999898835], [-112.0611840002575, 33.42071799980041], [-112.06173499990331, 33.420788999973944], [-112.06212200041593, 33.42081600019371], [-112.06219500021086, 33.420819000051], [-112.06306200022416, 33.42085399962786], [-112.06342700009715, 33.42085600003172], [-112.06378100009948, 33.42083100022881], [-112.06418199995748, 33.420793000034806], [-112.06471199968689, 33.42071799980041], [-112.06487400006861, 33.42069599981936]]]}, "properties": {"geoid": "04013115300", "name": "1153", "value": 6.0, "coverage": 1.0000000000011822, "n_tiles": 474, "vmin": 5.9924, "vmax": 6.0206, "metric": "recovery_gap_hours", "ok": true, "relief_hours": 0.0, "no_relief": true, "window_hours": 6.0, "population": 2765.0, "over_65": 438.0, "svi": 0.9983, "pct_over_65": 15.8, "pct_poverty": 45.9, "pct_mobile_homes": 6.1, "pct_no_vehicle": 19.3, "quadrant": "confirmed"}}, {"type": "Feature", "geometry": {"type": "Polygon", "coordinates": [[[-112.09981599964372, 33.513970000089216], [-112.0998280002376, 33.513246999932335], [-112.09838999958868, 33.51322699997783], [-112.09748800031355, 33.513214999853155], [-112.09561299982161, 33.51318700005495], [-112.0947109996482, 33.51317200026634], [-112.09442500031625, 33.51316799997278], [-112.09422799977445, 33.51316399967897], [-112.09345899967043, 33.51315300018087], [-112.09331599955529, 33.513150999659175], [-112.09296400010109, 33.51314500034075], [-112.09182599992613, 33.513126000249294], [-112.0911969995642, 33.51311699977095], [-112.09120099976215, 33.5140199999119], [-112.09120199958706, 33.51416100033484], [-112.09120699960994, 33.514907000262184], [-112.09120999998298, 33.51542800007204], [-112.09121300035603, 33.5158480001934], [-112.09120199958706, 33.51675700010767], [-112.09317800036133, 33.51677799983959], [-112.09344000030217, 33.51678100012186], [-112.09559600010317, 33.51680299969209], [-112.09648999988067, 33.51681900019305], [-112.09760799996415, 33.516839999909905], [-112.09852500020618, 33.516857000247605], [-112.09976700013823, 33.51687100030285], [-112.09977499963583, 33.51639900029201], [-112.09977999965871, 33.51612199977992], [-112.0997920002526, 33.51540299982219], [-112.09980399994815, 33.51469099970993], [-112.09981599964372, 33.513970000089216]]]}, "properties": {"geoid": "04013107403", "name": "1074.03", "value": 3.87282740186415, "coverage": 1.000000000000169, "n_tiles": 45, "vmin": 3.7632, "vmax": 4.013, "metric": "recovery_gap_hours", "ok": true, "relief_hours": 2.127, "no_relief": false, "window_hours": 6.0, "population": 2200.0, "over_65": 241.0, "svi": 0.8909, "pct_over_65": 11.0, "pct_poverty": 62.1, "pct_mobile_homes": 0.0, "pct_no_vehicle": 39.5, "quadrant": "over_targeted"}}, {"type": "Feature", "geometry": {"type": "Polygon", "coordinates": [[[-112.09974799987165, 33.51849600015386], [-112.09976700013823, 33.51687100030285], [-112.09852500020618, 33.516857000247605], [-112.09760799996415, 33.516839999909905], [-112.09648999988067, 33.51681900019305], [-112.09559600010317, 33.51680299969209], [-112.09344000030217, 33.51678100012186], [-112.09317800036133, 33.51677799983959], [-112.09120199958706, 33.51675700010767], [-112.0911969995642, 33.517649000028285], [-112.09119099971639, 33.5185439999595], [-112.09118599969354, 33.51944300037047], [-112.09117999984575, 33.52034499983494], [-112.09116800015018, 33.521943000153435], [-112.09116399995223, 33.52231500016405], [-112.09114600040888, 33.52395799979456], [-112.09124400031817, 33.52395000020472], [-112.09148500034259, 33.52394000034189], [-112.09332899997406, 33.52397200019831], [-112.09541799982796, 33.5240079998354], [-112.09823999980082, 33.52405600032676], [-112.0994130001359, 33.524076000024344], [-112.09970299966581, 33.52410199977408], [-112.0996869997723, 33.523078999806934], [-112.09969699981802, 33.52246400027521], [-112.09971799973444, 33.520998999733365], [-112.09973100015323, 33.519905999727804], [-112.09974799987165, 33.51849600015386]]]}, "properties": {"geoid": "04013107404", "name": "1074.04", "value": 3.951974343052536, "coverage": 1.00000000000081, "n_tiles": 81, "vmin": 3.8706, "vmax": 4.0326, "metric": "recovery_gap_hours", "ok": true, "relief_hours": 2.048, "no_relief": false, "window_hours": 6.0, "population": 1256.0, "over_65": 54.0, "svi": 0.8389, "pct_over_65": 4.3, "pct_poverty": 67.9, "pct_mobile_homes": 0.0, "pct_no_vehicle": 17.8, "quadrant": "over_targeted"}}, {"type": "Feature", "geometry": {"type": "Polygon", "coordinates": [[[-112.15186499985663, 33.46213299967017], [-112.15186700040476, 33.46202400022421], [-112.1518630002068, 33.461789000264886], [-112.15096199985831, 33.461739000255164], [-112.14897099991373, 33.46166100024232], [-112.14796099978527, 33.46163799966787], [-112.14727600024514, 33.461622999941596], [-112.14681900031066, 33.461619000263994], [-112.14534700022483, 33.46162700036845], [-112.14376899983384, 33.461656999816974], [-112.14312000027873, 33.46168199984911], [-112.14260600044281, 33.46169599983399], [-112.14208099983794, 33.46172000012398], [-112.14159899978911, 33.461748000079155], [-112.1409019996551, 33.461806999901604], [-112.14035799968197, 33.46188199984662], [-112.13977900044706, 33.461967000005615], [-112.13948599964579, 33.46201399995192], [-112.13920399961349, 33.46205799994232], [-112.13904299995501, 33.46209000019387], [-112.13889099961904, 33.46212500036178], [-112.13873599980835, 33.46215900004028], [-112.13797799957497, 33.462298999766304], [-112.13758099991493, 33.462376000231195], [-112.13700500015474, 33.462487999899594], [-112.136698999833, 33.462538999948215], [-112.13662400038827, 33.46255200007337], [-112.1364090003031, 33.462581000230244], [-112.13617599977628, 33.46261199981869], [-112.13570499959808, 33.46266299979436], [-112.13518099971644, 33.462705000016314], [-112.13465900038295, 33.462729999746216], [-112.13453100033642, 33.46273499984121], [-112.13452600031354, 33.463050999714305], [-112.13451899974253, 33.463483999872984], [-112.13451600026781, 33.463638999836746], [-112.1345079998719, 33.464117999907096], [-112.13449000032853, 33.465050999798216], [-112.1344729997118, 33.46594999971185], [-112.13663699990872, 33.46594999971185], [-112.13697800039058, 33.46594999971185], [-112.13880500030363, 33.46594999971185], [-112.13963399978378, 33.465951999825435], [-112.14045700031448, 33.465951999825435], [-112.14100999961012, 33.46595300025694], [-112.14131400028207, 33.46595300025694], [-112.1431470000429, 33.46595699973463], [-112.14432100020288, 33.46595800016601], [-112.14569200000635, 33.46596000027948], [-112.14744600012446, 33.46595800016601], [-112.14766899970722, 33.46595699973463], [-112.14799599994537, 33.46595600005258], [-112.14817900024347, 33.46595600005258], [-112.14872499986642, 33.465955000370506], [-112.14884399969212, 33.465955000370506], [-112.14890399996658, 33.465955000370506], [-112.14928800010613, 33.46595399993902], [-112.14941199995468, 33.46595399993902], [-112.14956900031353, 33.465955000370506], [-112.15062999959727, 33.46595800016601], [-112.15178700003881, 33.465960999961474], [-112.15178799986373, 33.465901999968736], [-112.15179200006169, 33.46570200025356], [-112.15179399971151, 33.46555499997375], [-112.15181200015317, 33.46453600001007], [-112.15182399984874, 33.46400000037013], [-112.15182899987161, 33.46375499970084], [-112.15184499976515, 33.46303100015495], [-112.1518559996358, 33.4625309999279], [-112.15186499985663, 33.46213299967017]]]}, "properties": {"geoid": "04013112601", "name": "1126.01", "value": 4.049473454027504, "coverage": 1.0000000000002003, "n_tiles": 100, "vmin": 3.7745, "vmax": 4.8365, "metric": "recovery_gap_hours", "ok": true, "relief_hours": 1.951, "no_relief": false, "window_hours": 6.0, "population": 3507.0, "over_65": 284.0, "svi": 0.955, "pct_over_65": 8.1, "pct_poverty": 53.9, "pct_mobile_homes": 0.0, "pct_no_vehicle": 20.5, "quadrant": "over_targeted"}}, {"type": "Feature", "geometry": {"type": "Polygon", "coordinates": [[[-112.1518630002068, 33.461789000264886], [-112.15185999983375, 33.4613369996683], [-112.15184700031328, 33.46013700020698], [-112.15183600044261, 33.45916600000888], [-112.1518349997194, 33.458675000116536], [-112.15183399989449, 33.458592999778084], [-112.15180999960504, 33.45655799969301], [-112.15179799990948, 33.45488400008241], [-112.15177600016816, 33.453225999894464], [-112.15176699994734, 33.45137900028127], [-112.1515879998472, 33.45137900028127], [-112.15025300002873, 33.45138000013141], [-112.14969700036005, 33.45138000013141], [-112.1494200003506, 33.45138000013141], [-112.14914199961795, 33.45138299968178], [-112.14895800039322, 33.45138299968178], [-112.14840000017642, 33.45138400028141], [-112.14743100005586, 33.451385999981575], [-112.1468789996868, 33.45138799968165], [-112.14529199997327, 33.45139199983127], [-112.14419700035432, 33.45139699983062], [-112.1431189995555, 33.45139699983062], [-112.14249099991677, 33.45140299967955], [-112.1410139998081, 33.45140000012993], [-112.13999799983186, 33.45140599997866], [-112.13883200006781, 33.451407999678324], [-112.13667600026677, 33.4514159999755], [-112.13468299977407, 33.45142199982312], [-112.13451600026781, 33.451420000123775], [-112.13449799982615, 33.45159400002574], [-112.13450000037429, 33.45233400031838], [-112.13449700000123, 33.45324299998131], [-112.13447899955958, 33.453868000066635], [-112.13447799973466, 33.45414899965522], [-112.13447199988688, 33.45504900001036], [-112.13446500021416, 33.45595200015979], [-112.13445900036639, 33.45656000002335], [-112.1344600001913, 33.45686700034015], [-112.13446400038927, 33.4577649999118], [-112.1344660000391, 33.45812499965216], [-112.13446100001622, 33.458672000068994], [-112.13445400034352, 33.459593999811084], [-112.13445699981825, 33.460523999696974], [-112.13447500025994, 33.46096100019507], [-112.13449600017631, 33.4614439997605], [-112.13453200016131, 33.46227499963662], [-112.1345370001842, 33.462390000103994], [-112.13453100033642, 33.46273499984121], [-112.13465900038295, 33.462729999746216], [-112.13518099971644, 33.462705000016314], [-112.13570499959808, 33.46266299979436], [-112.13617599977628, 33.46261199981869], [-112.1364090003031, 33.462581000230244], [-112.13662400038827, 33.46255200007337], [-112.136698999833, 33.462538999948215], [-112.13700500015474, 33.462487999899594], [-112.13758099991493, 33.462376000231195], [-112.13797799957497, 33.462298999766304], [-112.13873599980835, 33.46215900004028], [-112.13889099961904, 33.46212500036178], [-112.13904299995501, 33.46209000019387], [-112.13920399961349, 33.46205799994232], [-112.13948599964579, 33.46201399995192], [-112.13977900044706, 33.461967000005615], [-112.14035799968197, 33.46188199984662], [-112.1409019996551, 33.461806999901604], [-112.14159899978911, 33.461748000079155], [-112.14208099983794, 33.46172000012398], [-112.14260600044281, 33.46169599983399], [-112.14312000027873, 33.46168199984911], [-112.14376899983384, 33.461656999816974], [-112.14534700022483, 33.46162700036845], [-112.14681900031066, 33.461619000263994], [-112.14727600024514, 33.461622999941596], [-112.14796099978527, 33.46163799966787], [-112.14897099991373, 33.46166100024232], [-112.15096199985831, 33.461739000255164], [-112.1518630002068, 33.461789000264886]]]}, "properties": {"geoid": "04013112602", "name": "1126.02", "value": 4.163176646673687, "coverage": 1.0000000000009788, "n_tiles": 221, "vmin": 3.8739, "vmax": 4.943, "metric": "recovery_gap_hours", "ok": true, "relief_hours": 1.837, "no_relief": false, "window_hours": 6.0, "population": 8704.0, "over_65": 491.0, "svi": 0.9913, "pct_over_65": 5.6, "pct_poverty": 49.9, "pct_mobile_homes": 38.6, "pct_no_vehicle": 9.8, "quadrant": "over_targeted"}}, {"type": "Feature", "geometry": {"type": "Polygon", "coordinates": [[[-112.1345370001842, 33.462390000103994], [-112.13453200016131, 33.46227499963662], [-112.13449600017631, 33.4614439997605], [-112.13447500025994, 33.46096100019507], [-112.13445699981825, 33.460523999696974], [-112.13445400034352, 33.459593999811084], [-112.13446100001622, 33.458672000068994], [-112.1344660000391, 33.45812499965216], [-112.13446400038927, 33.4577649999118], [-112.1344600001913, 33.45686700034015], [-112.13445900036639, 33.45656000002335], [-112.13446500021416, 33.45595200015979], [-112.13447199988688, 33.45504900001036], [-112.13447799973466, 33.45414899965522], [-112.13447899955958, 33.453868000066635], [-112.13449700000123, 33.45324299998131], [-112.13450000037429, 33.45233400031838], [-112.13449799982615, 33.45159400002574], [-112.13451600026781, 33.451420000123775], [-112.13430299983249, 33.45142299967277], [-112.13053199983051, 33.45141099997719], [-112.13042999972328, 33.45139900028001], [-112.13035299973036, 33.45138299968178], [-112.13029900020202, 33.45137900028127], [-112.12938299978491, 33.45137599998128], [-112.1287219996359, 33.451367999680414], [-112.12837199983154, 33.451362999679404], [-112.1282789999451, 33.451362999679404], [-112.1281869998836, 33.45136199982906], [-112.12602199986176, 33.45134099997119], [-112.12492100039502, 33.45131199980226], [-112.12372899979337, 33.451273000360985], [-112.12252200002145, 33.451236999708065], [-112.12183499993318, 33.45121699967201], [-112.12131400042458, 33.45120300024359], [-112.12033899955793, 33.451174000028516], [-112.12010199973146, 33.45116599970901], [-112.11900899976233, 33.451134999775654], [-112.11752300033115, 33.45108899978159], [-112.11690200036513, 33.45107100016831], [-112.11658199979965, 33.45107399972937], [-112.11615199962937, 33.45108999963508], [-112.11604500039755, 33.45109799996159], [-112.11533499984475, 33.45111300000966], [-112.11531499975327, 33.45145900024848], [-112.11529999968465, 33.45206999966235], [-112.11526500042288, 33.45300300029847], [-112.11601600008522, 33.45299900022321], [-112.11731400009377, 33.45296800019556], [-112.11739500028463, 33.452960999873476], [-112.11748700034615, 33.452941000235015], [-112.1174859996229, 33.453234999852675], [-112.11746899990447, 33.453814999770145], [-112.11744399979011, 33.454723999648046], [-112.11741700002592, 33.45570799978007], [-112.11738500023887, 33.45670100033557], [-112.11735199972861, 33.457704000032514], [-112.11733199963713, 33.45829199969877], [-112.11732400013952, 33.45871300021053], [-112.11730400004802, 33.45972499989904], [-112.11726700023812, 33.46113399994998], [-112.11726300004014, 33.46127200036031], [-112.11725399981933, 33.46173999998585], [-112.11724700014662, 33.462115999827496], [-112.1172460003217, 33.46217599987458], [-112.11724100029882, 33.46246999965484], [-112.1172189996592, 33.46312999968998], [-112.11720699996364, 33.46336100016381], [-112.11719600009299, 33.46357100012853], [-112.11718500022234, 33.46395500016148], [-112.1171330003438, 33.46593900021023], [-112.11727599956062, 33.46593900021023], [-112.11855199982786, 33.46594299968851], [-112.11930599986326, 33.46594400012011], [-112.12146099983939, 33.465939999892484], [-112.12364099992985, 33.465939999892484], [-112.12579000005816, 33.465939999892484], [-112.12715699966367, 33.46593900021023], [-112.12796699977557, 33.46593900021023], [-112.12850800027397, 33.465939999892484], [-112.13177799996052, 33.46594699991601], [-112.13217399979564, 33.46594699991601], [-112.1344729997118, 33.46594999971185], [-112.13449000032853, 33.465050999798216], [-112.1345079998719, 33.464117999907096], [-112.13451600026781, 33.463638999836746], [-112.13451899974253, 33.463483999872984], [-112.13452600031354, 33.463050999714305], [-112.13453100033642, 33.46273499984121], [-112.1345370001842, 33.462390000103994]]]}, "properties": {"geoid": "04013112700", "name": "1127", "value": 5.0453169793618375, "coverage": 1.0000000000009381, "n_tiles": 299, "vmin": 4.8129, "vmax": 5.2249, "metric": "recovery_gap_hours", "ok": true, "relief_hours": 0.955, "no_relief": false, "window_hours": 6.0, "population": 7787.0, "over_65": 614.0, "svi": 0.9024, "pct_over_65": 7.9, "pct_poverty": 45.2, "pct_mobile_homes": 2.8, "pct_no_vehicle": 8.2, "quadrant": "over_targeted"}}, {"type": "Feature", "geometry": {"type": "Polygon", "coordinates": [[[-112.03018699986329, 33.458598999878596], [-112.03018000019061, 33.45770000017405], [-112.03018100001552, 33.45711600012591], [-112.03018100001552, 33.45697399995343], [-112.03017599999265, 33.45641799968978], [-112.03016900031996, 33.455624000031065], [-112.03018199984044, 33.45559000003816], [-112.03016799959673, 33.455166999739], [-112.03016099992404, 33.45403100004026], [-112.03015400025136, 33.45296800019556], [-112.03015500007626, 33.45210500012769], [-112.03015699972607, 33.451351999825995], [-112.02896900022071, 33.45134900027454], [-112.02780599993137, 33.45134599997353], [-112.02597399999546, 33.451332999667095], [-112.02594399985824, 33.451332999667095], [-112.02540599973288, 33.45133199981647], [-112.02278799997451, 33.45133000011504], [-112.02270699978367, 33.45133000011504], [-112.02153799964655, 33.45133000011504], [-112.02153099997386, 33.45141099997719], [-112.02153000014894, 33.452563999740896], [-112.02151799955507, 33.45263699976572], [-112.02152799960082, 33.45289799994735], [-112.02154299966944, 33.45495599984429], [-112.02154000019469, 33.457057999893564], [-112.02154299966944, 33.45818800027751], [-112.0214919996158, 33.45824700027432], [-112.02150300038477, 33.45830600023103], [-112.02150699968442, 33.45855300009664], [-112.02151300043052, 33.458570999655834], [-112.02157399963157, 33.45857200017246], [-112.02243300014729, 33.458582000092385], [-112.02263700036177, 33.458582000092385], [-112.02314100015194, 33.45856800035409], [-112.02335000038929, 33.45856800035409], [-112.02373299980563, 33.45855399986407], [-112.02505699975345, 33.458556999915764], [-112.02588299975886, 33.45855999996729], [-112.02697300025325, 33.45856500030279], [-112.02752700027212, 33.458566999837366], [-112.02804899960562, 33.458566999837366], [-112.02912700040446, 33.4585759999907], [-112.02966999965436, 33.458575000223526], [-112.0299679995802, 33.458573999706864], [-112.03018699986329, 33.458598999878596]]]}, "properties": {"geoid": "04013981000", "name": "9810", "value": 5.99877044002439, "coverage": 1.000000000000337, "n_tiles": 81, "vmin": 5.9979, "vmax": 6.0003, "metric": "recovery_gap_hours", "ok": true, "relief_hours": 0.001, "no_relief": false, "window_hours": 6.0, "population": 580.0, "over_65": 14.0, "svi": null, "pct_over_65": 2.4, "pct_poverty": 100.0, "pct_mobile_homes": null, "pct_no_vehicle": null, "quadrant": "unknown"}}, {"type": "Feature", "geometry": {"type": "Polygon", "coordinates": [[[-112.08223799972605, 33.41889400009567], [-112.08220099991613, 33.41815300002571], [-112.08217699962667, 33.41764699984878], [-112.08216800030415, 33.41747600007224], [-112.08211899990035, 33.41647199989729], [-112.08200400027262, 33.41397700013357], [-112.08199800042483, 33.41384599994666], [-112.08200099989958, 33.41171400027275], [-112.08199900024975, 33.41079700016589], [-112.08199699970162, 33.40989099998764], [-112.08199500005179, 33.408945999640046], [-112.08199500005179, 33.4084430000951], [-112.0819959998767, 33.407956999847826], [-112.0819959998767, 33.407277000326246], [-112.08199099985382, 33.40670899967182], [-112.08094399991545, 33.4067109996516], [-112.08057800021757, 33.4067109996516], [-112.08018499985718, 33.40671200001641], [-112.07926299959229, 33.40671299963132], [-112.078362999967, 33.40671299963132], [-112.07652600000822, 33.406715000360904], [-112.07550300035929, 33.40671700034054], [-112.07413400020565, 33.40671799995538], [-112.07334300036031, 33.40671999993496], [-112.07108399972881, 33.40672300027916], [-112.06999900015562, 33.40671999993496], [-112.06961699966587, 33.40671900032013], [-112.06891299985918, 33.40671599997577], [-112.0683799997567, 33.406715000360904], [-112.06748099995633, 33.40671299963132], [-112.06710900041067, 33.40671200001641], [-112.06601600044154, 33.4067109996516], [-112.06456799974686, 33.40671200001641], [-112.06460299990695, 33.410518000293614], [-112.0646339998691, 33.41350299979765], [-112.06463300004418, 33.41355900008283], [-112.0647059998391, 33.416417000243875], [-112.06471800043299, 33.41659500011398], [-112.06474299964904, 33.41718900020781], [-112.06482300001498, 33.4193170003087], [-112.0648389999085, 33.41974699996411], [-112.06484800012934, 33.41995299970719], [-112.06485800017506, 33.4202059998185], [-112.06487400006861, 33.42069599981936], [-112.06488400011436, 33.420991999643014], [-112.06556299980667, 33.42090699981719], [-112.0656060003627, 33.42090699981719], [-112.06602200028932, 33.421004999997116], [-112.06649500011731, 33.42105599969508], [-112.06657999960784, 33.42107000023911], [-112.06720099957386, 33.42122500027367], [-112.06754500042875, 33.42125599964754], [-112.06830899961159, 33.42138000003151], [-112.06839300017549, 33.42140000019777], [-112.06868000023067, 33.42148000006703], [-112.06880699955396, 33.421500999655], [-112.06885000010998, 33.42150300004395], [-112.06906500019512, 33.421477999677606], [-112.0693239997629, 33.4214749998431], [-112.06941099980153, 33.421477000232585], [-112.07069799993943, 33.421617999836975], [-112.07099500004034, 33.42166899992464], [-112.07144699995197, 33.421784999689024], [-112.07146899969327, 33.42180099974774], [-112.07156499995274, 33.42183800005976], [-112.07167899975556, 33.421889000018204], [-112.07182500024375, 33.42196500017994], [-112.07200000014592, 33.42207200010754], [-112.07219699978941, 33.42220999968626], [-112.07226100026183, 33.422259999990175], [-112.0722939998738, 33.42229300011501], [-112.07288499970258, 33.422181000276495], [-112.07313999997072, 33.42213899992497], [-112.07326800001725, 33.42212199974116], [-112.07330400000225, 33.4221189999289], [-112.0734830001024, 33.42210599974159], [-112.07404600034208, 33.4220920001144], [-112.07447899998714, 33.422100000115854], [-112.07460899968348, 33.422109000304026], [-112.0747379995549, 33.42212199974116], [-112.07490800033254, 33.42214699992205], [-112.07591599991285, 33.422319999867064], [-112.07614199986867, 33.422153000294315], [-112.07627499993805, 33.422061000289226], [-112.0766239999175, 33.42184899990633], [-112.07669000003976, 33.421801999938765], [-112.0767929999719, 33.421687999832], [-112.07713799975339, 33.42127499964532], [-112.07726199960196, 33.42117600032167], [-112.07742599963349, 33.42105900029385], [-112.07745900014378, 33.421025000249806], [-112.07759100038825, 33.42089299999667], [-112.07796999960661, 33.42054899973454], [-112.07809199980535, 33.42044699971306], [-112.07821900002696, 33.4203499998608], [-112.07835299992126, 33.42025699998572], [-112.07883999999298, 33.419959999693525], [-112.0788769998029, 33.419942999832855], [-112.07921099971375, 33.41986800036376], [-112.07938099959306, 33.41983699974455], [-112.07963900023424, 33.41981400007615], [-112.07998400001574, 33.41979499975865], [-112.08020099975072, 33.419788999973235], [-112.08024099993368, 33.41978399965186], [-112.08040900016314, 33.41967100011018], [-112.08058400006534, 33.41956499968986], [-112.08076499981532, 33.419465999915985], [-112.08091399977823, 33.419392999722696], [-112.08141799956839, 33.41918599992945], [-112.0816080004375, 33.419100000362896], [-112.08172499971506, 33.41905399987972], [-112.08188600027185, 33.41900100005891], [-112.08213200031913, 33.41893299984529], [-112.08223799972605, 33.41889400009567]]]}, "properties": {"geoid": "04013115400", "name": "1154", "value": 6.0, "coverage": 1.0000000000012792, "n_tiles": 294, "vmin": 5.9151, "vmax": 6.1926, "metric": "recovery_gap_hours", "ok": true, "relief_hours": 0.0, "no_relief": true, "window_hours": 6.0, "population": 1688.0, "over_65": 139.0, "svi": 0.9249, "pct_over_65": 8.2, "pct_poverty": 40.2, "pct_mobile_homes": 9.1, "pct_no_vehicle": 15.7, "quadrant": "confirmed"}}, {"type": "Feature", "geometry": {"type": "Polygon", "coordinates": [[[-112.09121400018095, 33.51083499964075], [-112.09122400022669, 33.50947499998052], [-112.09067100003274, 33.50946699980029], [-112.08907599992327, 33.50944499986272], [-112.0868880003352, 33.509411000016236], [-112.08248399977333, 33.50934099967338], [-112.08247299990268, 33.512532000372204], [-112.08247200007776, 33.512960000179795], [-112.08246899970472, 33.51350699966922], [-112.08246799987982, 33.513890000162995], [-112.08246299985694, 33.51478400016983], [-112.08245799983406, 33.51569399988633], [-112.0824539996361, 33.51661600017092], [-112.08244899961325, 33.51750399995437], [-112.08244399959037, 33.51841000021696], [-112.08244299976545, 33.51889799985697], [-112.08244199994053, 33.51930300013344], [-112.08244100011562, 33.51937600009808], [-112.0824389995675, 33.520243000373824], [-112.08243600009274, 33.52066000018687], [-112.08243500026785, 33.52081200029583], [-112.08242699987193, 33.52182199990177], [-112.08241699982618, 33.521993999645574], [-112.08241400035145, 33.522811999710825], [-112.08241400035145, 33.52291099981735], [-112.08241199980331, 33.523853999826635], [-112.08364700006265, 33.523863999699365], [-112.08554400029591, 33.52389499982172], [-112.0856639999465, 33.523896000332755], [-112.08571800037318, 33.52389799985713], [-112.0867810002051, 33.523916000067395], [-112.0879369999234, 33.523935000035614], [-112.0906819999034, 33.52397999978612], [-112.0909160002551, 33.523975000231054], [-112.09114600040888, 33.52395799979456], [-112.09116399995223, 33.52231500016405], [-112.09116800015018, 33.521943000153435], [-112.09117999984575, 33.52034499983494], [-112.09118599969354, 33.51944300037047], [-112.09119099971639, 33.5185439999595], [-112.0911969995642, 33.517649000028285], [-112.09120199958706, 33.51675700010767], [-112.09121300035603, 33.5158480001934], [-112.09120999998298, 33.51542800007204], [-112.09120699960994, 33.514907000262184], [-112.09120199958706, 33.51416100033484], [-112.09120099976215, 33.5140199999119], [-112.0911969995642, 33.51311699977095], [-112.09120300031029, 33.512348000294224], [-112.09120800033315, 33.51158099978376], [-112.09121400018095, 33.51083499964075]]]}, "properties": {"geoid": "04013107401", "name": "1074.01", "value": 4.11830387643759, "coverage": 1.0000000000000642, "n_tiles": 163, "vmin": 3.7651, "vmax": 4.7035, "metric": "recovery_gap_hours", "ok": true, "relief_hours": 1.882, "no_relief": false, "window_hours": 6.0, "population": 2681.0, "over_65": 394.0, "svi": 0.5416, "pct_over_65": 14.7, "pct_poverty": 10.9, "pct_mobile_homes": 0.0, "pct_no_vehicle": 12.4, "quadrant": "low_priority"}}, {"type": "Feature", "geometry": {"type": "Polygon", "coordinates": [[[-112.0998280002376, 33.513246999932335], [-112.0998709998953, 33.50962499966452], [-112.09868000001687, 33.509597000202625], [-112.09748900013847, 33.50957600022576], [-112.09563700011105, 33.50954600014297], [-112.0929160004205, 33.509506000016394], [-112.09122400022669, 33.50947499998052], [-112.09121400018095, 33.51083499964075], [-112.09120800033315, 33.51158099978376], [-112.09120300031029, 33.512348000294224], [-112.0911969995642, 33.51311699977095], [-112.09182599992613, 33.513126000249294], [-112.09296400010109, 33.51314500034075], [-112.09331599955529, 33.513150999659175], [-112.09345899967043, 33.51315300018087], [-112.09422799977445, 33.51316399967897], [-112.09442500031625, 33.51316799997278], [-112.0947109996482, 33.51317200026634], [-112.09561299982161, 33.51318700005495], [-112.09748800031355, 33.513214999853155], [-112.09838999958868, 33.51322699997783], [-112.0998280002376, 33.513246999932335]]]}, "properties": {"geoid": "04013107402", "name": "1074.02", "value": 3.945617889401364, "coverage": 1.0000000000001168, "n_tiles": 45, "vmin": 3.7632, "vmax": 4.2183, "metric": "recovery_gap_hours", "ok": true, "relief_hours": 2.054, "no_relief": false, "window_hours": 6.0, "population": 1479.0, "over_65": 59.0, "svi": 0.8355, "pct_over_65": 4.0, "pct_poverty": 33.6, "pct_mobile_homes": 0.0, "pct_no_vehicle": 15.3, "quadrant": "over_targeted"}}, {"type": "Feature", "geometry": {"type": "Polygon", "coordinates": [[[-112.13455300007774, 33.42966700030695], [-112.13455300007774, 33.42956399965118], [-112.13454700022994, 33.42811600016785], [-112.13454200020708, 33.426778999684345], [-112.13454200020708, 33.42560999974105], [-112.1345360003593, 33.42460499974381], [-112.13453399981115, 33.42248599968519], [-112.13304900020486, 33.422474999919324], [-112.13168800044714, 33.42245799980136], [-112.13160100040851, 33.422457000367615], [-112.13002100036765, 33.42242700010683], [-112.12848399998452, 33.422419000135555], [-112.12830499988439, 33.422417999951634], [-112.12619599993901, 33.42236399975036], [-112.12477599973174, 33.422338000196895], [-112.12304500007818, 33.42232799984747], [-112.12158200021318, 33.422317000061646], [-112.11981999969915, 33.422326000227315], [-112.11719500026808, 33.422375999714696], [-112.11719600009299, 33.4224339998937], [-112.11719699991788, 33.42254200017553], [-112.11718100002439, 33.424296999795224], [-112.11716199975781, 33.425204999933214], [-112.11718500022234, 33.42595000036999], [-112.11719600009299, 33.426284999720295], [-112.11720399959061, 33.427176000113], [-112.11722100020735, 33.42822899996362], [-112.11721799983431, 33.429557999791164], [-112.11814000009919, 33.429557999791164], [-112.12041999974879, 33.429578000322515], [-112.12052100003112, 33.429579999775626], [-112.12155600027393, 33.429602999855646], [-112.12167799957435, 33.42960600015901], [-112.12229299969258, 33.42960600015901], [-112.12267199980927, 33.42961200001565], [-112.1249620004029, 33.42964899999736], [-112.12590100038624, 33.4296640000057], [-112.12726700016684, 33.429674000259766], [-112.12828200031817, 33.429677999911235], [-112.12890400010909, 33.42968100021196], [-112.12933799957905, 33.429682000312184], [-112.12957100010587, 33.429680000111766], [-112.1299960002533, 33.42967500036008], [-112.1302210003842, 33.42967099995875], [-112.13173000027993, 33.429660000353635], [-112.13288799964806, 33.42965399975054], [-112.13436200028201, 33.429665000106134], [-112.13445799964316, 33.429665000106134], [-112.13455300007774, 33.42966700030695]]]}, "properties": {"geoid": "04013114705", "name": "1147.05", "value": 4.0054074874130245, "coverage": 1.0000000000006537, "n_tiles": 157, "vmin": 3.8579, "vmax": 4.06, "metric": "recovery_gap_hours", "ok": true, "relief_hours": 1.995, "no_relief": false, "window_hours": 6.0, "population": 3325.0, "over_65": 16.0, "svi": null, "pct_over_65": 0.5, "pct_poverty": null, "pct_mobile_homes": null, "pct_no_vehicle": null, "quadrant": "unknown"}}, {"type": "Feature", "geometry": {"type": "Polygon", "coordinates": [[[-112.13462900024571, 33.4368899998071], [-112.13463000007062, 33.436735000007275], [-112.13460400013135, 33.43447100029096], [-112.1345930002607, 33.433197000280096], [-112.13457399999413, 33.432066999657614], [-112.13456700032144, 33.43140900027783], [-112.13454499968181, 33.43043499979284], [-112.13454600040502, 33.43035700011407], [-112.13455200025282, 33.4297570002995], [-112.13455300007774, 33.42966700030695], [-112.13445799964316, 33.429665000106134], [-112.13436200028201, 33.429665000106134], [-112.13288799964806, 33.42965399975054], [-112.13173000027993, 33.429660000353635], [-112.1302210003842, 33.42967099995875], [-112.1299960002533, 33.42967500036008], [-112.12957100010587, 33.429680000111766], [-112.12933799957905, 33.429682000312184], [-112.12890400010909, 33.42968100021196], [-112.12828200031817, 33.429677999911235], [-112.12726700016684, 33.429674000259766], [-112.12590100038624, 33.4296640000057], [-112.1249620004029, 33.42964899999736], [-112.12267199980927, 33.42961200001565], [-112.12229299969258, 33.42960600015901], [-112.12167799957435, 33.42960600015901], [-112.12155600027393, 33.429602999855646], [-112.12052100003112, 33.429579999775626], [-112.12041999974879, 33.429578000322515], [-112.11814000009919, 33.429557999791164], [-112.11721799983431, 33.429557999791164], [-112.11720799978855, 33.430098999869934], [-112.1172310002531, 33.431321999993315], [-112.11722299985716, 33.433183000192564], [-112.1172189996592, 33.43348399970268], [-112.1172310002531, 33.43414800013562], [-112.11724700014662, 33.43497899994345], [-112.11727300008589, 33.435895000265866], [-112.11729599965211, 33.436812999950845], [-112.11761500039265, 33.43681399996885], [-112.11775099993676, 33.436819000058904], [-112.11828499986414, 33.43683000025598], [-112.1193090002363, 33.43682100009485], [-112.11945900002414, 33.43682200011281], [-112.1216109996272, 33.436854999949055], [-112.12378400004496, 33.43687500029807], [-112.12417999988008, 33.43687700033267], [-112.12490499960319, 33.436894999892786], [-112.1259690001583, 33.436909000131116], [-112.12721199991525, 33.43691500023254], [-112.12764600028352, 33.43691200018191], [-112.12784799994988, 33.436909000131116], [-112.12804999961625, 33.436909000131116], [-112.12824999963281, 33.436908000114165], [-112.12844899982441, 33.43690600008023], [-112.12967599968785, 33.43690200001222], [-112.13030699969961, 33.43689999997818], [-112.13186699964898, 33.43689699992698], [-112.13244999998014, 33.436888999789986], [-112.13295999961808, 33.436880999652196], [-112.13462900024571, 33.4368899998071]]]}, "properties": {"geoid": "04013114704", "name": "1147.04", "value": 4.004621245527726, "coverage": 1.0000000000008251, "n_tiles": 156, "vmin": 3.933, "vmax": 4.0597, "metric": "recovery_gap_hours", "ok": true, "relief_hours": 1.995, "no_relief": false, "window_hours": 6.0, "population": 1988.0, "over_65": 127.0, "svi": 0.8574, "pct_over_65": 6.4, "pct_poverty": 69.3, "pct_mobile_homes": 30.4, "pct_no_vehicle": 7.8, "quadrant": "over_targeted"}}, {"type": "Feature", "geometry": {"type": "Polygon", "coordinates": [[[-112.0474979998173, 33.5318369998405], [-112.04749600016747, 33.53097199983369], [-112.04749500034256, 33.52870499979551], [-112.04748899959645, 33.52734099985631], [-112.04748000027394, 33.52565799994503], [-112.04748000027394, 33.52559099999369], [-112.04747500025108, 33.52468299980465], [-112.047476000076, 33.52372399987803], [-112.04609900042473, 33.52373600004281], [-112.04501499977813, 33.52373800031972], [-112.04410000008423, 33.52375200001025], [-112.04385300021202, 33.5237559998144], [-112.04375799977747, 33.523757000327095], [-112.04369099983032, 33.523758000090844], [-112.0436110003627, 33.5237600003673], [-112.04343499973727, 33.5237629996585], [-112.0432799999266, 33.523739000083744], [-112.04309300032885, 33.523710000183044], [-112.0430349997042, 33.52372999996063], [-112.04298700002361, 33.52373800031972], [-112.0422320001633, 33.52374999973365], [-112.04192199964359, 33.5237559998144], [-112.03971399996404, 33.523773000290646], [-112.03890499967703, 33.523798000368146], [-112.03870300001067, 33.52380500020881], [-112.03655300005744, 33.523799999894734], [-112.03649299978298, 33.523978000263696], [-112.03643300040683, 33.52410199977408], [-112.03611299984138, 33.52459700002817], [-112.03609600012295, 33.52461100032854], [-112.03608400042738, 33.52461500009295], [-112.0360569997649, 33.524624999877695], [-112.03599200036587, 33.52462599963145], [-112.03550500029415, 33.52463099989778], [-112.0352690002926, 33.52463499966132], [-112.03459899992278, 33.524642000183135], [-112.0341419999883, 33.52464699969965], [-112.034044000079, 33.52464999970898], [-112.03403900005613, 33.52380500020881], [-112.03396700008611, 33.523798000368146], [-112.0333760002573, 33.52380200017018], [-112.03130300029697, 33.52381200004896], [-112.0303550000928, 33.52381999965157], [-112.03030300021426, 33.52382299968959], [-112.03020299975682, 33.5238180001254], [-112.02997799962593, 33.5237629996585], [-112.02997900034917, 33.52397399972093], [-112.02998000017406, 33.52406000011685], [-112.02998000017406, 33.524140000373556], [-112.02998099999898, 33.52423700019244], [-112.02997699980102, 33.524742000193946], [-112.02998099999898, 33.52522700006646], [-112.02998099999898, 33.52528999981789], [-112.02997400032629, 33.525992999671885], [-112.02995199968667, 33.526416999848514], [-112.0299259997474, 33.52665699984658], [-112.02989399996035, 33.5268389999877], [-112.02986700019619, 33.527031000001145], [-112.02981199994458, 33.5272590001187], [-112.02979100002818, 33.527324000081485], [-112.02968100042334, 33.527587999819886], [-112.02954699963071, 33.52788700005368], [-112.02945799994225, 33.5280639997851], [-112.02929599956055, 33.52834299966685], [-112.0291440001229, 33.528578000272496], [-112.02901799972621, 33.52875299992629], [-112.02883500032641, 33.5289759999818], [-112.02856400016478, 33.52927999990673], [-112.0284469999889, 33.529398000363166], [-112.02834999990452, 33.52949000028998], [-112.02809399981149, 33.5297050001361], [-112.02793900000079, 33.52982899967194], [-112.02730299996615, 33.53031799971938], [-112.026975999728, 33.53058799965852], [-112.02683799963575, 33.530712000174574], [-112.02672899985579, 33.53083099985636], [-112.0266100000301, 33.53098599985079], [-112.02650500044811, 33.53114899998961], [-112.02646299971701, 33.53121899990895], [-112.02643299957978, 33.53126099983338], [-112.02637900005143, 33.53133699996569], [-112.02631200010428, 33.53141799990506], [-112.02734800017198, 33.53181300026004], [-112.02868600036349, 33.532320000277686], [-112.02897500006848, 33.53242900036285], [-112.0291299998792, 33.53249099969733], [-112.02924500040523, 33.53254199970837], [-112.0294689998129, 33.53264900019173], [-112.02974599982235, 33.532797999720415], [-112.02995599988462, 33.53293000031964], [-112.03002299983177, 33.53297499988218], [-112.03027899992482, 33.533161000321726], [-112.03047899994135, 33.533326999812424], [-112.03050900007858, 33.53336599975476], [-112.03053199964481, 33.533419000051445], [-112.03056500015506, 33.5334810001736], [-112.03064100032307, 33.53355499980225], [-112.03080199998153, 33.5337239997286], [-112.0309810000817, 33.533937000237366], [-112.03114099991525, 33.53415999965232], [-112.03122899977882, 33.53429799976772], [-112.03135900037347, 33.534534000301036], [-112.03145800010768, 33.53474700031175], [-112.03148099967389, 33.53480799984554], [-112.03158500032929, 33.53508299965205], [-112.03168700043653, 33.53534200001496], [-112.0318339998513, 33.53568200003908], [-112.03199000038522, 33.53601400025223], [-112.03210699966279, 33.536216999670906], [-112.03219299987651, 33.53634900029125], [-112.03230300037967, 33.536502000145475], [-112.03232900031894, 33.536537999807564], [-112.03247800028187, 33.536722999706384], [-112.03261300000108, 33.53687199970134], [-112.03283099956097, 33.537086999909796], [-112.03306200043795, 33.5372839999134], [-112.03318299991346, 33.537375999685246], [-112.03336600021156, 33.53750299976294], [-112.03355700000728, 33.5376230001837], [-112.03373799975725, 33.53772500011081], [-112.03383900003958, 33.53777900033185], [-112.03409799960737, 33.537901999919015], [-112.03413699996543, 33.53791699991145], [-112.034368999769, 33.538012999651876], [-112.03458999970194, 33.53809099978361], [-112.0348180002059, 33.53815799978299], [-112.03506400025319, 33.538218000308326], [-112.0353110001254, 33.538268999935894], [-112.03564400021133, 33.53831899993795], [-112.0356700001506, 33.53832099987751], [-112.03589299973335, 33.53834200036347], [-112.03598399996994, 33.53835000011936], [-112.03625000010874, 33.53835900021825], [-112.03670000037054, 33.53835799987455], [-112.0387110004066, 33.53835200005827], [-112.03886200001934, 33.53835200005827], [-112.03950200025193, 33.538346999836634], [-112.04056000006095, 33.53834499989767], [-112.04062000033541, 33.53834499989767], [-112.0407049998259, 33.53834499989767], [-112.04114699969179, 33.53834499989767], [-112.04143499957188, 33.53834499989767], [-112.04149099964836, 33.53834499989767], [-112.04150999991495, 33.53834499989767], [-112.04157400038736, 33.538344000302516], [-112.04167499977137, 33.538344000302516], [-112.04195400032896, 33.53834100001952], [-112.04240500041567, 33.538337000141254], [-112.04249499992905, 33.5383359997973], [-112.04317500034459, 33.538322000221704], [-112.0441040002822, 33.538302999670876], [-112.04532799977257, 33.53827999998374], [-112.04582499989004, 33.538272000221326], [-112.0459079997307, 33.538272000221326], [-112.04599499976933, 33.53827099987663], [-112.04607400031037, 33.538268999935894], [-112.04747500025108, 33.538252000063366], [-112.04747900044903, 33.536749000146145], [-112.04748000027394, 33.536068000044544], [-112.04748299974868, 33.53563400001106], [-112.04748699994664, 33.53460799977717], [-112.04749299979441, 33.53333500003241], [-112.04749500034256, 33.532707999638774], [-112.0474979998173, 33.5318369998405]]]}, "properties": {"geoid": "04013106400", "name": "1064", "value": 5.002150123482508, "coverage": 1.0000000000006932, "n_tiles": 299, "vmin": 4.9473, "vmax": 5.1414, "metric": "recovery_gap_hours", "ok": true, "relief_hours": 0.998, "no_relief": false, "window_hours": 6.0, "population": 3265.0, "over_65": 419.0, "svi": 0.3788, "pct_over_65": 12.8, "pct_poverty": 14.1, "pct_mobile_homes": 1.7, "pct_no_vehicle": 1.8, "quadrant": "low_priority"}}, {"type": "Feature", "geometry": {"type": "Polygon", "coordinates": [[[-112.0564449999599, 33.454844999999075], [-112.05644800033292, 33.454278999908965], [-112.05644400013497, 33.45387399974468], [-112.05594399964447, 33.45387399974468], [-112.0559319999489, 33.4533410003728], [-112.05592799975093, 33.45290200002728], [-112.05591500023046, 33.451365999979835], [-112.05471900032917, 33.45137699983147], [-112.05420299994513, 33.45138000013141], [-112.05369599978191, 33.45138500013151], [-112.05222399969614, 33.45139400028073], [-112.05203600027346, 33.45139599998067], [-112.04986899970348, 33.451412999676734], [-112.04892999972014, 33.451420000123775], [-112.04770500040485, 33.4514250001215], [-112.04768299976523, 33.45292800016768], [-112.04767699991744, 33.453350000319084], [-112.04768500031336, 33.454130000109174], [-112.04768100011538, 33.454844999999075], [-112.04767000024475, 33.45581800022057], [-112.04767799974235, 33.456181999729395], [-112.04767299971947, 33.456780999889844], [-112.04766199984881, 33.4577449998824], [-112.04763900028259, 33.45872799969083], [-112.04769100016115, 33.45872900020571], [-112.04815099957038, 33.45872499964512], [-112.04982299967271, 33.45872000006826], [-112.05071800017343, 33.45871700002227], [-112.0520470001441, 33.45872799969083], [-112.052629999577, 33.45872999997111], [-112.05429300035681, 33.45872499964512], [-112.0550380001714, 33.45872000006826], [-112.05574399962794, 33.4587100001643], [-112.0564390001121, 33.45868800007168], [-112.05644199958684, 33.45815999992196], [-112.05643699956397, 33.45774599965915], [-112.05643400008923, 33.45678000010197], [-112.0564390001121, 33.45595299995721], [-112.05644400013497, 33.45582100036686], [-112.0564449999599, 33.454844999999075]]]}, "properties": {"geoid": "04013113201", "name": "1132.01", "value": 5.982612694347282, "coverage": 1.0000000000002327, "n_tiles": 78, "vmin": 5.9711, "vmax": 6.0293, "metric": "recovery_gap_hours", "ok": true, "relief_hours": 0.017, "no_relief": false, "window_hours": 6.0, "population": 2244.0, "over_65": 143.0, "svi": 0.7003, "pct_over_65": 6.4, "pct_poverty": 40.9, "pct_mobile_homes": 0.0, "pct_no_vehicle": 11.8, "quadrant": "blind_spot"}}, {"type": "Feature", "geometry": {"type": "Polygon", "coordinates": [[[-112.0129169999172, 33.46719400001845], [-112.01291799974211, 33.46573199979059], [-112.01083800010908, 33.465724999749696], [-112.01040499956572, 33.46572199994607], [-112.01017500031027, 33.46572199994607], [-112.01011599986072, 33.465724999749696], [-112.01000399970773, 33.465719000142336], [-112.00899100010453, 33.46571400021947], [-112.00857500017796, 33.465712000100396], [-112.00805700014408, 33.46570799986205], [-112.00682500025778, 33.46570000013415], [-112.00609600033673, 33.46570200025356], [-112.00553499974686, 33.46569899969974], [-112.00464799964205, 33.46570799986205], [-112.00421499999702, 33.46570700017712], [-112.00421300034718, 33.466844000185425], [-112.00420999997414, 33.46742500015313], [-112.00420199957821, 33.468732999628436], [-112.00420300030144, 33.46888799994753], [-112.00420999997414, 33.46940500013882], [-112.00420599977618, 33.471220999911615], [-112.00420499995126, 33.4715359999523], [-112.00420300030144, 33.47249900036197], [-112.00419699955535, 33.473107000318016], [-112.00419999992839, 33.473983999885604], [-112.00420099975331, 33.47435900022896], [-112.00419800027856, 33.47495900024993], [-112.00420300030144, 33.47523299963935], [-112.00420300030144, 33.475859000358824], [-112.00420599977618, 33.476275999720265], [-112.00420199957821, 33.47676799987369], [-112.00419900010347, 33.4773209998348], [-112.00419099970755, 33.47768700030545], [-112.00418400003488, 33.47822600008537], [-112.0041780001871, 33.479199999640215], [-112.00420099975331, 33.47994399988669], [-112.00419699955535, 33.48045800000683], [-112.0052569999125, 33.480462999828305], [-112.00636300030042, 33.48046599987088], [-112.00746299994222, 33.48046899991341], [-112.00864799997288, 33.48047699977645], [-112.00946899995543, 33.48047999981854], [-112.01037100012886, 33.480484999638755], [-112.01127400012717, 33.480490000207936], [-112.01213199991966, 33.48049300024958], [-112.01291000024452, 33.48049099972234], [-112.01290799969638, 33.47864999978971], [-112.01290799969638, 33.47772799969479], [-112.01290799969638, 33.476801000245466], [-112.01290400039674, 33.475875000186235], [-112.01290400039674, 33.47495900024993], [-112.01290699987146, 33.47392300017985], [-112.01290900041961, 33.47311199981444], [-112.01291100006942, 33.47219399992341], [-112.01291000024452, 33.47126600009458], [-112.01290799969638, 33.470201000237445], [-112.01291299971925, 33.46964500012881], [-112.01291000024452, 33.46943600028421], [-112.01290799969638, 33.46869799988063], [-112.0129169999172, 33.46719400001845]]]}, "properties": {"geoid": "04013111401", "name": "1114.01", "value": 5.999987642933731, "coverage": 1.0000000000002072, "n_tiles": 162, "vmin": 5.9999, "vmax": 6.0004, "metric": "recovery_gap_hours", "ok": true, "relief_hours": 0.0, "no_relief": false, "window_hours": 6.0, "population": 4473.0, "over_65": 296.0, "svi": 0.7436, "pct_over_65": 6.6, "pct_poverty": 24.5, "pct_mobile_homes": 0.0, "pct_no_vehicle": 3.7, "quadrant": "blind_spot"}}, {"type": "Feature", "geometry": {"type": "Polygon", "coordinates": [[[-112.15163399987794, 33.498637000361256], [-112.15168800030462, 33.49495899977618], [-112.14515100040626, 33.494991999959744], [-112.14450500032589, 33.494995000248224], [-112.14294500037654, 33.49500200017181], [-112.14076299973794, 33.494988000324085], [-112.13990499994546, 33.49494000018688], [-112.13847800006548, 33.49491500001123], [-112.13687799993315, 33.494916000108304], [-112.13642000017374, 33.494916000108304], [-112.13627100021084, 33.49491100037199], [-112.13600500007205, 33.49490200024667], [-112.13530100026536, 33.49487700006004], [-112.13499300029379, 33.4948659997359], [-112.13421400014401, 33.4948800003525], [-112.13422500001468, 33.49496300016229], [-112.13423599988533, 33.49504100016375], [-112.1342419997331, 33.495322000354875], [-112.13424099990819, 33.49557500013059], [-112.13423699971023, 33.49652200024614], [-112.13423199968736, 33.4978389999783], [-112.13423000003755, 33.49857900020206], [-112.13422400018976, 33.50037999990357], [-112.13421800034197, 33.50228800017821], [-112.13421099977099, 33.50360199983936], [-112.13420300027336, 33.504916999758215], [-112.13419800025048, 33.505826999878586], [-112.13419599970234, 33.506205000077486], [-112.13419599970234, 33.50629200012733], [-112.1341920004027, 33.506935000358], [-112.13418800020476, 33.50759800006768], [-112.13418800020476, 33.507627000126554], [-112.13419599970234, 33.50943800035803], [-112.13438499984822, 33.50943800035803], [-112.13635499987643, 33.50943800035803], [-112.1385349999669, 33.50943800035803], [-112.14070199963857, 33.50943900028733], [-112.14288799957683, 33.509442000075076], [-112.14375899978809, 33.509442000075076], [-112.14520800030768, 33.5094439999335], [-112.14612300000157, 33.50944499986272], [-112.14734700039027, 33.50944499986272], [-112.14774900007316, 33.50944699972108], [-112.14878400031597, 33.50944699972108], [-112.15067900000108, 33.50944900032841], [-112.15095900038357, 33.50944799965026], [-112.1515529996871, 33.50945000025757], [-112.15158500037246, 33.50925800016726], [-112.15158500037246, 33.509245000309576], [-112.15159700006802, 33.50914299974531], [-112.15159500041821, 33.50871699965788], [-112.15158299982433, 33.5052320001048], [-112.15161399978646, 33.49925700020329], [-112.15162999967998, 33.498952000340566], [-112.15163399987794, 33.498637000361256]]]}, "properties": {"geoid": "04013109200", "name": "1092", "value": 4.461569170193503, "coverage": 1.0000000000008222, "n_tiles": 289, "vmin": 3.8764, "vmax": 5.2319, "metric": "recovery_gap_hours", "ok": true, "relief_hours": 1.538, "no_relief": false, "window_hours": 6.0, "population": 4463.0, "over_65": 256.0, "svi": 0.9786, "pct_over_65": 5.7, "pct_poverty": 41.0, "pct_mobile_homes": 4.2, "pct_no_vehicle": 29.5, "quadrant": "over_targeted"}}, {"type": "Feature", "geometry": {"type": "Polygon", "coordinates": [[[-112.13433200014478, 33.538512999851875], [-112.1343110002284, 33.53625599980708], [-112.13430500038062, 33.535549000270386], [-112.1342979998096, 33.53482699966698], [-112.1342979998096, 33.53477099982657], [-112.13429100013691, 33.53410600016575], [-112.13429100013691, 33.534058999656125], [-112.13428500028913, 33.533389000000554], [-112.13428399956591, 33.53336300004781], [-112.13427799971812, 33.53268799969109], [-112.13427600006828, 33.53266500000767], [-112.13426199982459, 33.53196500023618], [-112.13425599997682, 33.53122100001278], [-112.13425400032698, 33.530463999713525], [-112.13425299960377, 33.5297470000471], [-112.1342629996495, 33.52903300028315], [-112.13426199982459, 33.52868800028879], [-112.13426199982459, 33.52759700029038], [-112.13426000017478, 33.52530199976531], [-112.13425500015191, 33.52396600013251], [-112.13164800026418, 33.523978000263696], [-112.12992000008532, 33.523978000263696], [-112.12901500043718, 33.52398700036095], [-112.12814599987573, 33.523981000296246], [-112.1272720001897, 33.52398299981859], [-112.12644600018427, 33.523984000328674], [-112.12556900012522, 33.52399499994738], [-112.12504199987053, 33.52399799997932], [-112.12341099977606, 33.52400300028195], [-112.12124199955626, 33.524009000345195], [-112.11991599995862, 33.52401399989828], [-112.11688899994634, 33.524022999991836], [-112.11689099959614, 33.525120999881885], [-112.11689200031938, 33.52600999970842], [-112.116907000388, 33.52656100022683], [-112.11689499979411, 33.52765499972175], [-112.11689499979411, 33.528571000069306], [-112.11689700034226, 33.53114600020574], [-112.1168939999692, 33.531297999856875], [-112.11689499979411, 33.533118000167114], [-112.11689599961902, 33.534018999632444], [-112.11689599961902, 33.534934000317435], [-112.11689599961902, 33.53570099966843], [-112.11690900003781, 33.53620899971762], [-112.11690900003781, 33.53638800036793], [-112.11690800021292, 33.53754799994023], [-112.11690800021292, 33.5385690002632], [-112.11963499975123, 33.53856099977882], [-112.12173899967371, 33.538554999976554], [-112.12234799994415, 33.538553000042405], [-112.12407799977284, 33.53854900017395], [-112.1256179996307, 33.538540999687655], [-112.12753699960528, 33.538529999673024], [-112.12833300037178, 33.538525000210456], [-112.12870699956729, 33.538534000291136], [-112.12886999977391, 33.53853299994945], [-112.12919600018714, 33.538531000014785], [-112.1299689995908, 33.538525000210456], [-112.13051000008922, 33.53853299994945], [-112.13160200023341, 33.5385219999338], [-112.1317009999676, 33.5385219999338], [-112.13433200014478, 33.538512999851875]]]}, "properties": {"geoid": "04013106900", "name": "1069", "value": 4.000133266143488, "coverage": 1.0000000000009786, "n_tiles": 289, "vmin": 3.9771, "vmax": 4.0077, "metric": "recovery_gap_hours", "ok": true, "relief_hours": 2.0, "no_relief": false, "window_hours": 6.0, "population": 8260.0, "over_65": 718.0, "svi": 0.7107, "pct_over_65": 8.7, "pct_poverty": 34.2, "pct_mobile_homes": 2.4, "pct_no_vehicle": 0.9, "quadrant": "low_priority"}}, {"type": "Feature", "geometry": {"type": "Polygon", "coordinates": [[[-112.02298799999106, 33.572351000017775], [-112.02302399997608, 33.57233100026383], [-112.02234199991068, 33.572334000114935], [-112.0217240003177, 33.572336999965984], [-112.02149499998885, 33.57235799966858], [-112.02146400002673, 33.57128800005033], [-112.02135000022389, 33.56772000034915], [-112.02135100004881, 33.56766500012284], [-112.02134799967577, 33.56646399991844], [-112.0202730001483, 33.56656400019786], [-112.02026399992748, 33.56551899986853], [-112.01921899963891, 33.5656050000989], [-112.01713099960995, 33.566782999941076], [-112.01626600014478, 33.5668620003137], [-112.01624500022838, 33.56658699984155], [-112.01595300015033, 33.5666140002941], [-112.01502000001476, 33.5666980001511], [-112.01502300038784, 33.56697400028221], [-112.01291400044246, 33.56714299997304], [-112.012922999765, 33.567560000341935], [-112.0129450004046, 33.56759699979459], [-112.01294600022952, 33.56800800021378], [-112.01179399981086, 33.568020000218496], [-112.01054699985595, 33.56802300021939], [-112.00604600010801, 33.568074000219006], [-112.00492600037471, 33.56810200020598], [-112.00256700018409, 33.56813000018383], [-111.99992400031135, 33.568163000146164], [-111.99770800023587, 33.568200000088865], [-111.99746300001351, 33.56820900007253], [-111.99568700015406, 33.56821500006112], [-111.99568700015406, 33.56827599992146], [-111.99566100021481, 33.5683529996836], [-111.99565799984175, 33.568378000340154], [-111.99565799984175, 33.56877600014625], [-111.99565799984175, 33.56907500010078], [-111.9947170002086, 33.56964499967138], [-111.99319400006917, 33.57060799968941], [-111.99081899998504, 33.57061300028948], [-111.99082800020585, 33.57187599993195], [-111.98919899976121, 33.5718740000206], [-111.98706700024964, 33.5718740000206], [-111.98648100044372, 33.57187499997631], [-111.98648999976623, 33.573155000360295], [-111.98647899989558, 33.57376999996065], [-111.98635699969684, 33.573904999888875], [-111.98565200006523, 33.57419300007798], [-111.9850229997033, 33.574533999831345], [-111.98436499992735, 33.574675000349686], [-111.98213299995834, 33.5742899998552], [-111.98209500032353, 33.57390200009236], [-111.98201800033061, 33.57340099967837], [-111.98168100004673, 33.57294100003038], [-111.98110000026368, 33.57219200031156], [-111.98111199995925, 33.57185799997973], [-111.9821289997604, 33.57185999989144], [-111.98335899999687, 33.5698040003261], [-111.98428600028465, 33.56825099998388], [-111.98669099960769, 33.56637699977582], [-111.98669099960769, 33.56626999988454], [-111.9866849997599, 33.56528100005535], [-111.98668800013294, 33.5646000002496], [-111.98645100030649, 33.5646000002496], [-111.98645200013141, 33.56426300035754], [-111.98644799993345, 33.56236300021921], [-111.98644600028362, 33.56094800026639], [-111.98637900033646, 33.56094800026639], [-111.98621699995475, 33.560949999682286], [-111.98429200013243, 33.560934999945104], [-111.98215600042289, 33.56092499986936], [-111.9820509999426, 33.56092399978689], [-111.98196499972886, 33.56092499986936], [-111.98194299998755, 33.560996999789964], [-111.98178099960583, 33.560992000130135], [-111.98146400031175, 33.560967999662815], [-111.98064499997902, 33.560982000060996], [-111.9787140003089, 33.56095800033947], [-111.97858399971423, 33.560987999803196], [-111.97849500002579, 33.560996999789964], [-111.97831199972768, 33.56100400036131], [-111.97807599972612, 33.56099899995326], [-111.9778770004328, 33.560996999789964], [-111.97783300005187, 33.56100400036131], [-111.97779899971668, 33.561033999809], [-111.97777500032555, 33.561066000156636], [-111.97777199995251, 33.561367000015544], [-111.9777710001276, 33.56172800024333], [-111.97776799975455, 33.56192500021437], [-111.97758000033187, 33.561923000072525], [-111.97758600017966, 33.56199900018999], [-111.97758600017966, 33.56210399999601], [-111.97758600017966, 33.562205000152304], [-111.97758399963152, 33.56248399986658], [-111.97758600017966, 33.56273199977077], [-111.97758299980661, 33.56302900032763], [-111.97758100015679, 33.56335900016422], [-111.97758000033187, 33.563750000300516], [-111.97757899960867, 33.56392499985116], [-111.97757899960867, 33.5640659997316], [-111.97763100038551, 33.56417899962888], [-111.97763300003533, 33.56448299998968], [-111.97763300003533, 33.56461700017821], [-111.97762399981451, 33.56640200025594], [-111.97760899974588, 33.56825099998388], [-111.97760899974588, 33.56863999968917], [-111.97761299994384, 33.56898199966015], [-111.97761299994384, 33.569537000104745], [-111.97762700018755, 33.570717000130834], [-111.97763899988311, 33.571104999987945], [-111.97766300017257, 33.571909999914624], [-111.97767400004322, 33.57244000002677], [-111.97768999993674, 33.5734939998495], [-111.97770300035553, 33.57547099994307], [-111.97771099985313, 33.57602300011234], [-111.97772500009684, 33.57754099996346], [-111.9777350001426, 33.57907100002505], [-111.9777350001426, 33.57919100033558], [-111.97774400036342, 33.580035000275934], [-111.97777899962519, 33.58261699977416], [-111.97788699958022, 33.58270400001475], [-111.97963300020075, 33.582699999945376], [-111.98066699972033, 33.58269099997574], [-111.9817420001461, 33.58266499989195], [-111.98222900021781, 33.58265800032858], [-111.9825029998542, 33.58265299967791], [-111.98309000038334, 33.58265599991866], [-111.98364600005205, 33.5826590001593], [-111.98491700029639, 33.58265599991866], [-111.98655300041374, 33.58266499989195], [-111.9878110002393, 33.582673000033694], [-111.98866599965874, 33.58267600027376], [-111.98897600017845, 33.582677000104326], [-111.98958799992363, 33.58268000034424], [-111.98992900040548, 33.58269800028482], [-111.99004800023118, 33.58270400001475], [-111.99089599997792, 33.58272600001868], [-111.991556000302, 33.582743000119926], [-111.9937740000273, 33.58274800001699], [-111.99450200012343, 33.5827499996764], [-111.99552800014541, 33.5827499996764], [-111.99570800007048, 33.582747000187254], [-111.99673200044262, 33.582730999916734], [-111.99763299989282, 33.58271700005175], [-111.9979149999251, 33.582711000322725], [-111.99850999995188, 33.58270099977562], [-112.00004899998483, 33.58267899976531], [-112.00183300024017, 33.58265000018539], [-112.002243000319, 33.58264299987247], [-112.00310299976128, 33.582628999993204], [-112.00332299986933, 33.58262599975152], [-112.0044049999678, 33.5826100002069], [-112.00547600019561, 33.58259200024796], [-112.00585299976417, 33.58258599976186], [-112.00609299996367, 33.582581999687065], [-112.00766399978367, 33.58255799998262], [-112.00863200007933, 33.58254400008958], [-112.00938899958949, 33.5825340002715], [-112.00956400038999, 33.58253100002651], [-112.00979199999563, 33.58252799978141], [-112.00989999995065, 33.58252500028455], [-112.00993099991278, 33.58252500028455], [-112.01005399993645, 33.58252399970388], [-112.0100639999822, 33.582399000368866], [-112.01009099974637, 33.5820479996337], [-112.01015299967064, 33.5816170003538], [-112.01020200007444, 33.581375999731236], [-112.01020999957204, 33.58133900019716], [-112.010325999923, 33.58088199974871], [-112.01039600024322, 33.5806390003589], [-112.01047200041118, 33.58040999977797], [-112.01049099977946, 33.58035299968924], [-112.01065300016116, 33.57993800021929], [-112.01078799988038, 33.5796180002933], [-112.01087999994186, 33.579434000060495], [-112.01109199965397, 33.57904799996516], [-112.01124700036299, 33.57878799977321], [-112.01138499955694, 33.57856799992017], [-112.01162300010664, 33.57822499987416], [-112.01184400003957, 33.577938000300335], [-112.01200499969804, 33.577742000079496], [-112.01220700026272, 33.57750799984383], [-112.01247199967827, 33.57724900014506], [-112.01267800044091, 33.57705800008312], [-112.01299200026027, 33.576781000108305], [-112.01326800044481, 33.576544999709405], [-112.01356200017268, 33.57631299977926], [-112.0135980001577, 33.57628700001923], [-112.01382199956537, 33.5761219998914], [-112.01408900042735, 33.5759379996898], [-112.01436200023883, 33.575762999789035], [-112.01463699970013, 33.57559800015642], [-112.0149150004328, 33.575442000186435], [-112.01519999993984, 33.57529300009578], [-112.01549000036805, 33.575151999838475], [-112.01578800029388, 33.57501800028281], [-112.0161699998853, 33.5748600001709], [-112.01678900020151, 33.574630999973785], [-112.01685299977561, 33.574609000151625], [-112.01849499974072, 33.5740479997988], [-112.01967300009866, 33.573641000181254], [-112.0197819998786, 33.57360500026062], [-112.02056400040144, 33.5733470000159], [-112.02158500040052, 33.57298399982803], [-112.02204700035789, 33.5728030002568], [-112.0223009999028, 33.57269100036513], [-112.02264800023242, 33.57252600009965], [-112.02298799999106, 33.572351000017775]]]}, "properties": {"geoid": "04013105101", "name": "1051.01", "value": 2.993308936558357, "coverage": 1.00000000000133, "n_tiles": 690, "vmin": 2.7868, "vmax": 3.0907, "metric": "recovery_gap_hours", "ok": true, "relief_hours": 3.007, "no_relief": false, "window_hours": 6.0, "population": 4299.0, "over_65": 877.0, "svi": 0.0312, "pct_over_65": 20.4, "pct_poverty": 4.6, "pct_mobile_homes": 0.0, "pct_no_vehicle": 0.6, "quadrant": "low_priority"}}, {"type": "Feature", "geometry": {"type": "Polygon", "coordinates": [[[-112.06528099977439, 33.56051500025862], [-112.06526900007881, 33.558429999810286], [-112.06526499988085, 33.55792300024307], [-112.06526400005593, 33.557814000120196], [-112.0652609996829, 33.55748699967479], [-112.06525999985797, 33.55741300032481], [-112.06525900003307, 33.55735000002908], [-112.06525900003307, 33.55733499966673], [-112.06525200036039, 33.55664400026201], [-112.06524599961426, 33.55623600006666], [-112.06524300013955, 33.55605999976904], [-112.06523499974364, 33.55553199971911], [-112.06523399991872, 33.55529699977625], [-112.06523100044399, 33.554717999931924], [-112.06522899989585, 33.55369999999641], [-112.06522399987297, 33.55312700021731], [-112.06522200022314, 33.55272500019679], [-112.06380799986366, 33.552717000274235], [-112.06361500041812, 33.55271499991916], [-112.06325899986766, 33.552713999741634], [-112.06275400025261, 33.55271099995752], [-112.06210499979917, 33.552708000173354], [-112.06201500028581, 33.552705999818066], [-112.0619449999656, 33.552704999640376], [-112.06186899979762, 33.552703000033674], [-112.06154199955947, 33.55269500010909], [-112.06122299971723, 33.5526979998937], [-112.06092300014159, 33.552708000173354], [-112.06067399972125, 33.552721999664456], [-112.06040500010774, 33.552738999685175], [-112.05970999962355, 33.55278400016424], [-112.05874499970095, 33.552861000264116], [-112.05689000019882, 33.55300399983979], [-112.05659100044805, 33.553021999979], [-112.05627400025566, 33.553041000288275], [-112.05616799995043, 33.55305300012681], [-112.05550500015163, 33.55307799997226], [-112.05442800007603, 33.553116999986216], [-112.05227800012278, 33.553196000133276], [-112.05119500019941, 33.55321599982741], [-112.0507929996182, 33.55322099993734], [-112.05065200005119, 33.55322399970375], [-112.05047299995105, 33.553237999859874], [-112.0503149997673, 33.553258000292885], [-112.05016499997947, 33.55328599984326], [-112.04996699961276, 33.553337000311046], [-112.04977800036518, 33.55340099996], [-112.04959400024218, 33.55347999984741], [-112.0494209999898, 33.553570000010126], [-112.04926199998116, 33.55367199983162], [-112.04912899991174, 33.55377000036872], [-112.04901099991099, 33.55387300011826], [-112.0486379996421, 33.554169999696846], [-112.04807000027782, 33.554659999943155], [-112.04797999986614, 33.55472400010925], [-112.04791299991899, 33.55477200001554], [-112.04774700023764, 33.55487200035858], [-112.04758400003102, 33.55495299995265], [-112.04741599980153, 33.55502199990741], [-112.0472369997014, 33.55508099980332], [-112.04705599995143, 33.55512699996064], [-112.04687299965332, 33.55515999965158], [-112.04680999990411, 33.555169000245705], [-112.04659300016914, 33.55518699993381], [-112.04635200014472, 33.555189999631885], [-112.04616999967153, 33.55518599978484], [-112.04606799956429, 33.55517999963961], [-112.04583199956274, 33.5551759997921], [-112.04558100039085, 33.5551719999444], [-112.04507900025055, 33.55516499964905], [-112.04487900023399, 33.55517099979532], [-112.0446409996843, 33.555189999631885], [-112.04440200020804, 33.555223000047384], [-112.04416899968122, 33.5552690001291], [-112.0439369998776, 33.5553279998563], [-112.04375500030274, 33.555387000291844], [-112.04370900027199, 33.55539999995094], [-112.04353699984453, 33.55546599986027], [-112.04340499960004, 33.5555279998879], [-112.0431540004282, 33.555666000320976], [-112.04305800016873, 33.55572300024017], [-112.04288699956619, 33.555830999865826], [-112.04282899983987, 33.55586699971103], [-112.04167399994648, 33.5566390003502], [-112.04082899967446, 33.55718099988809], [-112.04037599993794, 33.55747699994843], [-112.03984700003343, 33.557816999727045], [-112.03975599979682, 33.55787000000135], [-112.03957099984889, 33.55797799993693], [-112.03950300007682, 33.558019000216795], [-112.03912499978505, 33.558222000347854], [-112.03883799972988, 33.55836199969567], [-112.038684999569, 33.55843200003303], [-112.03831200019842, 33.558588000046115], [-112.03836699955168, 33.55949300012508], [-112.03837099974965, 33.55984599994086], [-112.0383590000541, 33.560164999708185], [-112.03832999974178, 33.56043499997981], [-112.0382829998861, 33.5606989996455], [-112.038219000312, 33.560959999755084], [-112.03813599957302, 33.5612199997455], [-112.03803699983881, 33.56147199984138], [-112.03799300035618, 33.56156899968825], [-112.03796200039406, 33.561638000346434], [-112.03783400034753, 33.56188500036302], [-112.03777400007307, 33.56197900028375], [-112.03767899963852, 33.56212499994188], [-112.03761000004154, 33.56222199980388], [-112.0375370002466, 33.56232299982216], [-112.03736999984204, 33.562533000015755], [-112.03719300029003, 33.5627329998323], [-112.03702300041073, 33.56290799994681], [-112.03682500004399, 33.56309400033847], [-112.03666699986024, 33.5632279996882], [-112.03644099990444, 33.56339900008145], [-112.03623099984215, 33.56354300022872], [-112.0361220000622, 33.56361100000692], [-112.03619300020732, 33.563673000176266], [-112.03623599986503, 33.56371099984757], [-112.037514999607, 33.56482299988373], [-112.0375659996606, 33.564867000018786], [-112.037410000025, 33.56580600031188], [-112.03719400011495, 33.567110999631815], [-112.03746799975131, 33.56751300006364], [-112.0385220002607, 33.56905500033641], [-112.03879699972201, 33.56909799982411], [-112.0391900000824, 33.5691589998091], [-112.04165200020516, 33.56952600029379], [-112.0424089997153, 33.56963899978221], [-112.04315100005516, 33.569595999815455], [-112.04327499990372, 33.56960499965359], [-112.0433870000567, 33.56962500003905], [-112.04352400032406, 33.569665000047586], [-112.04380299998331, 33.569737000165965], [-112.04422300010788, 33.56982199995813], [-112.04431199979634, 33.56984500023091], [-112.04445699956129, 33.5698840001588], [-112.04463900003451, 33.569942999632374], [-112.04484999992168, 33.57002500003895], [-112.04505900015907, 33.57012000005662], [-112.04531100005413, 33.57024999983262], [-112.04564499996496, 33.57042199976512], [-112.04572000030804, 33.57047299984459], [-112.04595299993656, 33.570619000111016], [-112.0460690002875, 33.570686000335165], [-112.04631199996174, 33.57081600000739], [-112.04651799982607, 33.57091199986994], [-112.04668799970538, 33.570979999832794], [-112.04686099995776, 33.571041999950346], [-112.04693200010286, 33.571063999933074], [-112.04714200016514, 33.571123000097174], [-112.04731000039463, 33.57116200019624], [-112.04759300025187, 33.571212999838565], [-112.0478219996824, 33.571240000341476], [-112.04805199983618, 33.57125499978558], [-112.04806500025495, 33.571212999838565], [-112.04809399966896, 33.57037700024232], [-112.04813399985193, 33.569504999902236], [-112.04814800009562, 33.5691930001133], [-112.04814499972258, 33.5690660002074], [-112.04811299993553, 33.56884900024824], [-112.04810799991266, 33.56869200006536], [-112.0481260003543, 33.56853100036797], [-112.04812299998127, 33.56848599985955], [-112.04814800009562, 33.56838900029739], [-112.048209000195, 33.56773599965993], [-112.048209000195, 33.56770300028298], [-112.05002000021453, 33.56769000023008], [-112.05016300032966, 33.56769000023008], [-112.05048100034696, 33.567702000278956], [-112.05143200002588, 33.56772600037173], [-112.05252199962196, 33.567727999630655], [-112.0535950003979, 33.567730999641746], [-112.05463200029054, 33.56773399965268], [-112.05682200042675, 33.567736999663516], [-112.05880800034846, 33.5677479997024], [-112.05940300037518, 33.56775099971281], [-112.05948799986571, 33.56775099971281], [-112.06050300001701, 33.567751999716215], [-112.0615569996281, 33.56775699973323], [-112.06256199973366, 33.56776199974991], [-112.06259900044189, 33.56776199974991], [-112.06522700024603, 33.567766999766306], [-112.0652320002689, 33.56686799964737], [-112.06523700029176, 33.56594500006635], [-112.06524399996447, 33.56415099986681], [-112.06526300023104, 33.56229700034011], [-112.06528099977439, 33.56051500025862]]]}, "properties": {"geoid": "04013105200", "name": "1052", "value": 4.714333496961832, "coverage": 1.0000000000013323, "n_tiles": 457, "vmin": 2.9867, "vmax": 5.3022, "metric": "recovery_gap_hours", "ok": true, "relief_hours": 1.286, "no_relief": false, "window_hours": 6.0, "population": 6259.0, "over_65": 1300.0, "svi": 0.5572, "pct_over_65": 20.8, "pct_poverty": 16.2, "pct_mobile_homes": 2.5, "pct_no_vehicle": 3.5, "quadrant": "low_priority"}}, {"type": "Feature", "geometry": {"type": "Polygon", "coordinates": [[[-112.08257599983484, 33.55510400025939], [-112.08258500005567, 33.55291500001128], [-112.08122799959759, 33.55289500024752], [-112.08037400000308, 33.5528810000358], [-112.07829699984477, 33.55286699982176], [-112.07825500001198, 33.552865999645995], [-112.074448000025, 33.552819000354276], [-112.07388800015835, 33.55281300004464], [-112.07257300043135, 33.55279099990389], [-112.07193999987146, 33.55278400016424], [-112.07075800021389, 33.552769999934526], [-112.06986400043638, 33.55276300019313], [-112.06952399977946, 33.55275999966207], [-112.06908600011154, 33.552755000274104], [-112.06891299985918, 33.55275400009699], [-112.06829000024334, 33.55274600017713], [-112.06799499979225, 33.552742999645524], [-112.06795600033249, 33.552742999645524], [-112.06693600015831, 33.552727999980405], [-112.06691699989173, 33.552727999980405], [-112.06522200022314, 33.55272500019679], [-112.06522399987297, 33.55312700021731], [-112.06522899989585, 33.55369999999641], [-112.06523100044399, 33.554717999931924], [-112.06523399991872, 33.55529699977625], [-112.06523499974364, 33.55553199971911], [-112.06524300013955, 33.55605999976904], [-112.06524599961426, 33.55623600006666], [-112.06525200036039, 33.55664400026201], [-112.06525900003307, 33.55733499966673], [-112.06525900003307, 33.55735000002908], [-112.06525999985797, 33.55741300032481], [-112.0652609996829, 33.55748699967479], [-112.06526400005593, 33.557814000120196], [-112.06526499988085, 33.55792300024307], [-112.06526900007881, 33.558429999810286], [-112.06528099977439, 33.56051500025862], [-112.06526300023104, 33.56229700034011], [-112.06524399996447, 33.56415099986681], [-112.06523700029176, 33.56594500006635], [-112.0652320002689, 33.56686799964737], [-112.06522700024603, 33.567766999766306], [-112.06522399987297, 33.567980000196314], [-112.06528300032252, 33.567960000178296], [-112.06549199966159, 33.56789600008952], [-112.06569900024913, 33.56784599998712], [-112.06589500006773, 33.56780999989546], [-112.06621499973485, 33.56778199981379], [-112.06657799995801, 33.567766999766306], [-112.0669019998231, 33.56776999977605], [-112.06737600037435, 33.56776499975977], [-112.0695770003812, 33.56775699973323], [-112.07062000012164, 33.567753999723045], [-112.07168799997638, 33.56775099971281], [-112.07266100029493, 33.56774599969548], [-112.07387399991464, 33.56774299968491], [-112.07611299955633, 33.5676910002342], [-112.07702999979837, 33.56766900014049], [-112.07795200006328, 33.56764800004578], [-112.07841999986842, 33.56763699999414], [-112.07886799958206, 33.567625999941114], [-112.07989600015217, 33.5676059998411], [-112.08003599989425, 33.56760299982567], [-112.08022400021524, 33.56759899980501], [-112.08036099958429, 33.56759599978932], [-112.08252099958325, 33.567554000307865], [-112.08252599960612, 33.56662599974403], [-112.08252599960612, 33.566543999851845], [-112.08252899997919, 33.56600299996234], [-112.08253499982698, 33.56494299979094], [-112.08253499982698, 33.56492199978178], [-112.08253599965187, 33.56349099974577], [-112.08253599965187, 33.56339499986599], [-112.08253999984983, 33.56257599975717], [-112.08254499987268, 33.561732999860595], [-112.0825459996976, 33.56158199991409], [-112.08254999989556, 33.56097099990876], [-112.08255499991844, 33.56025799991371], [-112.08255499991844, 33.559709999641946], [-112.08255499991844, 33.55883399969584], [-112.08256099976623, 33.55805600001441], [-112.08256099976623, 33.55798999983826], [-112.08256800033725, 33.55708499973161], [-112.08256999998704, 33.556628999777054], [-112.08257199963688, 33.556149000100476], [-112.08257199963688, 33.55610700029196], [-112.08257599983484, 33.55510400025939]]]}, "properties": {"geoid": "04013105300", "name": "1053", "value": 3.2255568198086286, "coverage": 1.000000000001427, "n_tiles": 292, "vmin": 2.6793, "vmax": 4.2301, "metric": "recovery_gap_hours", "ok": true, "relief_hours": 2.774, "no_relief": false, "window_hours": 6.0, "population": 4868.0, "over_65": 1004.0, "svi": 0.6403, "pct_over_65": 20.6, "pct_poverty": 18.0, "pct_mobile_homes": 0.0, "pct_no_vehicle": 10.1, "quadrant": "low_priority"}}, {"type": "Feature", "geometry": {"type": "Polygon", "coordinates": [[[-112.11697699980986, 33.51128300001217], [-112.11698699985561, 33.509459000368395], [-112.11483400042765, 33.50948000037364], [-112.11401099989695, 33.50948699987494], [-112.11291600027799, 33.50949699991047], [-112.11286699987419, 33.50949699991047], [-112.11248500028276, 33.509501000373795], [-112.11238700037349, 33.509501000373795], [-112.11228799974096, 33.50950300023085], [-112.1119239996929, 33.50950500008793], [-112.11190600014953, 33.509506000016394], [-112.11048400029244, 33.50951899983487], [-112.11004900009927, 33.50952300029713], [-112.10843300007343, 33.50953799996935], [-112.1062970003639, 33.50955700009962], [-112.10418199967243, 33.509574000370336], [-112.1024329995772, 33.509590999888744], [-112.0998709998953, 33.50962499966452], [-112.0998280002376, 33.513246999932335], [-112.09981599964372, 33.513970000089216], [-112.09980399994815, 33.51469099970993], [-112.0997920002526, 33.51540299982219], [-112.09977999965871, 33.51612199977992], [-112.09977499963583, 33.51639900029201], [-112.09976700013823, 33.51687100030285], [-112.09974799987165, 33.51849600015386], [-112.09973100015323, 33.519905999727804], [-112.09971799973444, 33.520998999733365], [-112.09969699981802, 33.52246400027521], [-112.0996869997723, 33.523078999806934], [-112.09970299966581, 33.52410199977408], [-112.1018700002358, 33.5241229999695], [-112.1019620002973, 33.524119000182324], [-112.10303900037292, 33.52411200036703], [-112.10328399969697, 33.52411000009876], [-112.10399099987673, 33.52410499980231], [-112.10493800025598, 33.52409799998595], [-112.10512499985374, 33.52409599971736], [-112.1062780000973, 33.524088000140274], [-112.10807400004822, 33.524076000024344], [-112.1082830002856, 33.52406000011685], [-112.1090869996514, 33.52408400035143], [-112.10978600033354, 33.52411000009876], [-112.11054000036897, 33.52412399972907], [-112.11089199982315, 33.52412599999701], [-112.11114299989332, 33.52412699975655], [-112.11174899979072, 33.5241229999695], [-112.11179900001943, 33.52412200020992], [-112.11216800009036, 33.524117999673805], [-112.11223500003751, 33.52411600015458], [-112.11227000019761, 33.52411600015458], [-112.11230700000755, 33.524114999646024], [-112.11237099958166, 33.52411600015458], [-112.11273999965259, 33.52411000009876], [-112.1127699997898, 33.52411000009876], [-112.11351299995457, 33.52409499995747], [-112.11411600037724, 33.524082000082515], [-112.11469200013742, 33.52406499966705], [-112.11688899994634, 33.524022999991836], [-112.11689700034226, 33.52285499974835], [-112.11689899999206, 33.522663000199174], [-112.11690300019004, 33.521965999693144], [-112.11691999990848, 33.52148200004627], [-112.11692699958115, 33.5203810002328], [-112.11693199960403, 33.51947399983063], [-112.11693699962692, 33.518574999741844], [-112.11693900017505, 33.518220000192635], [-112.11694199964977, 33.51768199979937], [-112.11694699967265, 33.51678399965507], [-112.11694800039587, 33.51644000007612], [-112.1169509998706, 33.51601499981779], [-112.1169569997184, 33.51492300036484], [-112.11696699976413, 33.51319400000536], [-112.11696699976413, 33.513061000102105], [-112.116971999787, 33.51228899968972], [-112.11697699980986, 33.51128300001217]]]}, "properties": {"geoid": "04013107300", "name": "1073", "value": 4.008382599561896, "coverage": 1.0000000000003963, "n_tiles": 286, "vmin": 3.9012, "vmax": 4.2091, "metric": "recovery_gap_hours", "ok": true, "relief_hours": 1.992, "no_relief": false, "window_hours": 6.0, "population": 6830.0, "over_65": 634.0, "svi": 0.9059, "pct_over_65": 9.3, "pct_poverty": 32.9, "pct_mobile_homes": 12.4, "pct_no_vehicle": 6.4, "quadrant": "over_targeted"}}, {"type": "Feature", "geometry": {"type": "Polygon", "coordinates": [[[-112.100101999874, 33.45513599973696], [-112.10010299969889, 33.45493999990241], [-112.10008799963028, 33.45473499982323], [-112.10002400005618, 33.45424100012014], [-112.10002300023126, 33.45408500002371], [-112.10003099972887, 33.453767000053396], [-112.10003800029989, 33.45313600026097], [-112.10006500006405, 33.4521789996303], [-112.10006599988898, 33.45125400018483], [-112.0993579998843, 33.451259000192124], [-112.098314000319, 33.45128099992108], [-112.09816899965573, 33.45127599991506], [-112.09777000034586, 33.451297999639706], [-112.09689800030966, 33.451305999947024], [-112.09576099995964, 33.45131699980627], [-112.0957020004084, 33.45131799965707], [-112.09399599997086, 33.45134099997119], [-112.09362100005212, 33.451346999824054], [-112.0929499998574, 33.45135099997552], [-112.09133399983155, 33.451360999978704], [-112.09025199973307, 33.451365999979835], [-112.08929799968112, 33.451374000280886], [-112.0884230001702, 33.45138000013141], [-112.08632099989754, 33.451390000131255], [-112.08589900012313, 33.45139299968127], [-112.08524499964686, 33.45139599998067], [-112.08288100033167, 33.4514090002776], [-112.08255699956827, 33.45142799967032], [-112.08255999994134, 33.45334499968285], [-112.08256599978911, 33.45424800033889], [-112.08256900016215, 33.45475499979744], [-112.08256999998704, 33.455146000053105], [-112.08257300036013, 33.45576200021815], [-112.0825809998577, 33.456052000080234], [-112.08260199977413, 33.45673000020122], [-112.08259799957615, 33.45694699974126], [-112.08257300036013, 33.45826700018793], [-112.08254499987268, 33.45869499993142], [-112.08255699956827, 33.459131000145256], [-112.08256900016215, 33.459401000333436], [-112.08257500000992, 33.45963200025173], [-112.0825790002079, 33.459708000333556], [-112.08262000021577, 33.46082200029785], [-112.0826219998656, 33.46103399989548], [-112.0826229996905, 33.46105900010728], [-112.08262500023864, 33.46118200008503], [-112.08266600024652, 33.46157500005072], [-112.08267399974413, 33.46169800004574], [-112.08267799994209, 33.461815999718596], [-112.08269600038376, 33.462286000352634], [-112.08269700020865, 33.46254600024645], [-112.08269399983563, 33.46272699983899], [-112.08267799994209, 33.46312300018833], [-112.0826799995919, 33.463746000085216], [-112.08268299996497, 33.46405199998263], [-112.08267299991921, 33.46429800026308], [-112.08264199995708, 33.46463200023316], [-112.08263399956115, 33.46476399989793], [-112.08262600006356, 33.46546300027333], [-112.08263699993422, 33.46581100032043], [-112.08488899999469, 33.46581499980462], [-112.08606399997959, 33.46582600007138], [-112.08703399992507, 33.465824999638414], [-112.08919399992403, 33.46582600007138], [-112.09132899980867, 33.465828999871405], [-112.09260699972572, 33.465828999871405], [-112.09345399964755, 33.46583099998778], [-112.09379199975635, 33.46583099998778], [-112.09451499982961, 33.46583300010417], [-112.09496400026651, 33.46583300010417], [-112.0955900002554, 33.465833999787634], [-112.09664899988934, 33.4658359999039], [-112.09770500004853, 33.46584299993589], [-112.09799499957846, 33.465845000051985], [-112.09926499999789, 33.4658879999138], [-112.09983800028333, 33.465878000087265], [-112.09993199999468, 33.465876999654895], [-112.09997100035274, 33.464456000117636], [-112.09997700020051, 33.46399000032579], [-112.09997399982747, 33.46308799967394], [-112.09997200017763, 33.462780999652466], [-112.09997999967524, 33.46223700035447], [-112.09998200022339, 33.46210299963695], [-112.09998300004828, 33.46204400001595], [-112.09998499969812, 33.461926999632546], [-112.09998700024626, 33.461801999753085], [-112.099989999721, 33.4615990003742], [-112.0999910004442, 33.46150500000609], [-112.10000099959163, 33.46102700022458], [-112.10001700038349, 33.46039900004286], [-112.10003699957664, 33.4594799998881], [-112.10006199969101, 33.45857900004156], [-112.10006300041424, 33.456882000139814], [-112.10007599993472, 33.45590700027043], [-112.100101999874, 33.45513599973696]]]}, "properties": {"geoid": "04013112900", "name": "1129", "value": 4.993910405072193, "coverage": 1.0000000000010136, "n_tiles": 289, "vmin": 4.8925, "vmax": 5.031, "metric": "recovery_gap_hours", "ok": true, "relief_hours": 1.006, "no_relief": false, "window_hours": 6.0, "population": 4630.0, "over_65": 335.0, "svi": 0.8181, "pct_over_65": 7.2, "pct_poverty": 36.4, "pct_mobile_homes": 0.0, "pct_no_vehicle": 11.1, "quadrant": "over_targeted"}}, {"type": "Feature", "geometry": {"type": "Polygon", "coordinates": [[[-112.08269700020865, 33.46254600024645], [-112.08269600038376, 33.462286000352634], [-112.08267799994209, 33.461815999718596], [-112.08267399974413, 33.46169800004574], [-112.08266600024652, 33.46157500005072], [-112.08262500023864, 33.46118200008503], [-112.0826229996905, 33.46105900010728], [-112.0826219998656, 33.46103399989548], [-112.08262000021577, 33.46082200029785], [-112.0825790002079, 33.459708000333556], [-112.08257500000992, 33.45963200025173], [-112.08256900016215, 33.459401000333436], [-112.08255699956827, 33.459131000145256], [-112.08254499987268, 33.45869499993142], [-112.08140099984996, 33.45869199988457], [-112.08017599963634, 33.458688999837555], [-112.07892299983367, 33.45868299974327], [-112.07773799980303, 33.458678000164035], [-112.07696000037649, 33.45867100030293], [-112.07640399980949, 33.458669000021295], [-112.07575600007927, 33.458669000021295], [-112.07569900017788, 33.45866099964386], [-112.07561499961396, 33.45864399986976], [-112.07542600036639, 33.45863000014147], [-112.0753700002899, 33.45862899962551], [-112.0752580001369, 33.45862400004311], [-112.07492500005098, 33.458623000276475], [-112.0746029998357, 33.45862700009237], [-112.07428700036652, 33.45863000014147], [-112.07415900032, 33.45863799977236], [-112.07393099981606, 33.4586650002074], [-112.07380500031768, 33.4586740003505], [-112.07367200024828, 33.45868199997733], [-112.07309700031301, 33.45870000025914], [-112.07252999987536, 33.45870000025914], [-112.07191300010729, 33.458688999837555], [-112.07125100013337, 33.4586859997905], [-112.07001099985118, 33.45868299974327], [-112.06975700030628, 33.45868199997733], [-112.06918800021879, 33.45868199997733], [-112.06908500028662, 33.458688999837555], [-112.06889100011787, 33.45870000025914], [-112.06870299979688, 33.45869700021246], [-112.0679799997236, 33.45868199997733], [-112.06747299956042, 33.45868100021138], [-112.06622800015363, 33.458679999696], [-112.0654160003919, 33.4586740003505], [-112.06521800002518, 33.458678000164035], [-112.06521700020026, 33.4594799998881], [-112.0651979999337, 33.45998799998145], [-112.06518600023813, 33.460295999898605], [-112.06518700006305, 33.46095599999776], [-112.06518799988797, 33.461448999929665], [-112.06516399959852, 33.462036999677174], [-112.06515799975075, 33.46217899980087], [-112.06515199990295, 33.462403999974484], [-112.06514500023026, 33.462760000311896], [-112.0651269997886, 33.46361899966363], [-112.06511699974286, 33.46379599968675], [-112.06511000007016, 33.46390900022379], [-112.06510800042032, 33.46393899963201], [-112.06507400008515, 33.46455399982582], [-112.06507200043531, 33.464669000267364], [-112.06507300026023, 33.46490300021897], [-112.06508400013088, 33.465709999981215], [-112.06627900020727, 33.46571299978526], [-112.06744800034438, 33.46571600033855], [-112.06941199962645, 33.465719000142336], [-112.07122299964598, 33.465729999671936], [-112.07160099993776, 33.46572400006497], [-112.07176300031945, 33.465721000261304], [-112.07253200042348, 33.46572400006497], [-112.07378199985313, 33.46573600002783], [-112.0753140002134, 33.46573899983097], [-112.07586300020941, 33.46574700030462], [-112.07710900033938, 33.46576400018461], [-112.07823300027066, 33.4657749997085], [-112.08027899956849, 33.46579500013356], [-112.0814600002995, 33.46580599965346], [-112.08263699993422, 33.46581100032043], [-112.08262600006356, 33.46546300027333], [-112.08263399956115, 33.46476399989793], [-112.08264199995708, 33.46463200023316], [-112.08267299991921, 33.46429800026308], [-112.08268299996497, 33.46405199998263], [-112.0826799995919, 33.463746000085216], [-112.08267799994209, 33.46312300018833], [-112.08269399983563, 33.46272699983899], [-112.08269700020865, 33.46254600024645]]]}, "properties": {"geoid": "04013113000", "name": "1130", "value": 5.345031507785357, "coverage": 1.0000000000014384, "n_tiles": 153, "vmin": 4.885, "vmax": 6.0429, "metric": "recovery_gap_hours", "ok": true, "relief_hours": 0.655, "no_relief": false, "window_hours": 6.0, "population": 4041.0, "over_65": 198.0, "svi": 0.586, "pct_over_65": 4.9, "pct_poverty": 20.3, "pct_mobile_homes": 1.0, "pct_no_vehicle": 8.5, "quadrant": "low_priority"}}, {"type": "Feature", "geometry": {"type": "Polygon", "coordinates": [[[-112.06521800002518, 33.458678000164035], [-112.06521499965213, 33.45755400034346], [-112.06521300000233, 33.456728999663326], [-112.06521200017741, 33.45656600026454], [-112.06520999962927, 33.45583700014623], [-112.06520899980436, 33.455519999658044], [-112.06520700015456, 33.45476199997471], [-112.06521399982724, 33.45452100018509], [-112.06516299977362, 33.452353000257965], [-112.06514299968212, 33.451357999678045], [-112.06498700004651, 33.451351999825995], [-112.06423499966091, 33.451354000276424], [-112.06207399983703, 33.45135699982764], [-112.06080799961555, 33.45135900027796], [-112.06041699980328, 33.45136000012834], [-112.06005299975523, 33.45136000012834], [-112.05895599958812, 33.45136199982906], [-112.05810299981852, 33.45136199982906], [-112.05778300015139, 33.451362999679404], [-112.05703999998663, 33.45136500012952], [-112.05640599960182, 33.451365999979835], [-112.05591500023046, 33.451365999979835], [-112.05592799975093, 33.45290200002728], [-112.0559319999489, 33.4533410003728], [-112.05594399964447, 33.45387399974468], [-112.05644400013497, 33.45387399974468], [-112.05644800033292, 33.454278999908965], [-112.0564449999599, 33.454844999999075], [-112.05644400013497, 33.45582100036686], [-112.0564390001121, 33.45595299995721], [-112.05643400008923, 33.45678000010197], [-112.05643699956397, 33.45774599965915], [-112.05644199958684, 33.45815999992196], [-112.0564390001121, 33.45868800007168], [-112.05650600005926, 33.45868500002459], [-112.05710299973582, 33.458679999696], [-112.05893499967175, 33.45868100021138], [-112.06065700000282, 33.45868199997733], [-112.06079300044524, 33.45868199997733], [-112.06150099955157, 33.45868100021138], [-112.06205499957045, 33.45868800007168], [-112.06252200044901, 33.45869400016562], [-112.06361500041812, 33.45869700021246], [-112.06430699963093, 33.45869700021246], [-112.06521800002518, 33.458678000164035]]]}, "properties": {"geoid": "04013113202", "name": "1132.02", "value": 6.0, "coverage": 1.000000000001159, "n_tiles": 85, "vmin": 6.0063, "vmax": 6.1094, "metric": "recovery_gap_hours", "ok": true, "relief_hours": 0.0, "no_relief": true, "window_hours": 6.0, "population": 2141.0, "over_65": 95.0, "svi": 0.8562, "pct_over_65": 4.4, "pct_poverty": 42.5, "pct_mobile_homes": 0.0, "pct_no_vehicle": 14.0, "quadrant": "confirmed"}}, {"type": "Feature", "geometry": {"type": "Polygon", "coordinates": [[[-112.01291899956703, 33.463324000320696], [-112.01291899956703, 33.46329900001273], [-112.01291500026738, 33.46265900016473], [-112.01291000024452, 33.4625019997543], [-112.01285800036597, 33.46197599980592], [-112.01285800036597, 33.4614250003141], [-112.01285099979496, 33.461048999723666], [-112.01285199961988, 33.46085200002494], [-112.01285199961988, 33.460648000177066], [-112.01005700030947, 33.45983900024931], [-112.00952400020701, 33.459688000002956], [-112.00869800020159, 33.459488000189964], [-112.00860600014008, 33.45946799980861], [-112.00839899955251, 33.45942600026668], [-112.00819299968819, 33.45938300019717], [-112.00727899981922, 33.459215000243965], [-112.00698300044152, 33.45916800027905], [-112.00686600026566, 33.45915200036488], [-112.00670700025701, 33.4590319997906], [-112.00657699966236, 33.45893600011091], [-112.0064119998059, 33.4588150002227], [-112.00613200032173, 33.45861799994432], [-112.00606399965137, 33.458570999655834], [-112.00556900008203, 33.458229999669626], [-112.00448799980848, 33.45745600021653], [-112.00407000023206, 33.45714700016955], [-112.0036440002597, 33.45684300020566], [-112.00350799981726, 33.45674000033359], [-112.00207199971646, 33.4556469999526], [-112.0012649999776, 33.45503200027756], [-112.00099499964085, 33.454838999638774], [-112.0008060003933, 33.45470600003979], [-112.0007019997379, 33.45464399969492], [-111.99978299984605, 33.45403100004026], [-111.99970400020334, 33.45397799984334], [-111.99963499970805, 33.453936999711246], [-111.99951599988236, 33.45385699978151], [-111.99920299988793, 33.45364800009466], [-111.99900000039663, 33.45351799964444], [-111.99862299992978, 33.453290000159924], [-111.99855099995975, 33.45325199993772], [-111.9983009997145, 33.45309999963192], [-111.99827700032337, 33.453085999757995], [-111.99821000037622, 33.45304300029176], [-111.99793599984153, 33.4528780002943], [-111.997815000366, 33.452809999640785], [-111.99778400040385, 33.45278599988235], [-111.99771200043384, 33.45274800018879], [-111.99754099983132, 33.45264400011395], [-111.99747499970906, 33.45260099967902], [-111.99720100007269, 33.45243600033962], [-111.99712900010266, 33.4523990003311], [-111.99706200015551, 33.45235599977469], [-111.9970269999954, 33.452336999835744], [-111.99679000016893, 33.45218799969719], [-111.99671999984875, 33.45214999974159], [-111.99641500025024, 33.451959999713885], [-111.9963430002802, 33.451923000251796], [-111.99562100003182, 33.45147799963025], [-111.99545199997743, 33.45137699983147], [-111.99538800040332, 33.451332999667095], [-111.99533999982444, 33.451300000091386], [-111.99530999968721, 33.45128400022442], [-111.9953010003647, 33.4513550001268], [-111.99528499957286, 33.45342000020244], [-111.99526899967934, 33.45406800010198], [-111.99526200000663, 33.45452100018509], [-111.99525799980867, 33.45490099984422], [-111.9952539996107, 33.45537399990401], [-111.99523500024246, 33.45615199988529], [-111.99522299964858, 33.45700100015719], [-111.99522000017384, 33.457501000051515], [-111.99522900039467, 33.458273000311], [-111.99522900039467, 33.45835100037427], [-111.99522799967146, 33.458672000068994], [-111.99521000012811, 33.459122999810404], [-111.99520000008235, 33.4593210001988], [-111.99518199964069, 33.45956099963183], [-111.9951759997929, 33.45974899998522], [-111.99515800024955, 33.46032599980771], [-111.99513200031029, 33.460689000133584], [-111.99512999976217, 33.460791000069314], [-111.99513200031029, 33.46082200029785], [-111.99511399986862, 33.46139100034767], [-111.99506600018805, 33.462113999625345], [-111.99506399963991, 33.462538999948215], [-111.99480500007213, 33.46565700017909], [-111.99558500004683, 33.46565700017909], [-111.99743299987627, 33.465669000151216], [-111.99761600017438, 33.46566700003111], [-111.99991099989256, 33.46568800016625], [-112.00027999996351, 33.4656839999268], [-112.00103700037198, 33.465690999971066], [-112.0020469996021, 33.46570200025356], [-112.00421499999702, 33.46570700017712], [-112.00464799964205, 33.46570799986205], [-112.00553499974686, 33.46569899969974], [-112.00609600033673, 33.46570200025356], [-112.00682500025778, 33.46570000013415], [-112.00805700014408, 33.46570799986205], [-112.00857500017796, 33.465712000100396], [-112.00899100010453, 33.46571400021947], [-112.01000399970773, 33.465719000142336], [-112.01011599986072, 33.465724999749696], [-112.01017500031027, 33.46572199994607], [-112.01040499956572, 33.46572199994607], [-112.01083800010908, 33.465724999749696], [-112.01291799974211, 33.46573199979059], [-112.01291500026738, 33.465069000256435], [-112.0129160000923, 33.46473400002583], [-112.01291799974211, 33.463894000141096], [-112.01291899956703, 33.46344200002846], [-112.01291899956703, 33.46338299981995], [-112.01291899956703, 33.463324000320696]]]}, "properties": {"geoid": "04013113601", "name": "1136.01", "value": 5.999984207222609, "coverage": 1.0000000000009863, "n_tiles": 191, "vmin": 5.9999, "vmax": 6.0002, "metric": "recovery_gap_hours", "ok": true, "relief_hours": 0.0, "no_relief": false, "window_hours": 6.0, "population": 4911.0, "over_65": 73.0, "svi": 0.9169, "pct_over_65": 1.5, "pct_poverty": 33.4, "pct_mobile_homes": 2.2, "pct_no_vehicle": 7.1, "quadrant": "confirmed"}}, {"type": "Feature", "geometry": {"type": "Polygon", "coordinates": [[[-112.1516580001674, 33.51736900026111], [-112.15166200036536, 33.51669199969267], [-112.15164499974861, 33.51669199969267], [-112.15162399983221, 33.51669099984719], [-112.15152900029595, 33.51668900015627], [-112.15152500009799, 33.51737199977392], [-112.1504349996036, 33.5173669998369], [-112.14951099968889, 33.51736199989959], [-112.1493640002741, 33.51736400032391], [-112.14921000028832, 33.51735899963747], [-112.14899199983012, 33.51733600037062], [-112.14886399978359, 33.51731500002525], [-112.14873699956199, 33.5172860002175], [-112.14866899978993, 33.517265999698786], [-112.14857699972842, 33.51724800035146], [-112.14819699978685, 33.51716699987168], [-112.1480339995802, 33.5171299997937], [-112.14786200005106, 33.51710400019507], [-112.14769499964648, 33.51709100001828], [-112.1476519999888, 33.51709000017747], [-112.14569700002923, 33.51709400028969], [-112.14475899987079, 33.51709400028969], [-112.14381999988747, 33.51709699981205], [-112.14284800029216, 33.51709900024249], [-112.14284699956893, 33.51682699969346], [-112.14283400004847, 33.516792999751985], [-112.14280200026138, 33.516758999797084], [-112.14275899970538, 33.51674100034421], [-112.14272400044361, 33.51673600037071], [-112.14071599988227, 33.51673399993187], [-112.13940600017817, 33.51673399993187], [-112.13854599983753, 33.51673300008687], [-112.1376980000908, 33.51673300008687], [-112.13530899976297, 33.51673099964796], [-112.13469399964472, 33.51672999980294], [-112.13439099969601, 33.51672999980294], [-112.13422699966448, 33.51672999980294], [-112.13423500006041, 33.51859400013444], [-112.13424299955803, 33.52034199967634], [-112.1342479995809, 33.521624000077935], [-112.13425199977885, 33.52249500015045], [-112.13425299960377, 33.52303500010869], [-112.13425500015191, 33.52396600013251], [-112.13432200009905, 33.523969000165465], [-112.13438999987112, 33.52397099968815], [-112.1344319997039, 33.52397200019831], [-112.13607500039225, 33.52396600013251], [-112.13691300009324, 33.523963000099506], [-112.13855300040855, 33.523957000033086], [-112.14016000021357, 33.52395000020472], [-112.14124599961168, 33.5239459996606], [-112.1426900001084, 33.52394000034189], [-112.14288000007919, 33.5239459996606], [-112.14709700014501, 33.523932999763254], [-112.14892499988296, 33.523926999694794], [-112.15149499996076, 33.52391800034015], [-112.15155799970996, 33.52391800034015], [-112.15160600028884, 33.52391800034015], [-112.15162999967998, 33.52391800034015], [-112.15163800007589, 33.52210500033058], [-112.15163800007589, 33.521607999716835], [-112.15164100044896, 33.52101500020713], [-112.15164499974861, 33.520302999851154], [-112.15164999977148, 33.5196019998032], [-112.15165099959638, 33.5189830002386], [-112.1516580001674, 33.51736900026111]]]}, "properties": {"geoid": "04013107101", "name": "1071.01", "value": 3.997053215638216, "coverage": 1.000000000000705, "n_tiles": 154, "vmin": 3.9911, "vmax": 4.0029, "metric": "recovery_gap_hours", "ok": true, "relief_hours": 2.003, "no_relief": false, "window_hours": 6.0, "population": 5244.0, "over_65": 338.0, "svi": 0.8661, "pct_over_65": 6.4, "pct_poverty": 37.8, "pct_mobile_homes": 2.4, "pct_no_vehicle": 3.2, "quadrant": "over_targeted"}}, {"type": "Feature", "geometry": {"type": "Polygon", "coordinates": [[[-112.10009299965316, 33.44920999988034], [-112.1000890003535, 33.44810499962773], [-112.10007699975964, 33.44725200036611], [-112.10009000017843, 33.446997999737484], [-112.10008799963028, 33.445953999729944], [-112.10008199978249, 33.445524000228886], [-112.1000750001098, 33.44496099979334], [-112.10007000008694, 33.44459499980305], [-112.10006300041424, 33.444088000165365], [-112.1000609998661, 33.44391300026039], [-112.09812199980006, 33.444024999790514], [-112.09759299989555, 33.443995000238424], [-112.09576000013472, 33.44401000001574], [-112.09556099994309, 33.44400399965537], [-112.0935909999149, 33.444021999985665], [-112.0914009997787, 33.44406600011102], [-112.09137800021247, 33.44406600011102], [-112.08993600026389, 33.44403100014942], [-112.08513000001912, 33.444057999885466], [-112.08473800038195, 33.444059999754536], [-112.08411499986781, 33.443987999941626], [-112.08316199964077, 33.44395200001278], [-112.08247799992554, 33.44392199968585], [-112.0824810002986, 33.4445319997964], [-112.08248299994843, 33.44474300031691], [-112.08248700014639, 33.44511599988898], [-112.08249800001704, 33.44603199963065], [-112.08252700032935, 33.447110999681094], [-112.08253800020002, 33.44823400006085], [-112.08254499987268, 33.449286000102646], [-112.0825520004437, 33.45035300030587], [-112.08255400009354, 33.45111300000966], [-112.08255699956827, 33.45142799967032], [-112.08288100033167, 33.4514090002776], [-112.08524499964686, 33.45139599998067], [-112.08589900012313, 33.45139299968127], [-112.08632099989754, 33.451390000131255], [-112.0884230001702, 33.45138000013141], [-112.08929799968112, 33.451374000280886], [-112.09025199973307, 33.451365999979835], [-112.09133399983155, 33.451360999978704], [-112.0929499998574, 33.45135099997552], [-112.09362100005212, 33.451346999824054], [-112.09399599997086, 33.45134099997119], [-112.0957020004084, 33.45131799965707], [-112.09576099995964, 33.45131699980627], [-112.09689800030966, 33.451305999947024], [-112.09777000034586, 33.451297999639706], [-112.09816899965573, 33.45127599991506], [-112.098314000319, 33.45128099992108], [-112.0993579998843, 33.451259000192124], [-112.10006599988898, 33.45125400018483], [-112.10008099995757, 33.450251000083306], [-112.10009299965316, 33.44920999988034]]]}, "properties": {"geoid": "04013114301", "name": "1143.01", "value": 5.0124874553188565, "coverage": 1.0000000000006206, "n_tiles": 162, "vmin": 4.8655, "vmax": 5.1353, "metric": "recovery_gap_hours", "ok": true, "relief_hours": 0.988, "no_relief": false, "window_hours": 6.0, "population": 868.0, "over_65": 53.0, "svi": 0.7217, "pct_over_65": 6.1, "pct_poverty": 62.6, "pct_mobile_homes": 0.0, "pct_no_vehicle": 14.7, "quadrant": "low_priority"}}, {"type": "Feature", "geometry": {"type": "Polygon", "coordinates": [[[-112.15135400039378, 33.581921999769996], [-112.15131599986063, 33.58190199998848], [-112.15127999987561, 33.58187999977448], [-112.15117899959328, 33.58181999963863], [-112.15114900035437, 33.58179599972225], [-112.15110999999631, 33.58178099986465], [-112.15105800011776, 33.58174899971076], [-112.15099600019349, 33.58170300026392], [-112.15082899978891, 33.581598000344684], [-112.15079199997899, 33.581581000017856], [-112.15076000019192, 33.581560000313885], [-112.15073199970453, 33.58153499973308], [-112.15066300010756, 33.58149499998609], [-112.15046800011389, 33.58136599977781], [-112.15043200012887, 33.58134800030774], [-112.15033199967144, 33.58128600010872], [-112.15030200043253, 33.58126299989074], [-112.15023299993726, 33.58122399986509], [-112.15020399962492, 33.58119899993535], [-112.15010700043887, 33.58113400008406], [-112.15003700011867, 33.58109599984895], [-112.14999600011079, 33.58107000003295], [-112.14987200026222, 33.580990999939495], [-112.14981199998778, 33.58094299963904], [-112.14967499972042, 33.580863000326175], [-112.14947999972674, 33.58073399992156], [-112.14941199995468, 33.58069399980332], [-112.1493509998553, 33.58064699994006], [-112.14924999957299, 33.58058499998576], [-112.14918699982378, 33.58054099962907], [-112.14904999955644, 33.5804609999436], [-112.1490189995943, 33.58043699964928], [-112.14895099982223, 33.58039799999871], [-112.14892200040823, 33.58037299982967], [-112.14887200017951, 33.58034000004447], [-112.14882399960064, 33.580308000104665], [-112.14878900033885, 33.580288999807344], [-112.14872599969132, 33.5802440001894], [-112.1485890003223, 33.58016400022861], [-112.14852800022294, 33.58011600021653], [-112.14848899986488, 33.58010000020656], [-112.14845999955256, 33.58007499995121], [-112.14836199964327, 33.58001099986314], [-112.14829300004628, 33.57997200002006], [-112.14825000038859, 33.579941999668264], [-112.14822799974897, 33.57992700023682], [-112.14812300016696, 33.579868000103005], [-112.1480610002427, 33.57982199965354], [-112.14799099992251, 33.579782999725055], [-112.14795800031054, 33.57975999985498], [-112.14771700028611, 33.57961900015924], [-112.147646000141, 33.57957500005846], [-112.14744600012446, 33.57945199992975], [-112.14741500016233, 33.57942899997142], [-112.14734499984213, 33.57938899999678], [-112.14728299991783, 33.57934200017123], [-112.1471809998106, 33.579280000027836], [-112.14714400000068, 33.57926200012268], [-112.14709200012213, 33.579228999912665], [-112.14684400042502, 33.57907100002505], [-112.14677499992972, 33.57903099988444], [-112.14671300000546, 33.578984999737216], [-112.14660300040059, 33.57891999971525], [-112.14657499991318, 33.57890400023195], [-112.14630600029967, 33.57873700011574], [-112.14627500033754, 33.57871300009041], [-112.14620599984224, 33.57867399966083], [-112.14614399991797, 33.57862800007175], [-112.14600099980284, 33.5785379998287], [-112.1459770004117, 33.57852300015329], [-112.14593999970347, 33.57850500009027], [-112.14583900031943, 33.578443000094005], [-112.14577700039517, 33.57839599975329], [-112.14570799989988, 33.57835699992883], [-112.14567699993773, 33.57833399967872], [-112.14553899984547, 33.57825400019267], [-112.14527600007975, 33.57808100026466], [-112.14525699981317, 33.57806499987742], [-112.1452459999425, 33.578056000172836], [-112.14511299987312, 33.57797000037053], [-112.14484099988655, 33.57780499971789], [-112.14480400007662, 33.57778800014072], [-112.14470199996937, 33.57772700026569], [-112.14467100000724, 33.57770399984764], [-112.14460200041027, 33.577663999821915], [-112.14457300009795, 33.57763900035772], [-112.14447500018866, 33.5775749999601], [-112.14444000002857, 33.57755599980953], [-112.14437599955615, 33.57751100026346], [-112.1442380003622, 33.57743100001457], [-112.14420800022496, 33.577406999626085], [-112.14413899972968, 33.57736700021109], [-112.1440769998054, 33.57732099992549], [-112.14394000043636, 33.577238999713444], [-112.1436740002976, 33.577068999682815], [-112.1436120003733, 33.577022000090686], [-112.14330799970139, 33.57683200017315], [-112.14327099989146, 33.57681499965594], [-112.14318800005078, 33.5767660001275], [-112.14309900036231, 33.57671300022448], [-112.14303800026295, 33.576665999690064], [-112.14296899976766, 33.57662599993173], [-112.14277100029925, 33.57649799983201], [-112.1426340000319, 33.57641800014102], [-112.14257200010765, 33.576371000194484], [-112.14250299961233, 33.57633200020346], [-112.1424719996502, 33.57630800025781], [-112.14226999998382, 33.57618400005804], [-112.14220600040974, 33.57613999970296], [-112.14216899970151, 33.5761219998914], [-112.14196799986004, 33.57599700026496], [-112.14190599993576, 33.57595000008911], [-112.14174000025443, 33.57584499990648], [-112.14160200016214, 33.57576399969968], [-112.14154100006277, 33.575718000056604], [-112.14147199956749, 33.57567799985889], [-112.14143999978046, 33.5756539997314], [-112.14130199968818, 33.57557400000664], [-112.14123800011409, 33.57553000008899], [-112.14093500016538, 33.575341999711924], [-112.1408730002411, 33.575295999843945], [-112.14077199995876, 33.57523299987112], [-112.14073599997374, 33.57521499987042], [-112.14046900001004, 33.575046000262994], [-112.14040700008577, 33.574999000317845], [-112.14016900043441, 33.57485499981684], [-112.14000200002982, 33.57474999979905], [-112.13994000010555, 33.574702999692725], [-112.13986999978535, 33.5746629997731], [-112.13983899982321, 33.57464000003549], [-112.13957199985951, 33.57447100005077], [-112.13943399976725, 33.57439000005148], [-112.13937199984296, 33.57434299974914], [-112.139303000246, 33.5743029996627], [-112.13876900031862, 33.573962999676795], [-112.13870900004414, 33.57391499995834], [-112.13854599983753, 33.57380900036078], [-112.13846800001976, 33.57376700015947], [-112.13843799988251, 33.57374200031499], [-112.13833800032339, 33.57367999989119], [-112.13830099961515, 33.573663000250114], [-112.13819900040622, 33.57360199970523], [-112.1381359997587, 33.573555999658474], [-112.13806600033682, 33.57351699989246], [-112.13803399965147, 33.5734939998495], [-112.13793099971932, 33.57343299993366], [-112.13771999983211, 33.573315999667734], [-112.13745000039367, 33.57320399969317], [-112.13587100017774, 33.57266199967454], [-112.13555399998535, 33.57255799993083], [-112.13492200014866, 33.572341999717416], [-112.13476399996493, 33.57229099999356], [-112.13472499960686, 33.572275000029975], [-112.13432899977174, 33.57214199970323], [-112.13421800034197, 33.57210499995293], [-112.1342190001669, 33.57204599971147], [-112.1342209998167, 33.57193299963119], [-112.13423500006041, 33.571166000051825], [-112.13423699971023, 33.57070499975252], [-112.13424000008327, 33.569942999632374], [-112.13424699975597, 33.56847199992949], [-112.13425099995393, 33.5675320001792], [-112.13315899980974, 33.567540000226636], [-112.13299099958023, 33.567541000232545], [-112.13252100012527, 33.56754200023838], [-112.13209299960478, 33.567554000307865], [-112.13205300032013, 33.567555000313554], [-112.13075299976344, 33.56755700032496], [-112.12974400035823, 33.56755900033631], [-112.12663299978202, 33.5675520002964], [-112.12555499988152, 33.567560000341935], [-112.12540300044388, 33.56756100034761], [-112.12464299966234, 33.56758299972032], [-112.12372700014357, 33.56759899980501], [-112.12342199964672, 33.567601999820525], [-112.12121499979206, 33.56758999975771], [-112.1203360000832, 33.56759699979459], [-112.119464000047, 33.56760499983594], [-112.1189639995565, 33.567608999856375], [-112.11832500004712, 33.56759999981017], [-112.11779699996754, 33.5675919997683], [-112.11741500037611, 33.56758599973645], [-112.11732499996441, 33.56758399972573], [-112.11725700019237, 33.56758299972032], [-112.11719199989503, 33.56758299972032], [-112.11719500026808, 33.56764400002716], [-112.11720899961347, 33.56789500008773], [-112.11723700010087, 33.56830799983097], [-112.11724399977356, 33.56866000029817], [-112.11723499955274, 33.56902999987596], [-112.11711599972705, 33.57107800019132], [-112.1171120004274, 33.57114600002335], [-112.11710700040452, 33.57121900036685], [-112.11700299974915, 33.5726360003117], [-112.1169149998856, 33.57398399973233], [-112.11685299996132, 33.57580700033634], [-112.11684999958827, 33.57683800031084], [-112.11684999958827, 33.576862000109166], [-112.11686100035725, 33.57728400014977], [-112.11683399969475, 33.58197399962913], [-112.1170970003588, 33.58197199995173], [-112.11754500007245, 33.58196700000971], [-112.11887300021822, 33.581954999698596], [-112.1196110003601, 33.58193900002957], [-112.1200699999444, 33.58194099970772], [-112.12113199995139, 33.58194499981227], [-112.12206500008696, 33.58194899991665], [-112.1233000003463, 33.58194899991665], [-112.12411499958277, 33.58194999975558], [-112.12545299977427, 33.58194999975558], [-112.12723299983165, 33.581951000342904], [-112.12861399968087, 33.58195200018187], [-112.12954299961845, 33.58195200018187], [-112.1297839996429, 33.58195200018187], [-112.130515999937, 33.58195200018187], [-112.131461999593, 33.581953000020775], [-112.13410600018898, 33.58195399985972], [-112.13675599973443, 33.581954999698596], [-112.13784100020592, 33.581954999698596], [-112.13803399965147, 33.581954999698596], [-112.1389860000536, 33.58195399985972], [-112.13997600009054, 33.581951000342904], [-112.14090699967798, 33.58194899991665], [-112.14281200030715, 33.581943999973284], [-112.14460700043314, 33.58193900002957], [-112.14516099955368, 33.581938000190505], [-112.1467230000512, 33.58193400008563], [-112.14861500026157, 33.58192900014139], [-112.15125300011142, 33.581923000357634], [-112.15135400039378, 33.581921999769996]]]}, "properties": {"geoid": "04013104205", "name": "1042.05", "value": 3.0498625921271225, "coverage": 1.0000000000012457, "n_tiles": 397, "vmin": 2.7505, "vmax": 4.0699, "metric": "recovery_gap_hours", "ok": true, "relief_hours": 2.95, "no_relief": false, "window_hours": 6.0, "population": 6257.0, "over_65": 1045.0, "svi": 0.8493, "pct_over_65": 16.7, "pct_poverty": 28.0, "pct_mobile_homes": 0.0, "pct_no_vehicle": 22.9, "quadrant": "over_targeted"}}, {"type": "Feature", "geometry": {"type": "Polygon", "coordinates": [[[-112.15175199987873, 33.567521000112784], [-112.15174100000806, 33.567521000112784], [-112.15172900031251, 33.567521000112784], [-112.15171500006878, 33.567521000112784], [-112.15170400019815, 33.567521000112784], [-112.15163700025099, 33.56752200011891], [-112.14955900026777, 33.567519000100546], [-112.14850999978127, 33.56751800009445], [-112.14656099966949, 33.567519000100546], [-112.14477200028959, 33.56753700020896], [-112.14418800013348, 33.567521000112784], [-112.14388699983462, 33.567521000112784], [-112.14293399960755, 33.5675270001492], [-112.14265800032138, 33.567519000100546], [-112.13910999990215, 33.567530000167274], [-112.13857400032495, 33.56752400013107], [-112.1343680001298, 33.5675320001792], [-112.13425099995393, 33.5675320001792], [-112.13424699975597, 33.56847199992949], [-112.13424000008327, 33.569942999632374], [-112.13423699971023, 33.57070499975252], [-112.13423500006041, 33.571166000051825], [-112.1342209998167, 33.57193299963119], [-112.1342190001669, 33.57204599971147], [-112.13421800034197, 33.57210499995293], [-112.13432899977174, 33.57214199970323], [-112.13472499960686, 33.572275000029975], [-112.13476399996493, 33.57229099999356], [-112.13492200014866, 33.572341999717416], [-112.13555399998535, 33.57255799993083], [-112.13587100017774, 33.57266199967454], [-112.13745000039367, 33.57320399969317], [-112.13771999983211, 33.573315999667734], [-112.13793099971932, 33.57343299993366], [-112.13803399965147, 33.5734939998495], [-112.13806600033682, 33.57351699989246], [-112.1381359997587, 33.573555999658474], [-112.13819900040622, 33.57360199970523], [-112.13830099961515, 33.573663000250114], [-112.13833800032339, 33.57367999989119], [-112.13843799988251, 33.57374200031499], [-112.13846800001976, 33.57376700015947], [-112.13854599983753, 33.57380900036078], [-112.13870900004414, 33.57391499995834], [-112.13876900031862, 33.573962999676795], [-112.139303000246, 33.5743029996627], [-112.13937199984296, 33.57434299974914], [-112.13943399976725, 33.57439000005148], [-112.13957199985951, 33.57447100005077], [-112.13983899982321, 33.57464000003549], [-112.13986999978535, 33.5746629997731], [-112.13994000010555, 33.574702999692725], [-112.14000200002982, 33.57474999979905], [-112.14016900043441, 33.57485499981684], [-112.14040700008577, 33.574999000317845], [-112.14046900001004, 33.575046000262994], [-112.14073599997374, 33.57521499987042], [-112.14077199995876, 33.57523299987112], [-112.1408730002411, 33.575295999843945], [-112.14093500016538, 33.575341999711924], [-112.14123800011409, 33.57553000008899], [-112.14130199968818, 33.57557400000664], [-112.14143999978046, 33.5756539997314], [-112.14147199956749, 33.57567799985889], [-112.14154100006277, 33.575718000056604], [-112.14160200016214, 33.57576399969968], [-112.14174000025443, 33.57584499990648], [-112.14190599993576, 33.57595000008911], [-112.14196799986004, 33.57599700026496], [-112.14216899970151, 33.5761219998914], [-112.14220600040974, 33.57613999970296], [-112.14226999998382, 33.57618400005804], [-112.1424719996502, 33.57630800025781], [-112.14250299961233, 33.57633200020346], [-112.14257200010765, 33.576371000194484], [-112.1426340000319, 33.57641800014102], [-112.14277100029925, 33.57649799983201], [-112.14296899976766, 33.57662599993173], [-112.14303800026295, 33.576665999690064], [-112.14309900036231, 33.57671300022448], [-112.14318800005078, 33.5767660001275], [-112.14327099989146, 33.57681499965594], [-112.14330799970139, 33.57683200017315], [-112.1436120003733, 33.577022000090686], [-112.1436740002976, 33.577068999682815], [-112.14394000043636, 33.577238999713444], [-112.1440769998054, 33.57732099992549], [-112.14413899972968, 33.57736700021109], [-112.14420800022496, 33.577406999626085], [-112.1442380003622, 33.57743100001457], [-112.14437599955615, 33.57751100026346], [-112.14444000002857, 33.57755599980953], [-112.14447500018866, 33.5775749999601], [-112.14457300009795, 33.57763900035772], [-112.14460200041027, 33.577663999821915], [-112.14467100000724, 33.57770399984764], [-112.14470199996937, 33.57772700026569], [-112.14480400007662, 33.57778800014072], [-112.14484099988655, 33.57780499971789], [-112.14511299987312, 33.57797000037053], [-112.1452459999425, 33.578056000172836], [-112.14525699981317, 33.57806499987742], [-112.14527600007975, 33.57808100026466], [-112.14553899984547, 33.57825400019267], [-112.14567699993773, 33.57833399967872], [-112.14570799989988, 33.57835699992883], [-112.14577700039517, 33.57839599975329], [-112.14583900031943, 33.578443000094005], [-112.14593999970347, 33.57850500009027], [-112.1459770004117, 33.57852300015329], [-112.14600099980284, 33.5785379998287], [-112.14614399991797, 33.57862800007175], [-112.14620599984224, 33.57867399966083], [-112.14627500033754, 33.57871300009041], [-112.14630600029967, 33.57873700011574], [-112.14657499991318, 33.57890400023195], [-112.14660300040059, 33.57891999971525], [-112.14671300000546, 33.578984999737216], [-112.14677499992972, 33.57903099988444], [-112.14684400042502, 33.57907100002505], [-112.14709200012213, 33.579228999912665], [-112.14714400000068, 33.57926200012268], [-112.1471809998106, 33.579280000027836], [-112.14728299991783, 33.57934200017123], [-112.14734499984213, 33.57938899999678], [-112.14741500016233, 33.57942899997142], [-112.14744600012446, 33.57945199992975], [-112.147646000141, 33.57957500005846], [-112.14771700028611, 33.57961900015924], [-112.14795800031054, 33.57975999985498], [-112.14799099992251, 33.579782999725055], [-112.1480610002427, 33.57982199965354], [-112.14812300016696, 33.579868000103005], [-112.14822799974897, 33.57992700023682], [-112.14825000038859, 33.579941999668264], [-112.14829300004628, 33.57997200002006], [-112.14836199964327, 33.58001099986314], [-112.14845999955256, 33.58007499995121], [-112.14848899986488, 33.58010000020656], [-112.14852800022294, 33.58011600021653], [-112.1485890003223, 33.58016400022861], [-112.14872599969132, 33.5802440001894], [-112.14878900033885, 33.580288999807344], [-112.14882399960064, 33.580308000104665], [-112.14887200017951, 33.58034000004447], [-112.14892200040823, 33.58037299982967], [-112.14895099982223, 33.58039799999871], [-112.1490189995943, 33.58043699964928], [-112.14904999955644, 33.5804609999436], [-112.14918699982378, 33.58054099962907], [-112.14924999957299, 33.58058499998576], [-112.1493509998553, 33.58064699994006], [-112.14941199995468, 33.58069399980332], [-112.14947999972674, 33.58073399992156], [-112.14967499972042, 33.580863000326175], [-112.14981199998778, 33.58094299963904], [-112.14987200026222, 33.580990999939495], [-112.14999600011079, 33.58107000003295], [-112.15003700011867, 33.58109599984895], [-112.15010700043887, 33.58113400008406], [-112.15020399962492, 33.58119899993535], [-112.15023299993726, 33.58122399986509], [-112.15030200043253, 33.58126299989074], [-112.15033199967144, 33.58128600010872], [-112.15043200012887, 33.58134800030774], [-112.15046800011389, 33.58136599977781], [-112.15066300010756, 33.58149499998609], [-112.15073199970453, 33.58153499973308], [-112.15076000019192, 33.581560000313885], [-112.15079199997899, 33.581581000017856], [-112.15082899978891, 33.581598000344684], [-112.15099600019349, 33.58170300026392], [-112.15105800011776, 33.58174899971076], [-112.15110999999631, 33.58178099986465], [-112.15114900035437, 33.58179599972225], [-112.15117899959328, 33.58181999963863], [-112.15127999987561, 33.58187999977448], [-112.15131599986063, 33.58190199998848], [-112.15135400039378, 33.581921999769996], [-112.15146300017372, 33.581921999769996], [-112.15151800042533, 33.581921999769996], [-112.15156600010589, 33.581921999769996], [-112.15162899985506, 33.581921999769996], [-112.15165499979435, 33.581921999769996], [-112.15166400001517, 33.58078499989572], [-112.15166400001517, 33.578027999672265], [-112.15166999986295, 33.57707900013411], [-112.15167400006091, 33.57688400010549], [-112.1516869995814, 33.576295999908275], [-112.15169800035035, 33.57550599992036], [-112.15170500002307, 33.574722999645516], [-112.15170800039611, 33.57393200029826], [-112.15171400024389, 33.57265000031501], [-112.15172099991658, 33.57184499980397], [-112.15173199978723, 33.57105099963775], [-112.15175199987873, 33.567521000112784]]]}, "properties": {"geoid": "04013104206", "name": "1042.06", "value": 2.988834055206609, "coverage": 1.000000000001009, "n_tiles": 192, "vmin": 2.7607, "vmax": 4.0207, "metric": "recovery_gap_hours", "ok": true, "relief_hours": 3.011, "no_relief": false, "window_hours": 6.0, "population": 3711.0, "over_65": 521.0, "svi": 0.6859, "pct_over_65": 14.0, "pct_poverty": 20.9, "pct_mobile_homes": 0.6, "pct_no_vehicle": 2.3, "quadrant": "low_priority"}}, {"type": "Feature", "geometry": {"type": "Polygon", "coordinates": [[[-112.11229199993893, 33.55313900004389], [-112.11229100011403, 33.5529710000739], [-112.11228600009116, 33.551578000183795], [-112.11226900037272, 33.549253000139814], [-112.11224799955801, 33.54762100015121], [-112.11223800041058, 33.545920999860115], [-112.11208799972442, 33.545847000335975], [-112.1107839998681, 33.54585899967631], [-112.10826800021698, 33.545855999654194], [-112.10393599962514, 33.54585899967631], [-112.09962400002308, 33.54586199969834], [-112.09962400002308, 33.546841000065314], [-112.09962900004597, 33.54765999963377], [-112.09964300028967, 33.548272999919035], [-112.09964800031254, 33.549140000180174], [-112.09964999996237, 33.5494810000458], [-112.09965199961218, 33.54971700029988], [-112.09965800035827, 33.55068000019044], [-112.09966199965793, 33.55127599970704], [-112.09967500007673, 33.55307799997226], [-112.10142199962384, 33.55310500015656], [-112.10399800044773, 33.55310900009997], [-112.1046789997899, 33.55311099969728], [-112.1051919998009, 33.55310199963738], [-112.10713000004202, 33.553100000039876], [-112.10831300042281, 33.55311599981329], [-112.11001499976409, 33.55312499987172], [-112.11190699997447, 33.55313699969859], [-112.11229199993893, 33.55313900004389]]]}, "properties": {"geoid": "04013106002", "name": "1060.02", "value": 4.078575005898409, "coverage": 1.000000000001433, "n_tiles": 117, "vmin": 3.9451, "vmax": 4.2274, "metric": "recovery_gap_hours", "ok": true, "relief_hours": 1.921, "no_relief": false, "window_hours": 6.0, "population": 2603.0, "over_65": 539.0, "svi": 0.7309, "pct_over_65": 20.7, "pct_poverty": 29.2, "pct_mobile_homes": 0.0, "pct_no_vehicle": 14.5, "quadrant": "low_priority"}}, {"type": "Feature", "geometry": {"type": "Polygon", "coordinates": [[[-112.11223800041058, 33.545920999860115], [-112.11222199961873, 33.54295499991954], [-112.11221900014401, 33.54247100020607], [-112.11223599986243, 33.54107100031101], [-112.11223000001465, 33.540844000243474], [-112.11221699959586, 33.54004500021759], [-112.11221599977094, 33.538681999819524], [-112.11221599977094, 33.538617999751025], [-112.11187199981437, 33.53862200036506], [-112.1118459998751, 33.53862299995699], [-112.11125400022138, 33.53862800016261], [-112.11120099961964, 33.53862800016261], [-112.11084999999035, 33.53862600023014], [-112.10982200031856, 33.538608000087], [-112.10969000007407, 33.53860600015408], [-112.10954299976098, 33.53860400022109], [-112.10876199996139, 33.538610000019894], [-112.10838600021775, 33.53861199995273], [-112.10824300010263, 33.5386089996791], [-112.10655000008389, 33.53861500022631], [-112.10389100031762, 33.53862600023014], [-112.10073000041102, 33.538637000232555], [-112.09957499961928, 33.53864199968865], [-112.09958800003807, 33.54053999979971], [-112.09959300006095, 33.541324000343394], [-112.09959499971077, 33.54164099975897], [-112.09959999973366, 33.542255999912555], [-112.09960599958143, 33.54309500004895], [-112.0996089999545, 33.54358399993033], [-112.09961499980227, 33.54441699975853], [-112.09962400002308, 33.54586199969834], [-112.10393599962514, 33.54585899967631], [-112.10826800021698, 33.545855999654194], [-112.1107839998681, 33.54585899967631], [-112.11208799972442, 33.545847000335975], [-112.11223800041058, 33.545920999860115]]]}, "properties": {"geoid": "04013106003", "name": "1060.03", "value": 4.059946474729867, "coverage": 1.0000000000007394, "n_tiles": 117, "vmin": 3.9577, "vmax": 4.1274, "metric": "recovery_gap_hours", "ok": true, "relief_hours": 1.94, "no_relief": false, "window_hours": 6.0, "population": 4037.0, "over_65": 298.0, "svi": 0.9538, "pct_over_65": 7.4, "pct_poverty": 39.7, "pct_mobile_homes": 0.0, "pct_no_vehicle": 9.6, "quadrant": "over_targeted"}}, {"type": "Feature", "geometry": {"type": "Polygon", "coordinates": [[[-112.05628699977613, 33.53824899977718], [-112.05628599995123, 33.53800600021259], [-112.05627400025566, 33.53727000016741], [-112.05625900018703, 33.53639600030464], [-112.05625800036213, 33.53551300019644], [-112.05625499998908, 33.53463200007938], [-112.05625099979112, 33.53371299984975], [-112.0562569996389, 33.53284999995782], [-112.0562569996389, 33.53280800005651], [-112.05626099983687, 33.53212500027711], [-112.05626199966179, 33.532006000129854], [-112.05626400020991, 33.53099099974936], [-112.05624699959316, 33.53009799994987], [-112.05623499989758, 33.52949399982874], [-112.05622599967677, 33.527354999712436], [-112.05622200037712, 33.52503600029], [-112.056219999829, 33.52372799968352], [-112.05452299961226, 33.523729000196504], [-112.05309900010535, 33.52372799968352], [-112.05298899960218, 33.52372799968352], [-112.05068100036353, 33.523726000155285], [-112.04967899973268, 33.52372499964222], [-112.047476000076, 33.52372399987803], [-112.04747500025108, 33.52468299980465], [-112.04748000027394, 33.52559099999369], [-112.04748000027394, 33.52565799994503], [-112.04748899959645, 33.52734099985631], [-112.04749500034256, 33.52870499979551], [-112.04749600016747, 33.53097199983369], [-112.0474979998173, 33.5318369998405], [-112.04749500034256, 33.532707999638774], [-112.04749299979441, 33.53333500003241], [-112.04748699994664, 33.53460799977717], [-112.04748299974868, 33.53563400001106], [-112.04748000027394, 33.536068000044544], [-112.04747900044903, 33.536749000146145], [-112.04747500025108, 33.538252000063366], [-112.04811999960825, 33.53824899977718], [-112.0489480001618, 33.53824800018098], [-112.04911800004112, 33.538244000298356], [-112.04915999987388, 33.538244000298356], [-112.05020099996449, 33.53822699967218], [-112.05022600007884, 33.53822699967218], [-112.05128499971279, 33.53822400013391], [-112.05132400007086, 33.53822400013391], [-112.05233199965116, 33.538231999900766], [-112.05245600039804, 33.538233999842355], [-112.05333699975672, 33.538235000187484], [-112.0535450001692, 33.538235000187484], [-112.05429699965646, 33.538235000187484], [-112.0545100000918, 33.538235000187484], [-112.05628699977613, 33.53824899977718]]]}, "properties": {"geoid": "04013106502", "name": "1065.02", "value": 5.024431776762311, "coverage": 1.0000000000010099, "n_tiles": 153, "vmin": 4.8128, "vmax": 5.2025, "metric": "recovery_gap_hours", "ok": true, "relief_hours": 0.976, "no_relief": false, "window_hours": 6.0, "population": 3692.0, "over_65": 671.0, "svi": 0.6316, "pct_over_65": 18.2, "pct_poverty": 16.8, "pct_mobile_homes": 0.6, "pct_no_vehicle": 6.9, "quadrant": "low_priority"}}, {"type": "Feature", "geometry": {"type": "Polygon", "coordinates": [[[-112.099624999848, 33.53257600019824], [-112.09963999991663, 33.53139000000853], [-112.09909400029368, 33.53138000025724], [-112.09848000000034, 33.531369999755974], [-112.09812000015023, 33.53136400020352], [-112.09745099960533, 33.53135399970039], [-112.09618399955893, 33.53133299976334], [-112.09549300017103, 33.53132300000546], [-112.0943650000418, 33.53130499983929], [-112.09329800001193, 33.53127800033186], [-112.09276900010742, 33.531265999716055], [-112.09112499959417, 33.53124999964122], [-112.09111799992147, 33.53306699974702], [-112.09112499959417, 33.53396599970358], [-112.09112600031737, 33.534182000043565], [-112.09113100034025, 33.53488100020077], [-112.09112899979213, 33.53561399999148], [-112.09112799996721, 33.53634999990946], [-112.09112700014232, 33.53709200020432], [-112.09112600031737, 33.537901999919015], [-112.09112499959417, 33.538499999898235], [-112.0928179996129, 33.53852700014526], [-112.0928510001232, 33.53852799973829], [-112.09350200022647, 33.53853899975318], [-112.0936329997477, 33.538542000029295], [-112.09476500007489, 33.53856099977882], [-112.09515199968916, 33.538567000329365], [-112.09544200011739, 33.53857100019698], [-112.09634699976553, 33.538586999665675], [-112.09717899961876, 33.53860099994713], [-112.09957499961928, 33.53864199968865], [-112.09959300006095, 33.53661399979366], [-112.09959600043399, 33.536326999702695], [-112.09960399993162, 33.53545100003395], [-112.0996089999545, 33.53479500008352], [-112.0996109996043, 33.53462100031612], [-112.09960999977939, 33.534505000276546], [-112.09960999977939, 33.533905999970955], [-112.0996109996043, 33.533789999720874], [-112.099624999848, 33.53257600019824]]]}, "properties": {"geoid": "04013106701", "name": "1067.01", "value": 3.837774635301242, "coverage": 1.0000000000002631, "n_tiles": 81, "vmin": 3.2159, "vmax": 4.0305, "metric": "recovery_gap_hours", "ok": true, "relief_hours": 2.162, "no_relief": false, "window_hours": 6.0, "population": 4559.0, "over_65": 334.0, "svi": 0.8839, "pct_over_65": 7.3, "pct_poverty": 43.2, "pct_mobile_homes": 0.4, "pct_no_vehicle": 21.2, "quadrant": "over_targeted"}}, {"type": "Feature", "geometry": {"type": "Polygon", "coordinates": [[[-112.09969299962007, 33.52509300019296], [-112.09970299966581, 33.52410199977408], [-112.0994130001359, 33.524076000024344], [-112.09823999980082, 33.52405600032676], [-112.09541799982796, 33.5240079998354], [-112.09332899997406, 33.52397200019831], [-112.09148500034259, 33.52394000034189], [-112.09124400031817, 33.52395000020472], [-112.09114600040888, 33.52395799979456], [-112.0909160002551, 33.523975000231054], [-112.0906819999034, 33.52397999978612], [-112.0879369999234, 33.523935000035614], [-112.0867810002051, 33.523916000067395], [-112.08571800037318, 33.52389799985713], [-112.0856639999465, 33.523896000332755], [-112.08554400029591, 33.52389499982172], [-112.08364700006265, 33.523863999699365], [-112.08241199980331, 33.523853999826635], [-112.08241600000127, 33.52573099978822], [-112.08241400035145, 33.52753399997303], [-112.0824179996511, 33.52879300013976], [-112.08242100002415, 33.52954899964617], [-112.08241900037432, 33.530298999655855], [-112.08241699982618, 33.531107000010785], [-112.08385299992698, 33.53112800000278], [-112.08392200042226, 33.5311289996813], [-112.08487300010117, 33.531148000311255], [-112.08494599989609, 33.53114899998961], [-112.08623800005688, 33.531165000083135], [-112.0868459996041, 33.53117400018128], [-112.08699399974209, 33.53117600028615], [-112.08705200036673, 33.531176999964124], [-112.08739899979804, 33.53118300027844], [-112.08841099957633, 33.53120499992963], [-112.0894519996669, 33.53122399979405], [-112.08947799960616, 33.53122399979405], [-112.0904640003435, 33.53123900019644], [-112.09112499959417, 33.53124999964122], [-112.09276900010742, 33.531265999716055], [-112.09329800001193, 33.53127800033186], [-112.0943650000418, 33.53130499983929], [-112.09549300017103, 33.53132300000546], [-112.09618399955893, 33.53133299976334], [-112.09745099960533, 33.53135399970039], [-112.09812000015023, 33.53136400020352], [-112.09848000000034, 33.531369999755974], [-112.09909400029368, 33.53138000025724], [-112.09963999991663, 33.53139000000853], [-112.09964699958931, 33.53062200016795], [-112.09964800031254, 33.53042400027306], [-112.09965300033542, 33.5298679996945], [-112.0996590001832, 33.529204000212914], [-112.09966500003098, 33.52854599987387], [-112.09966500003098, 33.52846399978121], [-112.09967000005386, 33.527837000008944], [-112.09967099987877, 33.527757000176756], [-112.09967500007673, 33.527335000024294], [-112.09967000005386, 33.52678999981457], [-112.09967199970366, 33.526446000339206], [-112.09967900027468, 33.525581000320656], [-112.09969099997024, 33.52540400000024], [-112.09969299962007, 33.52509300019296]]]}, "properties": {"geoid": "04013106703", "name": "1067.03", "value": 4.046957499912446, "coverage": 1.0000000000010811, "n_tiles": 153, "vmin": 3.8681, "vmax": 4.6966, "metric": "recovery_gap_hours", "ok": true, "relief_hours": 1.953, "no_relief": false, "window_hours": 6.0, "population": 2440.0, "over_65": 435.0, "svi": 0.1859, "pct_over_65": 17.8, "pct_poverty": 10.5, "pct_mobile_homes": 0.0, "pct_no_vehicle": 1.9, "quadrant": "low_priority"}}, {"type": "Feature", "geometry": {"type": "Polygon", "coordinates": [[[-112.11221599977094, 33.53850799963954], [-112.11221900014401, 33.534879999816766], [-112.11221499994603, 33.534257999854624], [-112.11220800027336, 33.53325399964259], [-112.11220800027336, 33.53312299994239], [-112.11220800027336, 33.53131800012609], [-112.11220800027336, 33.530945999902976], [-112.11217300011324, 33.527773999866454], [-112.11216700026546, 33.52727200026489], [-112.11218300015899, 33.52573099978822], [-112.11216600044055, 33.52433799967976], [-112.11216700026546, 33.52416900013009], [-112.11216800009036, 33.524117999673805], [-112.11179900001943, 33.52412200020992], [-112.11174899979072, 33.5241229999695], [-112.11114299989332, 33.52412699975655], [-112.11089199982315, 33.52412599999701], [-112.11054000036897, 33.52412399972907], [-112.10978600033354, 33.52411000009876], [-112.1090869996514, 33.52408400035143], [-112.1082830002856, 33.52406000011685], [-112.10807400004822, 33.524076000024344], [-112.1062780000973, 33.524088000140274], [-112.10512499985374, 33.52409599971736], [-112.10493800025598, 33.52409799998595], [-112.10399099987673, 33.52410499980231], [-112.10328399969697, 33.52411000009876], [-112.10303900037292, 33.52411200036703], [-112.1019620002973, 33.524119000182324], [-112.1018700002358, 33.5241229999695], [-112.09970299966581, 33.52410199977408], [-112.09969299962007, 33.52509300019296], [-112.09969099997024, 33.52540400000024], [-112.09967900027468, 33.525581000320656], [-112.09967199970366, 33.526446000339206], [-112.09967000005386, 33.52678999981457], [-112.09967500007673, 33.527335000024294], [-112.09967099987877, 33.527757000176756], [-112.09967000005386, 33.527837000008944], [-112.09966500003098, 33.52846399978121], [-112.09966500003098, 33.52854599987387], [-112.0996590001832, 33.529204000212914], [-112.09965300033542, 33.5298679996945], [-112.09964800031254, 33.53042400027306], [-112.09964699958931, 33.53062200016795], [-112.09963999991663, 33.53139000000853], [-112.099624999848, 33.53257600019824], [-112.0996109996043, 33.533789999720874], [-112.09960999977939, 33.533905999970955], [-112.09960999977939, 33.534505000276546], [-112.0996109996043, 33.53462100031612], [-112.0996089999545, 33.53479500008352], [-112.09960399993162, 33.53545100003395], [-112.09959600043399, 33.536326999702695], [-112.09959300006095, 33.53661399979366], [-112.09957499961928, 33.53864199968865], [-112.10073000041102, 33.538637000232555], [-112.10389100031762, 33.53862600023014], [-112.10655000008389, 33.53861500022631], [-112.10824300010263, 33.5386089996791], [-112.10838600021775, 33.53861199995273], [-112.10876199996139, 33.538610000019894], [-112.10954299976098, 33.53860400022109], [-112.10969000007407, 33.53860600015408], [-112.10982200031856, 33.538608000087], [-112.11084999999035, 33.53862600023014], [-112.11120099961964, 33.53862800016261], [-112.11125400022138, 33.53862800016261], [-112.1118459998751, 33.53862299995699], [-112.11187199981437, 33.53862200036506], [-112.11221599977094, 33.538617999751025], [-112.11221599977094, 33.53850799963954]]]}, "properties": {"geoid": "04013106802", "name": "1068.02", "value": 4.021765914809174, "coverage": 1.00000000000067, "n_tiles": 221, "vmin": 3.9742, "vmax": 4.1105, "metric": "recovery_gap_hours", "ok": true, "relief_hours": 1.978, "no_relief": false, "window_hours": 6.0, "population": 3315.0, "over_65": 564.0, "svi": 0.9134, "pct_over_65": 17.0, "pct_poverty": 18.8, "pct_mobile_homes": 1.0, "pct_no_vehicle": 12.7, "quadrant": "over_targeted"}}, {"type": "Feature", "geometry": {"type": "Polygon", "coordinates": [[[-112.0650089997878, 33.51016200005669], [-112.06500999961273, 33.50923400031327], [-112.06395400035186, 33.50922799997423], [-112.06280899960586, 33.509223000315515], [-112.06063000023863, 33.509223000315515], [-112.05953999974423, 33.50921899983938], [-112.05845099997306, 33.509216999975756], [-112.05625099979112, 33.509210999635535], [-112.05624800031637, 33.51100100004215], [-112.05624699959316, 33.51140699974523], [-112.05624699959316, 33.51152100024909], [-112.05624599976824, 33.512360999685676], [-112.05624499994333, 33.51287800028961], [-112.05624400011844, 33.51375799971104], [-112.05624300029352, 33.51459500029002], [-112.05624300029352, 33.51465400007095], [-112.05624300029352, 33.514915999805396], [-112.05624199957028, 33.51536599973875], [-112.05623999992046, 33.51648199968871], [-112.0562359997225, 33.51732199964162], [-112.05623099969965, 33.518281999978434], [-112.0562270004, 33.519013000044986], [-112.05622200037712, 33.520106000100704], [-112.05622200037712, 33.52012800032319], [-112.056219999829, 33.52055200004564], [-112.05621700035424, 33.52121600005563], [-112.0562149998061, 33.52187600031968], [-112.0562139999812, 33.52228000035207], [-112.0562139999812, 33.52252600001459], [-112.05621300015628, 33.5229079997477], [-112.05621599963102, 33.52322400027111], [-112.056219999829, 33.52372799968352], [-112.05848899960792, 33.52372999996063], [-112.05917599969617, 33.52372999996063], [-112.05929399969695, 33.52372999996063], [-112.06021699978675, 33.52372999996063], [-112.06063100006354, 33.52372999996063], [-112.0623809999837, 33.523735000278755], [-112.06273199961298, 33.52373600004281], [-112.0631989995932, 33.52373600004281], [-112.06498899969633, 33.523739000083744], [-112.06498700004651, 33.52190299976711], [-112.06499899974209, 33.520113000240215], [-112.06499700009225, 33.518679000065916], [-112.0649939997192, 33.516488000273675], [-112.06500299994002, 33.51373299972761], [-112.06500600031308, 33.512858000249814], [-112.0650089997878, 33.51016200005669]]]}, "properties": {"geoid": "04013107601", "name": "1076.01", "value": 4.953363358539085, "coverage": 1.0000000000001352, "n_tiles": 153, "vmin": 4.866, "vmax": 5.0009, "metric": "recovery_gap_hours", "ok": true, "relief_hours": 1.047, "no_relief": false, "window_hours": 6.0, "population": 2980.0, "over_65": 750.0, "svi": 0.4838, "pct_over_65": 25.2, "pct_poverty": 23.6, "pct_mobile_homes": 0.0, "pct_no_vehicle": 16.4, "quadrant": "low_priority"}}, {"type": "Feature", "geometry": {"type": "Polygon", "coordinates": [[[-112.05624800031637, 33.51100100004215], [-112.05625099979112, 33.509210999635535], [-112.05406300020306, 33.50921400018016], [-112.05355299966679, 33.50921400018016], [-112.05077000005198, 33.509210999635535], [-112.04968600030368, 33.509209999703614], [-112.04751600025895, 33.509213000248316], [-112.04751799990879, 33.51103200028039], [-112.04752200010674, 33.51286099991903], [-112.04752499958147, 33.51411599996988], [-112.04752499958147, 33.51466400025831], [-112.04752499958147, 33.516488000273675], [-112.04752200010674, 33.517555999652465], [-112.04751500043405, 33.5183020002622], [-112.04751100023609, 33.51873400002112], [-112.04750399966508, 33.5196409999444], [-112.04750200001524, 33.52009899996067], [-112.04749899964222, 33.520732999755204], [-112.0474979998173, 33.520893000358136], [-112.04749299979441, 33.52157899985051], [-112.04749100014459, 33.521922999962605], [-112.04748399957357, 33.522651999662166], [-112.047476000076, 33.52372399987803], [-112.04967899973268, 33.52372499964222], [-112.05068100036353, 33.523726000155285], [-112.05298899960218, 33.52372799968352], [-112.05309900010535, 33.52372799968352], [-112.05452299961226, 33.523729000196504], [-112.056219999829, 33.52372799968352], [-112.05621599963102, 33.52322400027111], [-112.05621300015628, 33.5229079997477], [-112.0562139999812, 33.52252600001459], [-112.0562139999812, 33.52228000035207], [-112.0562149998061, 33.52187600031968], [-112.05621700035424, 33.52121600005563], [-112.056219999829, 33.52055200004564], [-112.05622200037712, 33.52012800032319], [-112.05622200037712, 33.520106000100704], [-112.0562270004, 33.519013000044986], [-112.05623099969965, 33.518281999978434], [-112.0562359997225, 33.51732199964162], [-112.05623999992046, 33.51648199968871], [-112.05624199957028, 33.51536599973875], [-112.05624300029352, 33.514915999805396], [-112.05624300029352, 33.51465400007095], [-112.05624300029352, 33.51459500029002], [-112.05624400011844, 33.51375799971104], [-112.05624499994333, 33.51287800028961], [-112.05624599976824, 33.512360999685676], [-112.05624699959316, 33.51152100024909], [-112.05624699959316, 33.51140699974523], [-112.05624800031637, 33.51100100004215]]]}, "properties": {"geoid": "04013107602", "name": "1076.02", "value": 5.095704575033073, "coverage": 1.000000000000649, "n_tiles": 153, "vmin": 4.9396, "vmax": 5.79, "metric": "recovery_gap_hours", "ok": true, "relief_hours": 0.904, "no_relief": false, "window_hours": 6.0, "population": 2749.0, "over_65": 281.0, "svi": 0.3718, "pct_over_65": 10.2, "pct_poverty": 16.2, "pct_mobile_homes": 0.0, "pct_no_vehicle": 8.7, "quadrant": "low_priority"}}, {"type": "Feature", "geometry": {"type": "Polygon", "coordinates": [[[-112.01302900007019, 33.51177800022296], [-112.01303099972003, 33.51115000016739], [-112.0130230002224, 33.5102260002145], [-112.01302400004732, 33.50996700027868], [-112.01302499987224, 33.50960299976707], [-112.0129999997579, 33.50822599968615], [-112.01298899988723, 33.50719299967606], [-112.01298800006231, 33.50639400030684], [-112.01298700023739, 33.50533500001225], [-112.01298700023739, 33.5048030002919], [-112.01298700023739, 33.50461600030334], [-112.0129860004125, 33.50386100009839], [-112.0129860004125, 33.503490000135145], [-112.0129860004125, 33.50256900006782], [-112.0127040003802, 33.50256400002442], [-112.01188300039763, 33.502560999998266], [-112.01186599978088, 33.502560999998266], [-112.01116299979908, 33.502560999998266], [-112.01114699990556, 33.502560999998266], [-112.0102260003639, 33.50255799997199], [-112.01017600013519, 33.5025569999632], [-112.00967999984262, 33.502551999919156], [-112.0091009997094, 33.502548999892575], [-112.0080300003799, 33.50254699987481], [-112.00690899992335, 33.50254299983909], [-112.00580699973342, 33.502537999794185], [-112.00416700031643, 33.50253299974905], [-112.0039110002234, 33.50253299974905], [-112.00244300033553, 33.502543999848065], [-112.00209199980794, 33.50254599986589], [-112.00104900006754, 33.50252399966702], [-112.00087599981518, 33.50252399966702], [-112.00081999973867, 33.50252399966702], [-111.99976600012761, 33.50252399966702], [-111.99885800010641, 33.502521999648636], [-111.99847899998974, 33.50252399966702], [-111.9979130002753, 33.5025190003701], [-111.9969779995916, 33.5025190003701], [-111.99667600036612, 33.50252099963948], [-111.99597199966111, 33.50251300031455], [-111.99552999979524, 33.50249400013589], [-111.99537400015963, 33.50249600015488], [-111.99535499989307, 33.50350100011254], [-111.99534800022036, 33.50427800022024], [-111.99534700039544, 33.50442599994925], [-111.99534099964936, 33.50501500013868], [-111.9953299997787, 33.50542300016324], [-111.99532899995378, 33.50573700019428], [-111.99532700030397, 33.50757199985162], [-111.99532399993093, 33.50815599988279], [-111.99531999973296, 33.50839199984947], [-111.9953010003647, 33.50943399989179], [-111.9952949996186, 33.50967000011816], [-111.9953030000145, 33.50985499982344], [-111.99531300006028, 33.51035099988304], [-111.99531399988517, 33.510471999701736], [-111.99531499971008, 33.51055899995588], [-111.99531499971008, 33.51061299991466], [-111.99531399988517, 33.510644000291855], [-111.99531200023534, 33.51069399978959], [-111.99530999968721, 33.510752999983666], [-111.99529999964147, 33.511051999993256], [-111.99529600034182, 33.51120199993954], [-111.995287000121, 33.51167800020435], [-111.995287000121, 33.512315999882496], [-111.99528000044829, 33.512734000349234], [-111.99527700007526, 33.51289499990786], [-111.99527200005238, 33.513189999712765], [-111.99527500042541, 33.5134200001323], [-111.99527600025034, 33.513554999996096], [-111.99601299966899, 33.513560000153504], [-111.9968930001011, 33.513568999836814], [-111.9980139996593, 33.51358000003102], [-111.99854799958669, 33.51358500018693], [-111.9990470002523, 33.513590000342525], [-111.9992439998958, 33.5135959996301], [-111.99969699963233, 33.5135959996301], [-111.99969900018046, 33.51347000027289], [-111.99983600044781, 33.513544999680555], [-112.00024599962832, 33.513768000001974], [-112.00091000015037, 33.51412899984468], [-112.00164499991921, 33.51452999974851], [-112.0020819997622, 33.51463700004933], [-112.00270100007839, 33.514789000256144], [-112.00308199984492, 33.51488299972811], [-112.00352600025893, 33.51499200007158], [-112.00402599985112, 33.51511499986816], [-112.00453399983923, 33.51523499990311], [-112.00686500044075, 33.51607900014001], [-112.00694800028143, 33.51610900020452], [-112.00977199990413, 33.51723900030188], [-112.01097000035355, 33.51773099989015], [-112.01289199980285, 33.518530000174955], [-112.01289299962775, 33.51847599991489], [-112.01289299962775, 33.51833099972934], [-112.01289299962775, 33.51825100009109], [-112.01289299962775, 33.51820600035566], [-112.01289299962775, 33.51817799992601], [-112.01289400035098, 33.51804199995682], [-112.01289500017589, 33.517811999841825], [-112.0129019998486, 33.517237999713764], [-112.01291100006942, 33.516758999797084], [-112.01291899956703, 33.516432999639434], [-112.0129379998336, 33.51564900031873], [-112.01295700010017, 33.514849999638294], [-112.0129710003439, 33.51405699982201], [-112.01297499964353, 33.513423999665285], [-112.01298300003945, 33.51322999963425], [-112.01302099967427, 33.51222799999995], [-112.01302900007019, 33.51193000020965], [-112.01302900007019, 33.51177800022296]]]}, "properties": {"geoid": "04013108301", "name": "1083.01", "value": 6.0, "coverage": 1.0000000000011346, "n_tiles": 274, "vmin": 5.6829, "vmax": 6.1958, "metric": "recovery_gap_hours", "ok": true, "relief_hours": 0.0, "no_relief": true, "window_hours": 6.0, "population": 3902.0, "over_65": 691.0, "svi": 0.2263, "pct_over_65": 17.7, "pct_poverty": 7.7, "pct_mobile_homes": 0.0, "pct_no_vehicle": 2.0, "quadrant": "blind_spot"}}, {"type": "Feature", "geometry": {"type": "Polygon", "coordinates": [[[-112.04760999997029, 33.49619500017705], [-112.04761800036621, 33.49472199979064], [-112.04544599977335, 33.49472799963705], [-112.04496399972449, 33.49472799963705], [-112.04491199984597, 33.49472799963705], [-112.04476700008101, 33.49472799963705], [-112.04455899966855, 33.4947289997363], [-112.0443019997506, 33.49473500033137], [-112.0440210004415, 33.49474800012099], [-112.04391199976325, 33.49475099966878], [-112.04376000032559, 33.49475700026239], [-112.04350500005748, 33.49476500030397], [-112.04313199978857, 33.494772000246144], [-112.0429290002973, 33.494775999891786], [-112.04216600004106, 33.494771000147466], [-112.04107600044499, 33.49476799985121], [-112.03889999965416, 33.49478299983308], [-112.03890499967703, 33.495376000081805], [-112.03889600035451, 33.49663900036261], [-112.03888999960843, 33.498386999966144], [-112.03888499958555, 33.50020000034969], [-112.03888499958555, 33.500857999823516], [-112.03888100028591, 33.50201200020101], [-112.03887500043813, 33.50267000013312], [-112.03887500043813, 33.503290000302904], [-112.03887500043813, 33.503482000150754], [-112.03887200006508, 33.50419900031191], [-112.03886299984424, 33.50472500009746], [-112.0388589996463, 33.50491299983204], [-112.03885100014867, 33.5052320001048], [-112.03886000036951, 33.505661000038394], [-112.0388739997149, 33.50585399984058], [-112.03887100024015, 33.506531999785544], [-112.0388589996463, 33.50737099976168], [-112.03884600012579, 33.508680999649286], [-112.03886200001934, 33.50924999996702], [-112.04097900036061, 33.50923600017651], [-112.04203299997168, 33.50922999983759], [-112.04320399975859, 33.50921400018016], [-112.0432959998201, 33.50921200031642], [-112.04427699963624, 33.50919999963485], [-112.04444200039099, 33.50919899970285], [-112.04465999995087, 33.509196999838714], [-112.04474000031682, 33.50919999963485], [-112.04543800027574, 33.50921400018016], [-112.04585800040032, 33.509230999769294], [-112.04634700012184, 33.50923600017651], [-112.04751600025895, 33.509213000248316], [-112.0475270001296, 33.507393000226514], [-112.04753899982518, 33.50561699972057], [-112.04755100041906, 33.50376899987823], [-112.04756499976445, 33.50194899997703], [-112.04757099961223, 33.50104399966511], [-112.04757800018324, 33.50013700030505], [-112.04758700040406, 33.49923199977607], [-112.04759200042695, 33.49835000009805], [-112.04759200042695, 33.49827200008133], [-112.04759400007676, 33.49770499963387], [-112.04760599977233, 33.49651200020964], [-112.04760999997029, 33.49619500017705]]]}, "properties": {"geoid": "04013108501", "name": "1085.01", "value": 6.0, "coverage": 1.0000000000005091, "n_tiles": 153, "vmin": 5.6996, "vmax": 6.2346, "metric": "recovery_gap_hours", "ok": true, "relief_hours": 0.0, "no_relief": true, "window_hours": 6.0, "population": 2451.0, "over_65": 223.0, "svi": 0.515, "pct_over_65": 9.1, "pct_poverty": 25.2, "pct_mobile_homes": 0.0, "pct_no_vehicle": 1.9, "quadrant": "blind_spot"}}, {"type": "Feature", "geometry": {"type": "Polygon", "coordinates": [[[-112.1922959995668, 33.39618000012438], [-112.19230899998558, 33.39496900003915], [-112.19229399991698, 33.39452699990708], [-112.19227899984836, 33.39404099981763], [-112.19224899971114, 33.393493000228695], [-112.19222600014493, 33.39305199986249], [-112.19218799961178, 33.392534999912336], [-112.19215699964964, 33.392101999699975], [-112.1921409997561, 33.39194099998717], [-112.19184500037842, 33.39194099998717], [-112.1918090003934, 33.39194099998717], [-112.1914289995535, 33.39194199977206], [-112.1913599999565, 33.39194199977206], [-112.18917999986606, 33.39194000020233], [-112.18548400020715, 33.39194700019615], [-112.1853319998712, 33.39194700019615], [-112.18159000018156, 33.391955999758764], [-112.18067299993952, 33.391958999862744], [-112.17850799991767, 33.391972999846715], [-112.17684400021122, 33.391985000259766], [-112.17423499977536, 33.39199600013693], [-112.17252400021329, 33.39200300012618], [-112.16823400035254, 33.39196500007042], [-112.16591799981964, 33.39201199968301], [-112.16561300022113, 33.39201300021705], [-112.16486300038366, 33.392014999785054], [-112.16461999981111, 33.392016000319074], [-112.16119600013874, 33.39202599965842], [-112.16061799983045, 33.39202799997616], [-112.16033599979814, 33.39202899976001], [-112.15952200038659, 33.39203199986152], [-112.1589530002991, 33.39203400017913], [-112.15856400013668, 33.39203499996289], [-112.1584519999837, 33.392035999746646], [-112.15732999970224, 33.39204100016532], [-112.15573399976788, 33.39204599983372], [-112.15520800023641, 33.39204800015101], [-112.15414000038163, 33.39204999971821], [-112.15401399998495, 33.39205100025182], [-112.15325099972873, 33.39205400035253], [-112.1526440000064, 33.39205900002019], [-112.15128499989851, 33.39209000005311], [-112.15086999979678, 33.39210000013398], [-112.15087999984253, 33.39222499992246], [-112.15089300026132, 33.39327300021005], [-112.15089099971318, 33.39393099982146], [-112.15088999988828, 33.39401700030761], [-112.1508859996903, 33.39568199962764], [-112.1508770003678, 33.39906200022929], [-112.15087599964458, 33.39928999969575], [-112.15087499981966, 33.3994110000972], [-112.15088700041353, 33.40004600008009], [-112.15088800023845, 33.4011370002601], [-112.15088200039065, 33.40222499974098], [-112.15088400004049, 33.40284400035859], [-112.15095400036068, 33.40328200006734], [-112.15098899962247, 33.40350099984361], [-112.15099199999553, 33.40369500033148], [-112.15100500041433, 33.40464299972437], [-112.15091900020059, 33.40662699971154], [-112.1507789995602, 33.406641999947816], [-112.14388099998683, 33.40668099995013], [-112.14357100036543, 33.40665199985392], [-112.14335799993009, 33.40663099967482], [-112.1424159995737, 33.40654000008969], [-112.14241399992389, 33.40648199979349], [-112.14220100038686, 33.406520000250524], [-112.1421400002875, 33.40653299977154], [-112.14208300038608, 33.40654299969026], [-112.14192500020233, 33.40657700015498], [-112.14178399973703, 33.40659899996343], [-112.1413739996582, 33.406653999835], [-112.14110699969451, 33.40668000033487], [-112.14081999963933, 33.406700000137235], [-112.14028599971196, 33.40671900032013], [-112.13970199955585, 33.40671999993496], [-112.13886800005281, 33.40672500025861], [-112.13551499962729, 33.406737000134335], [-112.13526500028034, 33.40673599976986], [-112.13497700040024, 33.40673599976986], [-112.134474000435, 33.40672599987337], [-112.1339809996172, 33.406702000117214], [-112.13369699993505, 33.40667500000861], [-112.13381499993585, 33.40899499974415], [-112.13381300028601, 33.409321000008525], [-112.1338600001417, 33.41023900027506], [-112.13387100001235, 33.410439999967494], [-112.13388299970792, 33.41072600007108], [-112.13389600012671, 33.41094800002671], [-112.13392299989087, 33.411466999776245], [-112.13395800005098, 33.412174000147914], [-112.13397499976942, 33.41246799992982], [-112.13405900033332, 33.41336799999276], [-112.13408299972446, 33.41367700000316], [-112.13413200012825, 33.414302999695195], [-112.13428799976386, 33.41535200015599], [-112.13444199974964, 33.416832000040266], [-112.13446699986402, 33.41724599985924], [-112.1345089996968, 33.41841399972444], [-112.13451200006985, 33.41879400008095], [-112.13453200016131, 33.421619000030105], [-112.13453399981115, 33.42248599968519], [-112.1345360003593, 33.42460499974381], [-112.13454200020708, 33.42560999974105], [-112.13454200020708, 33.426778999684345], [-112.13454700022994, 33.42811600016785], [-112.13455300007774, 33.42956399965118], [-112.13455300007774, 33.42966700030695], [-112.13455200025282, 33.4297570002995], [-112.13454600040502, 33.43035700011407], [-112.13454499968181, 33.43043499979284], [-112.13456700032144, 33.43140900027783], [-112.13457399999413, 33.432066999657614], [-112.1345930002607, 33.433197000280096], [-112.13460400013135, 33.43447100029096], [-112.13463000007062, 33.436735000007275], [-112.13462900024571, 33.4368899998071], [-112.13787100034317, 33.436893999875664], [-112.13860799976183, 33.436894999892786], [-112.13884499958829, 33.436894999892786], [-112.13900199994711, 33.436894999892786], [-112.14000500040288, 33.436894999892786], [-112.14325599982284, 33.43689699992698], [-112.14542199966961, 33.436891999841414], [-112.14589799987067, 33.436891999841414], [-112.14691800004486, 33.436903000029226], [-112.14755099970644, 33.43690400004624], [-112.14759699973719, 33.43690400004624], [-112.14927999971022, 33.43690600008023], [-112.15060000035837, 33.43690099999523], [-112.1515669999308, 33.43690400004624], [-112.15188199957505, 33.43690099999523], [-112.15203800010897, 33.43689999997818], [-112.15420300013085, 33.43687800034999], [-112.1561439998467, 33.43686400010665], [-112.15746199994672, 33.43686000003675], [-112.15932099964684, 33.436837999648816], [-112.1603960000726, 33.4368330003095], [-112.16046700021771, 33.43683200029167], [-112.16112599981858, 33.43682200011281], [-112.16301499965589, 33.43681499998687], [-112.16368599985063, 33.436806999842325], [-112.16418100031827, 33.43679400035546], [-112.16490000019357, 33.43678900026396], [-112.16527599993722, 33.43678700022733], [-112.16778699956546, 33.43676999991372], [-112.16922100001644, 33.436768999895165], [-112.16922699986425, 33.43606199963851], [-112.16924600013081, 33.43572999988321], [-112.16924500030589, 33.43560599975721], [-112.1692529998035, 33.43523199974278], [-112.16924600013081, 33.43457300032694], [-112.16924699995573, 33.43340499970819], [-112.16925000032877, 33.432167000126945], [-112.16924299975776, 33.431884999722115], [-112.16924399958266, 33.4317589999469], [-112.1692319998871, 33.4312050001452], [-112.16923400043522, 33.43110099973139], [-112.16924100010793, 33.43031499996965], [-112.16924399958266, 33.43016299995555], [-112.16924799978064, 33.42991299991562], [-112.16924899960553, 33.42986200017291], [-112.1692529998035, 33.429742000307236], [-112.1692589996513, 33.42958899993807], [-112.1692600003745, 33.42956100009609], [-112.16927600026803, 33.427861000373554], [-112.1692720000701, 33.42687099993777], [-112.16926700004721, 33.42661199969232], [-112.16927799991787, 33.42591300031101], [-112.16927999956766, 33.42532200037166], [-112.16929200016156, 33.42394400027754], [-112.16930100038238, 33.42360199969872], [-112.16931100042814, 33.42291600014101], [-112.16930800005511, 33.42224100020799], [-112.1694980000259, 33.42223600002784], [-112.1695909999123, 33.42223300021951], [-112.17067300001078, 33.4222690001618], [-112.17131900009116, 33.42227999995376], [-112.17321399977625, 33.422313000071], [-112.17368400012954, 33.42232799984747], [-112.17479600036525, 33.422367000303936], [-112.17719099964255, 33.42239299984872], [-112.1778350000731, 33.42240999997947], [-112.17794300002814, 33.42241399996564], [-112.17803400026476, 33.42241699976771], [-112.17833899986326, 33.42242700010683], [-112.17951600039629, 33.422448999649326], [-112.18307200031309, 33.42250200036451], [-112.18379100018839, 33.42249700019938], [-112.18648900031273, 33.4225370000127], [-112.18650000018339, 33.421619000030105], [-112.18649699981034, 33.41971000026061], [-112.18650000018339, 33.417743999721424], [-112.1864950001605, 33.415384999907026], [-112.18649099996257, 33.41445600001059], [-112.18649699981034, 33.41387100026089], [-112.18649699981034, 33.41356700012063], [-112.18649699981034, 33.41343499977774], [-112.18649699981034, 33.41324299987522], [-112.18650000018339, 33.41162400032193], [-112.18650000018339, 33.41145100006292], [-112.18649900035848, 33.4112789997715], [-112.18650299965812, 33.409885999846225], [-112.18650500020627, 33.40894199978337], [-112.18650500020627, 33.40844399969007], [-112.18650600003116, 33.408024999657215], [-112.18662999987973, 33.40802799995637], [-112.18729400040176, 33.408044999899786], [-112.18824500008068, 33.40806799968565], [-112.18966100008997, 33.40811200004145], [-112.19115800029014, 33.408158000321464], [-112.19157900023963, 33.408171000347316], [-112.19201000023486, 33.40818400037117], [-112.19201799973246, 33.40784999977535], [-112.19203199997617, 33.4075999999753], [-112.1920489996946, 33.40722200009919], [-112.1920980000984, 33.406596000364836], [-112.19212800023561, 33.406189999989536], [-112.19214999997693, 33.40587799996699], [-112.19217500009128, 33.40552400018531], [-112.19218900033498, 33.40516199964974], [-112.19221600009918, 33.404623999837376], [-112.19224299986335, 33.40382299963534], [-112.19224299986335, 33.403101000191725], [-112.19224299986335, 33.40236700027004], [-112.19224299986335, 33.402276999634246], [-112.19224700006131, 33.401395000318836], [-112.1922479998862, 33.401216000368194], [-112.19225100025928, 33.40034300022604], [-112.1922520000842, 33.40011199995025], [-112.192253999734, 33.400029999763106], [-112.19229100044224, 33.39658699975763], [-112.1922959995668, 33.39618000012438]]]}, "properties": {"geoid": "04013112514", "name": "1125.14", "value": 4.341559252249578, "coverage": 0.9581889637618703, "n_tiles": 2012, "vmin": 3.88, "vmax": 5.2281, "metric": "recovery_gap_hours", "ok": true, "relief_hours": 1.658, "no_relief": false, "window_hours": 6.0, "population": 4533.0, "over_65": 233.0, "svi": 0.4827, "pct_over_65": 5.1, "pct_poverty": 15.4, "pct_mobile_homes": 0.9, "pct_no_vehicle": 2.7, "quadrant": "low_priority"}}, {"type": "Feature", "geometry": {"type": "Polygon", "coordinates": [[[-112.08254800024575, 33.576767000026535], [-112.0825459996976, 33.576557999925775], [-112.08253300017714, 33.57642799991938], [-112.08250700023787, 33.57628999973286], [-112.0824879999713, 33.57624400037009], [-112.08244799978833, 33.57617799987488], [-112.08239400025995, 33.57611499979735], [-112.08230700022132, 33.576043999666716], [-112.08226899968818, 33.576024000019935], [-112.08221199978678, 33.57600299971225], [-112.08216400010619, 33.57598499987212], [-112.08206299982385, 33.57596099983], [-112.08179800040828, 33.57593599987255], [-112.08160699971427, 33.575903999796715], [-112.08151999967563, 33.57588099964132], [-112.08143000016226, 33.57584100026764], [-112.08132499968197, 33.57577600012319], [-112.08124199984128, 33.57570499971371], [-112.08117999991701, 33.575632000169975], [-112.08113200023644, 33.5755489999371], [-112.08109700007634, 33.57544799967235], [-112.08107600015995, 33.57530100017246], [-112.08106600011418, 33.57514600033199], [-112.08106899958894, 33.57497100032241], [-112.08107899963468, 33.574852000053355], [-112.08109999955107, 33.574716000186484], [-112.0811289998634, 33.57460000008668], [-112.08117599971905, 33.57448299990558], [-112.08130499959049, 33.57425899984565], [-112.08139900020012, 33.57407200037287], [-112.08148500041386, 33.57386500034798], [-112.0815170002009, 33.57376400035811], [-112.08155499983575, 33.57358100030517], [-112.08157999995011, 33.57349000010173], [-112.08161500011019, 33.57341199974408], [-112.08165799976791, 33.57334500013862], [-112.08168899973005, 33.573312999850714], [-112.08173200028607, 33.57327399997496], [-112.08183000019535, 33.57320499963342], [-112.08193800015039, 33.5731529997301], [-112.08235200042716, 33.57302900023726], [-112.08240299958248, 33.573006000064275], [-112.08245000033645, 33.57297099982184], [-112.08248700014639, 33.572927000074266], [-112.08249800001704, 33.572909000341184], [-112.08252200030647, 33.57284400023424], [-112.08253499982698, 33.572768999877354], [-112.08250999971261, 33.57124700008236], [-112.08251300008565, 33.56985400004309], [-112.08251399991055, 33.56961100029369], [-112.0825159995604, 33.56894100009402], [-112.08251800010852, 33.56838700030526], [-112.08251899993344, 33.56831999979394], [-112.08251899993344, 33.56825599997201], [-112.08251899993344, 33.56824000000908], [-112.08252099958325, 33.567554000307865], [-112.08036099958429, 33.56759599978932], [-112.08022400021524, 33.56759899980501], [-112.08003599989425, 33.56760299982567], [-112.07989600015217, 33.5676059998411], [-112.07886799958206, 33.567625999941114], [-112.07841999986842, 33.56763699999414], [-112.07795200006328, 33.56764800004578], [-112.07702999979837, 33.56766900014049], [-112.07611299955633, 33.5676910002342], [-112.07387399991464, 33.56774299968491], [-112.07266100029493, 33.56774599969548], [-112.07168799997638, 33.56775099971281], [-112.07062000012164, 33.567753999723045], [-112.0695770003812, 33.56775699973323], [-112.06737600037435, 33.56776499975977], [-112.0669019998231, 33.56776999977605], [-112.06657799995801, 33.567766999766306], [-112.06621499973485, 33.56778199981379], [-112.06589500006773, 33.56780999989546], [-112.06569900024913, 33.56784599998712], [-112.06549199966159, 33.56789600008952], [-112.06528300032252, 33.567960000178296], [-112.06522399987297, 33.567980000196314], [-112.06521499965213, 33.56868300013205], [-112.06521499965213, 33.56880799987045], [-112.06521300000233, 33.56960099972564], [-112.06521100035249, 33.570044000350215], [-112.06520499960641, 33.570643000141445], [-112.0651979999337, 33.571406999993215], [-112.06519499956066, 33.57231600025819], [-112.0651820000402, 33.573231000321826], [-112.06517100016954, 33.57413199990762], [-112.06516399959852, 33.574631999897555], [-112.06515899957564, 33.575031999899814], [-112.065155000276, 33.576843999699726], [-112.06515199990295, 33.5772130002323], [-112.0651410000323, 33.57771799977743], [-112.06514400040534, 33.57851600025397], [-112.0651419998572, 33.57866099976315], [-112.06512900033674, 33.579343000040375], [-112.06513099998655, 33.57994900020035], [-112.0651400002074, 33.58040999977797], [-112.0651560001009, 33.58101000008226], [-112.06516100012378, 33.58118099968204], [-112.06515399955276, 33.58138300014698], [-112.06512799961351, 33.581619000039346], [-112.06510199967424, 33.581769000276076], [-112.06506099966636, 33.58200499986128], [-112.0650079999629, 33.582212999658196], [-112.0649369998178, 33.58242300011753], [-112.06484999977916, 33.582628999993204], [-112.06482399983989, 33.58268299983566], [-112.06481799999212, 33.582695000045526], [-112.06451800041647, 33.583189999951465], [-112.06511000007016, 33.58314899964981], [-112.0652880003454, 33.583137000251455], [-112.0654930003848, 33.583122999704024], [-112.0669019998231, 33.5830260001248], [-112.0676969998664, 33.582970999921514], [-112.07377600000535, 33.58255099966218], [-112.07566200036796, 33.582422000284076], [-112.07733799976994, 33.582306000063646], [-112.08049500037689, 33.58208799987275], [-112.08144900042885, 33.58208899971007], [-112.08211300005256, 33.58209000029584], [-112.08253300017714, 33.58190100014899], [-112.08251999975835, 33.5814320000477], [-112.08252700032935, 33.58039100025147], [-112.08252899997919, 33.58010000020656], [-112.08253200035223, 33.579626999835014], [-112.08253999984983, 33.578581999709805], [-112.08254800024575, 33.576767000026535]]]}, "properties": {"geoid": "04013104600", "name": "1046", "value": 4.015566029050774, "coverage": 1.0000000000008986, "n_tiles": 300, "vmin": 3.9462, "vmax": 4.2325, "metric": "recovery_gap_hours", "ok": true, "relief_hours": 1.984, "no_relief": false, "window_hours": 6.0, "population": 3956.0, "over_65": 586.0, "svi": 0.8274, "pct_over_65": 14.8, "pct_poverty": 35.1, "pct_mobile_homes": 0.0, "pct_no_vehicle": 8.5, "quadrant": "over_targeted"}}, {"type": "Feature", "geometry": {"type": "Polygon", "coordinates": [[[-112.04771100025262, 33.46185800035092], [-112.0477020000318, 33.461581999677364], [-112.04769399963588, 33.4613090003298], [-112.04766100002391, 33.46086199968183], [-112.0476519998031, 33.460523999696974], [-112.04764500013039, 33.45963099974728], [-112.04763900028259, 33.45872799969083], [-112.04766199984881, 33.4577449998824], [-112.04767299971947, 33.456780999889844], [-112.04767799974235, 33.456181999729395], [-112.04767000024475, 33.45581800022057], [-112.04768100011538, 33.454844999999075], [-112.04768500031336, 33.454130000109174], [-112.04767699991744, 33.453350000319084], [-112.04768299976523, 33.45292800016768], [-112.04770500040485, 33.4514250001215], [-112.04670100012417, 33.45142699982073], [-112.04554600023079, 33.45142799967032], [-112.04445499991147, 33.45142799967032], [-112.04337199998811, 33.45142799967032], [-112.04119199989763, 33.45143099996856], [-112.03898500004297, 33.45143099996856], [-112.03753300004867, 33.45141699982522], [-112.03739300030657, 33.45141500012576], [-112.0372760001307, 33.45141500012576], [-112.03708899963463, 33.45141400027601], [-112.03695800011337, 33.451412999676734], [-112.03672200011184, 33.4514100001274], [-112.03640499991943, 33.45140699982849], [-112.03634499964498, 33.45140699982849], [-112.03598200032013, 33.45140299967955], [-112.03457600035655, 33.45139199983127], [-112.03260299995532, 33.451374000280886], [-112.03015699972607, 33.451351999825995], [-112.03015500007626, 33.45210500012769], [-112.03015400025136, 33.45296800019556], [-112.03016099992404, 33.45403100004026], [-112.03016799959673, 33.455166999739], [-112.03018199984044, 33.45559000003816], [-112.03016900031996, 33.455624000031065], [-112.03017599999265, 33.45641799968978], [-112.03018100001552, 33.45697399995343], [-112.03018100001552, 33.45711600012591], [-112.03018000019061, 33.45770000017405], [-112.03018699986329, 33.458598999878596], [-112.03019299971109, 33.45996900021596], [-112.03019799973394, 33.46041999995536], [-112.03020399958174, 33.46099999977575], [-112.03020500030496, 33.46130600037335], [-112.03021899965037, 33.461985000354794], [-112.03037099998633, 33.461978000011264], [-112.03046300004782, 33.46197599980592], [-112.03179899969119, 33.46198699981044], [-112.03365200044183, 33.461994999881], [-112.03537399987458, 33.46200399967847], [-112.03608100005432, 33.462016000156325], [-112.03704199977898, 33.462052000081194], [-112.03729899969693, 33.46204999987763], [-112.0373310003823, 33.46204999987763], [-112.03742599991853, 33.462049000150515], [-112.03744600001002, 33.462049000150515], [-112.03753300004867, 33.46204799967395], [-112.03755999981283, 33.46204799967395], [-112.0376839996614, 33.46204699994681], [-112.03772800004232, 33.46204699994681], [-112.0378529997158, 33.462046000219665], [-112.03815300018977, 33.462027999883134], [-112.03828799990899, 33.462016999883815], [-112.03839800041214, 33.46200700036015], [-112.03846700000912, 33.46200099974607], [-112.0387890002244, 33.46197400034998], [-112.03899500008872, 33.46195699972669], [-112.03935900013678, 33.46192599990407], [-112.03966399973532, 33.461914000163084], [-112.03995400016353, 33.46190199967111], [-112.04060199989375, 33.461895999799204], [-112.04138199986842, 33.46190199967111], [-112.04222899979024, 33.46190800029199], [-112.04362700025622, 33.46193799964333], [-112.04461700029319, 33.461955999998494], [-112.04516999958882, 33.461944000261724], [-112.04679700038365, 33.46185199972652], [-112.04746400038042, 33.4618620000175], [-112.04771100025262, 33.46185800035092]]]}, "properties": {"geoid": "04013113301", "name": "1133.01", "value": 6.0, "coverage": 1.0000000000008675, "n_tiles": 223, "vmin": 5.9791, "vmax": 6.0077, "metric": "recovery_gap_hours", "ok": true, "relief_hours": 0.0, "no_relief": true, "window_hours": 6.0, "population": 3748.0, "over_65": 325.0, "svi": 0.9977, "pct_over_65": 8.7, "pct_poverty": 66.0, "pct_mobile_homes": 3.7, "pct_no_vehicle": 30.3, "quadrant": "confirmed"}}, {"type": "Feature", "geometry": {"type": "Polygon", "coordinates": [[[-112.06521700020026, 33.4594799998881], [-112.06521800002518, 33.458678000164035], [-112.06430699963093, 33.45869700021246], [-112.06361500041812, 33.45869700021246], [-112.06252200044901, 33.45869400016562], [-112.06205499957045, 33.45868800007168], [-112.06150099955157, 33.45868100021138], [-112.06079300044524, 33.45868199997733], [-112.06065700000282, 33.45868199997733], [-112.05893499967175, 33.45868100021138], [-112.05710299973582, 33.458679999696], [-112.05650600005926, 33.45868500002459], [-112.0564390001121, 33.45868800007168], [-112.05574399962794, 33.4587100001643], [-112.0550380001714, 33.45872000006826], [-112.05429300035681, 33.45872499964512], [-112.052629999577, 33.45872999997111], [-112.0520470001441, 33.45872799969083], [-112.05071800017343, 33.45871700002227], [-112.04982299967271, 33.45872000006826], [-112.04815099957038, 33.45872499964512], [-112.04769100016115, 33.45872900020571], [-112.04763900028259, 33.45872799969083], [-112.04764500013039, 33.45963099974728], [-112.0476519998031, 33.460523999696974], [-112.04766100002391, 33.46086199968183], [-112.04769399963588, 33.4613090003298], [-112.0477020000318, 33.461581999677364], [-112.04771100025262, 33.46185800035092], [-112.04746400038042, 33.4618620000175], [-112.04679700038365, 33.46185199972652], [-112.04516999958882, 33.461944000261724], [-112.04461700029319, 33.461955999998494], [-112.04362700025622, 33.46193799964333], [-112.04222899979024, 33.46190800029199], [-112.04138199986842, 33.46190199967111], [-112.04060199989375, 33.461895999799204], [-112.03995400016353, 33.46190199967111], [-112.03966399973532, 33.461914000163084], [-112.03935900013678, 33.46192599990407], [-112.03899500008872, 33.46195699972669], [-112.0387890002244, 33.46197400034998], [-112.03846700000912, 33.46200099974607], [-112.03839800041214, 33.46200700036015], [-112.03828799990899, 33.462016999883815], [-112.03815300018977, 33.462027999883134], [-112.0378529997158, 33.462046000219665], [-112.03772800004232, 33.46204699994681], [-112.0376839996614, 33.46204699994681], [-112.03755999981283, 33.46204799967395], [-112.03753300004867, 33.46204799967395], [-112.03744600001002, 33.462049000150515], [-112.03742599991853, 33.462049000150515], [-112.0373310003823, 33.46204999987763], [-112.03739699960622, 33.46214099972727], [-112.03744699983494, 33.4622840001544], [-112.03749899971345, 33.46240900008827], [-112.0376839996614, 33.46275599993732], [-112.03782099992874, 33.463060999867025], [-112.03791100034044, 33.46330100018749], [-112.03796099967082, 33.463514999887934], [-112.03800099985381, 33.46372000019105], [-112.03802599996817, 33.46403499976687], [-112.03804000021186, 33.464556999669874], [-112.03801599992241, 33.464974000210724], [-112.0379880003333, 33.465454999773485], [-112.0379869996101, 33.465712000100396], [-112.0379869996101, 33.46580099973562], [-112.03807500037196, 33.465797999934615], [-112.03810799998392, 33.465797000250724], [-112.03819300037274, 33.46579500013356], [-112.03836200042714, 33.46579500013356], [-112.03850299999414, 33.46579399970023], [-112.03891200024805, 33.46579399970023], [-112.03903100007373, 33.46579399970023], [-112.03924600015888, 33.46579500013356], [-112.03939699977163, 33.46579500013356], [-112.03966399973532, 33.46579500013356], [-112.03995499998845, 33.46578800009771], [-112.04042100014377, 33.46577699982613], [-112.04102299984322, 33.465766000302544], [-112.04115699973752, 33.46576400018461], [-112.04155500012078, 33.46575799983065], [-112.04258899964036, 33.46576099963299], [-112.04333699982799, 33.46575900026434], [-112.04424400002428, 33.46575500002817], [-112.04527000004626, 33.46575900026434], [-112.04550199984985, 33.465757000146304], [-112.04630699993889, 33.4657380001464], [-112.0471689999293, 33.465729999671936], [-112.04769100016115, 33.4657380001464], [-112.04776700032912, 33.46573899983097], [-112.0481160003086, 33.46573500034327], [-112.04842900030303, 33.46573300022463], [-112.0498360000915, 33.46574899967352], [-112.05044399963873, 33.465757000146304], [-112.0520310002506, 33.46575299990998], [-112.05276299964638, 33.465750000107384], [-112.05424099957996, 33.46573600002783], [-112.0551369999056, 33.46572400006497], [-112.05602800020836, 33.465724999749696], [-112.05633600017994, 33.465721000261304], [-112.05744900024054, 33.465719000142336], [-112.05853999966153, 33.46571400021947], [-112.05965799974501, 33.46571099966611], [-112.06075300026227, 33.46571600033855], [-112.0613170003269, 33.465719000142336], [-112.06201399956257, 33.46571600033855], [-112.06236000006729, 33.46571299978526], [-112.06508400013088, 33.465709999981215], [-112.06507300026023, 33.46490300021897], [-112.06507200043531, 33.464669000267364], [-112.06507400008515, 33.46455399982582], [-112.06510800042032, 33.46393899963201], [-112.06511000007016, 33.46390900022379], [-112.06511699974286, 33.46379599968675], [-112.0651269997886, 33.46361899966363], [-112.06514500023026, 33.462760000311896], [-112.06515199990295, 33.462403999974484], [-112.06515799975075, 33.46217899980087], [-112.06516399959852, 33.462036999677174], [-112.06518799988797, 33.461448999929665], [-112.06518700006305, 33.46095599999776], [-112.06518600023813, 33.460295999898605], [-112.0651979999337, 33.45998799998145], [-112.06521700020026, 33.4594799998881]]]}, "properties": {"geoid": "04013113204", "name": "1132.04", "value": 6.0, "coverage": 1.0000000000008649, "n_tiles": 208, "vmin": 5.9713, "vmax": 6.1097, "metric": "recovery_gap_hours", "ok": true, "relief_hours": 0.0, "no_relief": true, "window_hours": 6.0, "population": 2484.0, "over_65": 282.0, "svi": 0.7552, "pct_over_65": 11.4, "pct_poverty": 24.4, "pct_mobile_homes": 0.0, "pct_no_vehicle": 18.9, "quadrant": "confirmed"}}, {"type": "Feature", "geometry": {"type": "Polygon", "coordinates": [[[-112.03804000021186, 33.464556999669874], [-112.03802599996817, 33.46403499976687], [-112.03800099985381, 33.46372000019105], [-112.03796099967082, 33.463514999887934], [-112.03791100034044, 33.46330100018749], [-112.03782099992874, 33.463060999867025], [-112.0376839996614, 33.46275599993732], [-112.03749899971345, 33.46240900008827], [-112.03744699983494, 33.4622840001544], [-112.03739699960622, 33.46214099972727], [-112.0373310003823, 33.46204999987763], [-112.03729899969693, 33.46204999987763], [-112.03704199977898, 33.462052000081194], [-112.03608100005432, 33.462016000156325], [-112.03537399987458, 33.46200399967847], [-112.03365200044183, 33.461994999881], [-112.03179899969119, 33.46198699981044], [-112.03046300004782, 33.46197599980592], [-112.03037099998633, 33.461978000011264], [-112.03021899965037, 33.461985000354794], [-112.03020500030496, 33.46130600037335], [-112.03020399958174, 33.46099999977575], [-112.03019799973394, 33.46041999995536], [-112.03019299971109, 33.45996900021596], [-112.03018699986329, 33.458598999878596], [-112.0299679995802, 33.458573999706864], [-112.02966999965436, 33.458575000223526], [-112.02912700040446, 33.4585759999907], [-112.02804899960562, 33.458566999837366], [-112.02752700027212, 33.458566999837366], [-112.02697300025325, 33.45856500030279], [-112.02588299975886, 33.45855999996729], [-112.02505699975345, 33.458556999915764], [-112.02373299980563, 33.45855399986407], [-112.02335000038929, 33.45856800035409], [-112.02314100015194, 33.45856800035409], [-112.02263700036177, 33.458582000092385], [-112.02243300014729, 33.458582000092385], [-112.02157399963157, 33.45857200017246], [-112.02151300043052, 33.458570999655834], [-112.02139700007957, 33.45858100032528], [-112.02107700041243, 33.458573999706864], [-112.02084600043374, 33.458566999837366], [-112.02015500014751, 33.45856399978608], [-112.02009800024611, 33.45856399978608], [-112.01940100011211, 33.45856200025144], [-112.01904600028487, 33.45856099973464], [-112.017238999565, 33.45855600014837], [-112.01507600009128, 33.45854399994098], [-112.01311500028392, 33.45854799976045], [-112.01296200012304, 33.45856099973464], [-112.01290500022165, 33.45856800035409], [-112.01289699982573, 33.458761000187145], [-112.01287099988645, 33.45939399978124], [-112.01287000006153, 33.4594709998286], [-112.01285400016802, 33.46020600010898], [-112.01285199961988, 33.460648000177066], [-112.01285199961988, 33.46085200002494], [-112.01285099979496, 33.461048999723666], [-112.01285800036597, 33.4614250003141], [-112.01285800036597, 33.46197599980592], [-112.01291000024452, 33.4625019997543], [-112.01291500026738, 33.46265900016473], [-112.01291899956703, 33.46329900001273], [-112.01291899956703, 33.463324000320696], [-112.01291899956703, 33.46338299981995], [-112.01291899956703, 33.46344200002846], [-112.01291799974211, 33.463894000141096], [-112.0129160000923, 33.46473400002583], [-112.01291500026738, 33.465069000256435], [-112.01291799974211, 33.46573199979059], [-112.01513100034286, 33.46573300022463], [-112.01580699966216, 33.46573300022463], [-112.01602199974731, 33.46573300022463], [-112.01610899978593, 33.46573500034327], [-112.01619300034984, 33.46573500034327], [-112.01633200026703, 33.46573500034327], [-112.01725100015888, 33.46573899983097], [-112.01921399961603, 33.465752000225635], [-112.02049300025632, 33.46575500002817], [-112.02160299994388, 33.46575599971254], [-112.02320899992398, 33.465757000146304], [-112.02375299989714, 33.465757000146304], [-112.02484099984336, 33.46575900026434], [-112.02591399972103, 33.465757000146304], [-112.02663500014447, 33.46575500002817], [-112.02770899984702, 33.465752000225635], [-112.02790100036596, 33.46575799983065], [-112.02808600031388, 33.465774000024346], [-112.02876199963316, 33.46577699982613], [-112.02983600023403, 33.465781000061284], [-112.03021600017561, 33.46578800009771], [-112.03070499989717, 33.46577800025964], [-112.03196500027087, 33.4657719999066], [-112.03360200021312, 33.465769999788805], [-112.03412400044495, 33.465769999788805], [-112.03462900006001, 33.465762999750986], [-112.03555899982253, 33.46577800025964], [-112.0356070004014, 33.46577699982613], [-112.03571600018134, 33.465786999664296], [-112.03577100043293, 33.46579099989905], [-112.0367339998074, 33.46581499980462], [-112.03699400009839, 33.465816999921365], [-112.037486000193, 33.46582100015468], [-112.03770299992799, 33.465814000120915], [-112.0379869996101, 33.46580099973562], [-112.0379869996101, 33.465712000100396], [-112.0379880003333, 33.465454999773485], [-112.03801599992241, 33.464974000210724], [-112.03804000021186, 33.464556999669874]]]}, "properties": {"geoid": "04013113503", "name": "1135.03", "value": 5.999963266764424, "coverage": 1.000000000000845, "n_tiles": 196, "vmin": 5.9979, "vmax": 6.007, "metric": "recovery_gap_hours", "ok": true, "relief_hours": 0.0, "no_relief": false, "window_hours": 6.0, "population": 4826.0, "over_65": 264.0, "svi": 0.9371, "pct_over_65": 5.5, "pct_poverty": 40.7, "pct_mobile_homes": 2.2, "pct_no_vehicle": 12.7, "quadrant": "confirmed"}}, {"type": "Feature", "geometry": {"type": "Polygon", "coordinates": [[[-112.03023299989407, 33.507589999713915], [-112.03023399971896, 33.50684099974178], [-112.03022799987119, 33.506504000071935], [-112.03021700000053, 33.50570500033389], [-112.03020699995479, 33.50488600032555], [-112.03020699995479, 33.504782999883794], [-112.0302079997797, 33.50389199989813], [-112.0302079997797, 33.50383900023377], [-112.03020899960461, 33.5034100002577], [-112.03021000032784, 33.502074000364814], [-112.03020699995479, 33.500731999897056], [-112.03020299975682, 33.499169999823934], [-112.0302000002821, 33.49843499969051], [-112.03019799973394, 33.49753400036342], [-112.03019899955886, 33.49665999973291], [-112.03019600008415, 33.49579199979039], [-112.03019500025923, 33.4948499996706], [-112.02955800039969, 33.49485899980134], [-112.02802100001654, 33.49489400021768], [-112.02587899956092, 33.49494000018688], [-112.02481099970615, 33.49496500035532], [-112.02373600017869, 33.494996000344386], [-112.02254100010231, 33.49501900030496], [-112.02159500044628, 33.49504399970145], [-112.02107700041243, 33.49505800028926], [-112.0195130002651, 33.49509099968595], [-112.01829999974706, 33.49512199962996], [-112.0180989999056, 33.49512600000852], [-112.01728499959574, 33.495143000117324], [-112.01629499955878, 33.49516499994462], [-112.01421900012372, 33.49521299995714], [-112.01318600042903, 33.495234999766694], [-112.01297800001657, 33.495234999766694], [-112.01298399986435, 33.49666800034778], [-112.0129860004125, 33.4984550000672], [-112.01298499968927, 33.49888599998318], [-112.01298499968927, 33.49979399975703], [-112.01298499968927, 33.500047999985505], [-112.01298499968927, 33.50023300003373], [-112.01298499968927, 33.50028200026776], [-112.0129860004125, 33.501407000198306], [-112.0129860004125, 33.50256900006782], [-112.0129860004125, 33.503490000135145], [-112.0129860004125, 33.50386100009839], [-112.01298700023739, 33.50461600030334], [-112.01298700023739, 33.5048030002919], [-112.01298700023739, 33.50533500001225], [-112.01298800006231, 33.50639400030684], [-112.01298899988723, 33.50719299967606], [-112.0129999997579, 33.50822599968615], [-112.01302499987224, 33.50960299976707], [-112.01302400004732, 33.50996700027868], [-112.01423199964418, 33.509968000201866], [-112.0149649997632, 33.50993800025497], [-112.01582099990586, 33.5099090002215], [-112.01593999973154, 33.509905999700976], [-112.0171549998994, 33.50987299995989], [-112.01938400039367, 33.509776999688235], [-112.02028200036912, 33.5097420000464], [-112.02159799992101, 33.509702999936664], [-112.02286800034045, 33.50964800023222], [-112.02395000043894, 33.50960800015278], [-112.02420700035688, 33.50960800015278], [-112.02459300014625, 33.50959999998489], [-112.02491000033866, 33.50957999993643], [-112.0254619998094, 33.50952899986675], [-112.02561800034333, 33.50951500012139], [-112.02616599961608, 33.50947799976702], [-112.02722000012547, 33.50943699967971], [-112.02803500026025, 33.50939099992407], [-112.02865600022628, 33.509362999637446], [-112.03020699995479, 33.50932699989765], [-112.03020299975682, 33.50861599990806], [-112.03023200006916, 33.50786899972252], [-112.03023299989407, 33.50764100017731], [-112.03023299989407, 33.507589999713915]]]}, "properties": {"geoid": "04013108400", "name": "1084", "value": 5.99403455099294, "coverage": 1.000000000000852, "n_tiles": 292, "vmin": 5.9529, "vmax": 6.0464, "metric": "recovery_gap_hours", "ok": true, "relief_hours": 0.006, "no_relief": false, "window_hours": 6.0, "population": 5726.0, "over_65": 997.0, "svi": 0.4925, "pct_over_65": 17.4, "pct_poverty": 16.9, "pct_mobile_homes": 0.0, "pct_no_vehicle": 14.6, "quadrant": "blind_spot"}}, {"type": "Feature", "geometry": {"type": "Polygon", "coordinates": [[[-112.065035999552, 33.497258000210685], [-112.06503899992504, 33.49474200027597], [-112.06468800029575, 33.49473699978047], [-112.06425200027768, 33.49473699978047], [-112.06285700018476, 33.49473699978047], [-112.06099400028671, 33.49473699978047], [-112.06072499977488, 33.49473699978047], [-112.05969899975288, 33.494735999681374], [-112.05852999961577, 33.494735999681374], [-112.05799300021367, 33.49473500033137], [-112.05768600006701, 33.4947340002322], [-112.05631899956317, 33.49473099993468], [-112.05427499991517, 33.4947289997363], [-112.05325700028911, 33.49472799963705], [-112.05294400029464, 33.4947260001877], [-112.05224600033574, 33.4947260001877], [-112.05202399967958, 33.4947260001877], [-112.0514200003303, 33.4947260001877], [-112.0495619995568, 33.49473500033137], [-112.0491740001176, 33.49473099993468], [-112.04912499971381, 33.4947289997363], [-112.04904000022331, 33.4947289997363], [-112.04951999972401, 33.49515800003422], [-112.05033900005675, 33.495885999670975], [-112.0506110000433, 33.496113000133306], [-112.05073599971678, 33.496208999829655], [-112.05099000016, 33.49639199968163], [-112.05105799993206, 33.496432999955644], [-112.05131499985, 33.49661299985096], [-112.05144100024673, 33.49670600026202], [-112.05150800019386, 33.49674699963826], [-112.05186200019618, 33.49699299998246], [-112.0519540002577, 33.49706099968026], [-112.05198799969457, 33.49708700005732], [-112.05205499964173, 33.49712699993073], [-112.05211800028923, 33.49717400028272], [-112.0521519997261, 33.49719400020161], [-112.05233900022216, 33.497324000310975], [-112.05240899964404, 33.49737400001296], [-112.05253300039092, 33.49746700035562], [-112.05276199982146, 33.497624999653645], [-112.0531800002962, 33.49791500026037], [-112.05325599956586, 33.4979650003701], [-112.0533769999397, 33.49804600009704], [-112.0535100000091, 33.49812899986814], [-112.05363999970542, 33.498217999913344], [-112.0537080003758, 33.49825699995478], [-112.05410099983789, 33.49851599972682], [-112.05417100015808, 33.49855400032815], [-112.05423499973219, 33.49859899979636], [-112.0542709997172, 33.498621000243745], [-112.05432500014386, 33.498654999834486], [-112.05436699997666, 33.49868299983996], [-112.05439899976372, 33.498707000372455], [-112.0546649999025, 33.498875000168475], [-112.05473600004761, 33.49891099976128], [-112.05486699956886, 33.49899799965182], [-112.05513500025577, 33.499164000285354], [-112.05520600040089, 33.49920099980555], [-112.05540700024234, 33.499327999759274], [-112.0554390000294, 33.49935200011301], [-112.05560700025887, 33.49945400023115], [-112.05567800040399, 33.49949099962744], [-112.05570799964292, 33.49951800006765], [-112.05577499959006, 33.49955300009873], [-112.05590699983453, 33.499640000093166], [-112.05617600034637, 33.499806000244654], [-112.05624800031637, 33.499844000279715], [-112.05630199984473, 33.49987800013922], [-112.05651600010498, 33.500013000154574], [-112.0565799996791, 33.50005800036259], [-112.0566159996641, 33.50007600028947], [-112.05668000013651, 33.50012099971568], [-112.05674999955839, 33.5001599996489], [-112.05688000015306, 33.50024799981783], [-112.05714700011676, 33.50041999975359], [-112.05721800026187, 33.500459000301205], [-112.0573830001183, 33.50056900011842], [-112.05779900004491, 33.500809999944515], [-112.05786400034224, 33.500854999738216], [-112.05796800009931, 33.50091399989841], [-112.05800499990924, 33.5009310003688], [-112.0582409999108, 33.50107499972467], [-112.05831299988081, 33.50110899984977], [-112.05841699963788, 33.50116799983683], [-112.05849000033113, 33.50120199992534], [-112.0589809997025, 33.50135399976135], [-112.05933899990278, 33.50146499996084], [-112.06140900038841, 33.50207999970176], [-112.06149200022907, 33.50209599992902], [-112.06157599989466, 33.5020989999713], [-112.0617690002385, 33.50211600020889], [-112.06178599995695, 33.502117000222796], [-112.06186899979762, 33.50212799962559], [-112.062078000035, 33.50214899991159], [-112.06216199970058, 33.502151999952034], [-112.06228700027236, 33.50216400011281], [-112.06232900010517, 33.502173000232276], [-112.06249700033464, 33.502181000337636], [-112.06257900035041, 33.502193999758326], [-112.06278799968948, 33.502214000015556], [-112.06284100029124, 33.502215000028315], [-112.06287200025336, 33.502217000053754], [-112.06308099959244, 33.50223500028075], [-112.06316400033141, 33.50224899970563], [-112.06337199984556, 33.50226699992593], [-112.06345600040947, 33.50226999996227], [-112.06370599975641, 33.50229400024941], [-112.06379000032032, 33.50230000032014], [-112.06387200033606, 33.50231299972288], [-112.06392199966649, 33.50231299972288], [-112.06395500017675, 33.502318999792294], [-112.06403899984234, 33.50232199982685], [-112.06412199968302, 33.50233299995268], [-112.06437199992828, 33.502353000177784], [-112.06445399994404, 33.50236600032167], [-112.06449699960173, 33.50236400029968], [-112.06453799960963, 33.50237299964926], [-112.06462100034861, 33.50237599968193], [-112.06474600002208, 33.50239499988655], [-112.06486900004573, 33.50242500020103], [-112.06490900022871, 33.5024370003239], [-112.06499200006938, 33.50245399974609], [-112.06502999970422, 33.50246799988464], [-112.06502999970422, 33.50241400008695], [-112.06502999970422, 33.50230699965306], [-112.06503100042747, 33.50126599996771], [-112.06503200025236, 33.50048400037407], [-112.06503300007726, 33.49985399993132], [-112.06503399990218, 33.49910200028453], [-112.06503499972709, 33.498054999895594], [-112.065035999552, 33.497258000210685]]]}, "properties": {"geoid": "04013108601", "name": "1086.01", "value": 4.984768914600349, "coverage": 0.9999999999998962, "n_tiles": 104, "vmin": 4.8857, "vmax": 5.5165, "metric": "recovery_gap_hours", "ok": true, "relief_hours": 1.015, "no_relief": false, "window_hours": 6.0, "population": 2441.0, "over_65": 334.0, "svi": 0.9313, "pct_over_65": 13.7, "pct_poverty": 33.0, "pct_mobile_homes": 0.0, "pct_no_vehicle": 18.8, "quadrant": "over_targeted"}}, {"type": "Feature", "geometry": {"type": "Polygon", "coordinates": [[[-112.06502999970422, 33.50252599968532], [-112.06502999970422, 33.50246799988464], [-112.06499200006938, 33.50245399974609], [-112.06490900022871, 33.5024370003239], [-112.06486900004573, 33.50242500020103], [-112.06474600002208, 33.50239499988655], [-112.06462100034861, 33.50237599968193], [-112.06453799960963, 33.50237299964926], [-112.06449699960173, 33.50236400029968], [-112.06445399994404, 33.50236600032167], [-112.06437199992828, 33.502353000177784], [-112.06412199968302, 33.50233299995268], [-112.06403899984234, 33.50232199982685], [-112.06395500017675, 33.502318999792294], [-112.06392199966649, 33.50231299972288], [-112.06387200033606, 33.50231299972288], [-112.06379000032032, 33.50230000032014], [-112.06370599975641, 33.50229400024941], [-112.06345600040947, 33.50226999996227], [-112.06337199984556, 33.50226699992593], [-112.06316400033141, 33.50224899970563], [-112.06308099959244, 33.50223500028075], [-112.06287200025336, 33.502217000053754], [-112.06284100029124, 33.502215000028315], [-112.06278799968948, 33.502214000015556], [-112.06257900035041, 33.502193999758326], [-112.06249700033464, 33.502181000337636], [-112.06232900010517, 33.502173000232276], [-112.06228700027236, 33.50216400011281], [-112.06216199970058, 33.502151999952034], [-112.062078000035, 33.50214899991159], [-112.06186899979762, 33.50212799962559], [-112.06178599995695, 33.502117000222796], [-112.0617690002385, 33.50211600020889], [-112.06157599989466, 33.5020989999713], [-112.06149200022907, 33.50209599992902], [-112.06140900038841, 33.50207999970176], [-112.05933899990278, 33.50146499996084], [-112.0589809997025, 33.50135399976135], [-112.05849000033113, 33.50120199992534], [-112.05841699963788, 33.50116799983683], [-112.05831299988081, 33.50110899984977], [-112.0582409999108, 33.50107499972467], [-112.05800499990924, 33.5009310003688], [-112.05796800009931, 33.50091399989841], [-112.05786400034224, 33.500854999738216], [-112.05779900004491, 33.500809999944515], [-112.0573830001183, 33.50056900011842], [-112.05721800026187, 33.500459000301205], [-112.05714700011676, 33.50041999975359], [-112.05688000015306, 33.50024799981783], [-112.05674999955839, 33.5001599996489], [-112.05668000013651, 33.50012099971568], [-112.0566159996641, 33.50007600028947], [-112.0565799996791, 33.50005800036259], [-112.05651600010498, 33.500013000154574], [-112.05630199984473, 33.49987800013922], [-112.05624800031637, 33.499844000279715], [-112.05617600034637, 33.499806000244654], [-112.05590699983453, 33.499640000093166], [-112.05577499959006, 33.49955300009873], [-112.05570799964292, 33.49951800006765], [-112.05567800040399, 33.49949099962744], [-112.05560700025887, 33.49945400023115], [-112.0554390000294, 33.49935200011301], [-112.05540700024234, 33.499327999759274], [-112.05520600040089, 33.49920099980555], [-112.05513500025577, 33.499164000285354], [-112.05486699956886, 33.49899799965182], [-112.05473600004761, 33.49891099976128], [-112.0546649999025, 33.498875000168475], [-112.05439899976372, 33.498707000372455], [-112.05436699997666, 33.49868299983996], [-112.05432500014386, 33.498654999834486], [-112.0542709997172, 33.498621000243745], [-112.05423499973219, 33.49859899979636], [-112.05417100015808, 33.49855400032815], [-112.05410099983789, 33.49851599972682], [-112.0537080003758, 33.49825699995478], [-112.05363999970542, 33.498217999913344], [-112.0535100000091, 33.49812899986814], [-112.0533769999397, 33.49804600009704], [-112.05325599956586, 33.4979650003701], [-112.0531800002962, 33.49791500026037], [-112.05276199982146, 33.497624999653645], [-112.05253300039092, 33.49746700035562], [-112.05240899964404, 33.49737400001296], [-112.05233900022216, 33.497324000310975], [-112.0521519997261, 33.49719400020161], [-112.05211800028923, 33.49717400028272], [-112.05205499964173, 33.49712699993073], [-112.05198799969457, 33.49708700005732], [-112.0519540002577, 33.49706099968026], [-112.05186200019618, 33.49699299998246], [-112.05150800019386, 33.49674699963826], [-112.05144100024673, 33.49670600026202], [-112.05131499985, 33.49661299985096], [-112.05105799993206, 33.496432999955644], [-112.05099000016, 33.49639199968163], [-112.05073599971678, 33.496208999829655], [-112.0506110000433, 33.496113000133306], [-112.05033900005675, 33.495885999670975], [-112.04951999972401, 33.49515800003422], [-112.04904000022331, 33.4947289997363], [-112.04901599993387, 33.4947289997363], [-112.04894499978874, 33.49472799963705], [-112.04847399961055, 33.49472299988989], [-112.04761800036621, 33.49472199979064], [-112.04760999997029, 33.49619500017705], [-112.04760599977233, 33.49651200020964], [-112.04759400007676, 33.49770499963387], [-112.04759200042695, 33.49827200008133], [-112.04759200042695, 33.49835000009805], [-112.04758700040406, 33.49923199977607], [-112.04757800018324, 33.50013700030505], [-112.04757099961223, 33.50104399966511], [-112.04756499976445, 33.50194899997703], [-112.04755100041906, 33.50376899987823], [-112.04753899982518, 33.50561699972057], [-112.0475270001296, 33.507393000226514], [-112.04751600025895, 33.509213000248316], [-112.04968600030368, 33.509209999703614], [-112.05077000005198, 33.509210999635535], [-112.05355299966679, 33.50921400018016], [-112.05406300020306, 33.50921400018016], [-112.05625099979112, 33.509210999635535], [-112.05845099997306, 33.509216999975756], [-112.05953999974423, 33.50921899983938], [-112.06063000023863, 33.509223000315515], [-112.06280899960586, 33.509223000315515], [-112.06395400035186, 33.50922799997423], [-112.06500999961273, 33.50923400031327], [-112.06501499963561, 33.5076680003224], [-112.06501600035881, 33.507406000362415], [-112.06501700018374, 33.506972000301644], [-112.06501999965846, 33.506045999992885], [-112.06502100038169, 33.50562600023003], [-112.06502100038169, 33.50558399984199], [-112.06502300003153, 33.505089000153774], [-112.06502700022948, 33.50378499979328], [-112.0650289998793, 33.502869999899886], [-112.06502999970422, 33.50252599968532]]]}, "properties": {"geoid": "04013108602", "name": "1086.02", "value": 5.160655386231312, "coverage": 1.0000000000010136, "n_tiles": 209, "vmin": 4.8683, "vmax": 5.79, "metric": "recovery_gap_hours", "ok": true, "relief_hours": 0.839, "no_relief": false, "window_hours": 6.0, "population": 6667.0, "over_65": 863.0, "svi": 0.7494, "pct_over_65": 12.9, "pct_poverty": 30.7, "pct_mobile_homes": 0.0, "pct_no_vehicle": 2.3, "quadrant": "low_priority"}}, {"type": "Feature", "geometry": {"type": "Polygon", "coordinates": [[[-112.08248399977333, 33.50916199996235], [-112.08248499959825, 33.508431999741966], [-112.08247700010064, 33.50753400021323], [-112.08247000042796, 33.50661399969727], [-112.08246200003202, 33.50571000019585], [-112.08245500035933, 33.50479799962854], [-112.08244699996341, 33.50387799998998], [-112.08244399959037, 33.50353500003373], [-112.08244000029072, 33.50306899995077], [-112.08244000029072, 33.5030229998065], [-112.08244000029072, 33.50296700034695], [-112.08224299974891, 33.50302199980308], [-112.07802800023124, 33.50354899999741], [-112.0777439996508, 33.50358299989975], [-112.07749699977859, 33.50363899970982], [-112.07725199955621, 33.50369800021955], [-112.0771729999135, 33.503724000101315], [-112.07660499965094, 33.503866000066886], [-112.0763200001439, 33.50393200037244], [-112.07628099978582, 33.50394500027916], [-112.07611799957921, 33.503984999979856], [-112.07561600033718, 33.504074999987964], [-112.07527400003042, 33.50410599971105], [-112.07523200019763, 33.50411499962858], [-112.0751889996416, 33.50411499962858], [-112.07498000030257, 33.504096999792594], [-112.07493799957145, 33.504088999864244], [-112.07485499973077, 33.50408399990871], [-112.07481399972289, 33.504074999987964], [-112.07456400037593, 33.50404700022853], [-112.07447999981206, 33.504044000253764], [-112.0742720002979, 33.50402399967027], [-112.0741889995589, 33.504009999783406], [-112.07406399988544, 33.50399899987076], [-112.07402100022772, 33.50399899987076], [-112.07393800038706, 33.50398699996444], [-112.07376299958656, 33.50397000009426], [-112.07356199974511, 33.50395100023544], [-112.07347899990442, 33.50393900032247], [-112.07314300034376, 33.50391499974239], [-112.07310099961265, 33.50391499974239], [-112.0729340001064, 33.50390399981768], [-112.07285000044081, 33.50390099983797], [-112.07276699970181, 33.50388999991141], [-112.07264100020342, 33.50388299995742], [-112.07259900037063, 33.503883999950894], [-112.07251599963163, 33.50387699999642], [-112.07226499956148, 33.503863000085786], [-112.07218199972081, 33.50385000016676], [-112.0721390000631, 33.50385500013588], [-112.07209800005522, 33.50384700018516], [-112.07205600022242, 33.50384400020347], [-112.07201400038963, 33.50384600019132], [-112.07184799980996, 33.50382900029345], [-112.07176300031945, 33.50382800029934], [-112.07163799974768, 33.50381800035774], [-112.07155400008209, 33.50381600036931], [-112.07147200006634, 33.50380399968854], [-112.07126299982896, 33.5037899997661], [-112.07122099999616, 33.503790999760646], [-112.07096999992599, 33.50377699983615], [-112.0708440004276, 33.50376299990934], [-112.07068000039608, 33.5037320000634], [-112.07059599983218, 33.50372600009189], [-112.07051399981641, 33.50370900017051], [-112.07033800008932, 33.50368400028], [-112.07029799990634, 33.503672000329956], [-112.07021400024077, 33.50366400036239], [-112.06996700036855, 33.503621999771305], [-112.06988399962957, 33.50361099980935], [-112.06984299962167, 33.50360099984269], [-112.06971899977312, 33.50357999990891], [-112.06963599993244, 33.50357199993284], [-112.06955399991669, 33.50355499998115], [-112.06951200008389, 33.50355099999204], [-112.06942800041831, 33.50353700002872], [-112.06930500039464, 33.503517000077125], [-112.06922300037888, 33.50350000011465], [-112.06889199994278, 33.503445000213176], [-112.06880800027719, 33.503439000221825], [-112.06872600026142, 33.50342200024402], [-112.06837599955874, 33.50336900029185], [-112.0683520001676, 33.50336500029414], [-112.06831100015972, 33.50335500029905], [-112.06806299956429, 33.503313000307095], [-112.0679789998987, 33.50330400030618], [-112.0676059996298, 33.5032420002744], [-112.06752299978912, 33.5032310002641], [-112.06748199978125, 33.503222000254645], [-112.06735799993268, 33.50320000022761], [-112.06734600023714, 33.50320000022761], [-112.0672740002671, 33.50319200021635], [-112.06715100024346, 33.50316100016591], [-112.06629900029876, 33.5029150001208], [-112.06628500005505, 33.50291000009744], [-112.0661000001071, 33.50284699977798], [-112.06515199990295, 33.50250800026797], [-112.06502999970422, 33.50246799988464], [-112.06502999970422, 33.50252599968532], [-112.0650289998793, 33.502869999899886], [-112.06502700022948, 33.50378499979328], [-112.06502300003153, 33.505089000153774], [-112.06502100038169, 33.50558399984199], [-112.06502100038169, 33.50562600023003], [-112.06501999965846, 33.506045999992885], [-112.06501700018374, 33.506972000301644], [-112.06501600035881, 33.507406000362415], [-112.06501499963561, 33.5076680003224], [-112.06500999961273, 33.50923400031327], [-112.06562300008115, 33.50923700010813], [-112.06650199979003, 33.50924199976597], [-112.06719300007624, 33.509245000309576], [-112.06938599968717, 33.50925600030448], [-112.07049700009797, 33.50926199989262], [-112.07255900018767, 33.509271000023], [-112.07374300039339, 33.50928699966983], [-112.07441899971269, 33.50929100014288], [-112.07814100020916, 33.509313000119654], [-112.08248399977333, 33.50934099967338], [-112.08248399977333, 33.50916199996235]]]}, "properties": {"geoid": "04013108802", "name": "1088.02", "value": 5.002557760221692, "coverage": 1.0000000000015727, "n_tiles": 126, "vmin": 4.7035, "vmax": 5.1004, "metric": "recovery_gap_hours", "ok": true, "relief_hours": 0.997, "no_relief": false, "window_hours": 6.0, "population": 2118.0, "over_65": 174.0, "svi": 0.5906, "pct_over_65": 8.2, "pct_poverty": 20.0, "pct_mobile_homes": 0.0, "pct_no_vehicle": 14.2, "quadrant": "low_priority"}}, {"type": "Feature", "geometry": {"type": "Polygon", "coordinates": [[[-112.09989699983457, 33.497835999788364], [-112.09989799965946, 33.49505000027469], [-112.0991110000121, 33.495043000355], [-112.09859999965093, 33.49503799987688], [-112.09797500038528, 33.49503200005195], [-112.09777399964551, 33.49502999986052], [-112.09567999976876, 33.49501000019082], [-112.0934999996783, 33.49499099986361], [-112.0925139998393, 33.49498199974655], [-112.09131200009023, 33.4949710001849], [-112.09074499965257, 33.49496500035532], [-112.0891200003042, 33.49495099975246], [-112.08694000021374, 33.49493100006457], [-112.08345500044204, 33.4948979998577], [-112.08351999984104, 33.496708999742026], [-112.08353200043493, 33.49707199972551], [-112.0835220003892, 33.49731400036712], [-112.08350099957448, 33.49751800004206], [-112.08349300007687, 33.49756899969837], [-112.08345000041918, 33.497798999684775], [-112.08339199979454, 33.498025000313824], [-112.08331700034978, 33.498250000294384], [-112.083227999763, 33.498468000047374], [-112.08316099981585, 33.4986099996462], [-112.08279799959269, 33.49932699971316], [-112.08277000000359, 33.49938800025656], [-112.0826710002694, 33.49963199975289], [-112.08260900034512, 33.49983099975706], [-112.08254900007067, 33.50007200013956], [-112.08251200026075, 33.50025600010117], [-112.08247299990268, 33.50053899990977], [-112.08245199998629, 33.50081900020476], [-112.08244899961325, 33.5010080002102], [-112.08244399959037, 33.502087999815735], [-112.08244000029072, 33.50278200014937], [-112.08244000029072, 33.50284499976705], [-112.08244000029072, 33.502906000078504], [-112.08244000029072, 33.50296700034695], [-112.08248299994843, 33.502955000297554], [-112.08252200030647, 33.50294100023778], [-112.08260299959902, 33.50292100014854], [-112.0826799995919, 33.50289300001573], [-112.08292099961633, 33.50282599966127], [-112.08299900033246, 33.50280000025882], [-112.08304100016525, 33.50279200021066], [-112.08316099981585, 33.5027600000105], [-112.08323799980873, 33.50273199982559], [-112.08331899999959, 33.50271199968806], [-112.08335800035765, 33.50269800033806], [-112.08395800040728, 33.50252999972181], [-112.08403500040019, 33.5025020002116], [-112.08411599969273, 33.50248200002092], [-112.08447399989299, 33.50237799970369], [-112.08455599990877, 33.50235900024449], [-112.08475500010039, 33.50230000032014], [-112.08513500004199, 33.50214699988459], [-112.08517400040006, 33.502132999694126], [-112.08524899984482, 33.50210099999941], [-112.08532800038584, 33.50207599964447], [-112.08544200018866, 33.50202899970666], [-112.08547800017368, 33.502011000185966], [-112.08563299998437, 33.501955000071675], [-112.08570800032743, 33.501922000295025], [-112.08601399975088, 33.50180599984534], [-112.08609400011682, 33.50178300018975], [-112.08613000010183, 33.50176399985084], [-112.08617100010973, 33.50175399967078], [-112.08624499972954, 33.50172199983596], [-112.08647700043147, 33.50163999978381], [-112.08651699971614, 33.50163000033853], [-112.08666800022716, 33.50156799985669], [-112.08674699986989, 33.50154500013786], [-112.08678299985489, 33.501525999746704], [-112.08682399986277, 33.501517000309015], [-112.08689900020585, 33.50148499963748], [-112.08697700002365, 33.50145799981073], [-112.08720700017743, 33.501373000190256], [-112.08732699982804, 33.50133700012314], [-112.08748800038482, 33.50129599992445], [-112.08756500037771, 33.50126900003875], [-112.08765499989109, 33.5012470002644], [-112.08789400026568, 33.50117900010926], [-112.08797499955821, 33.50115900036192], [-112.08805199955113, 33.50113099965918], [-112.08829299957554, 33.50106400018806], [-112.08837200011658, 33.50104000030904], [-112.08877899982234, 33.50094299994971], [-112.08885699964014, 33.50091499992619], [-112.08890000019618, 33.50091399989841], [-112.08898100038702, 33.500894000089836], [-112.0895219999871, 33.50079700031599], [-112.09078400001061, 33.500599000316726], [-112.09104000010366, 33.50055899980036], [-112.09113100034025, 33.50054800019819], [-112.09130000039467, 33.50052900033724], [-112.0918939996982, 33.50048300034131], [-112.09197900008701, 33.50048100027581], [-112.09206199992767, 33.500491999886506], [-112.09218800032438, 33.50049800008214], [-112.09223099998209, 33.50049800008214], [-112.09239900021157, 33.50051499988514], [-112.09248399970208, 33.500520000046855], [-112.09282000016107, 33.50055399964085], [-112.09290300000173, 33.50056600002311], [-112.09315499989681, 33.50059100006513], [-112.09319799955452, 33.50059100006513], [-112.09336499995908, 33.50061400003745], [-112.09344899962467, 33.500618000162305], [-112.0935349998384, 33.50062499963124], [-112.09378500008366, 33.50064999965617], [-112.09386799992434, 33.500664000086495], [-112.0940770001617, 33.500686000009004], [-112.0941609998273, 33.50068900010015], [-112.09441199989746, 33.50071500013667], [-112.09445299990534, 33.50072399965776], [-112.09457900030203, 33.50073600001645], [-112.09483299984694, 33.500742000195174], [-112.09487600040295, 33.500740000135664], [-112.09525600034458, 33.500748999654085], [-112.09546800005666, 33.500751999743045], [-112.09555300044546, 33.50075899995025], [-112.09567700029403, 33.50076200003887], [-112.09588999983106, 33.50076700018631], [-112.09605899988546, 33.50076700018631], [-112.09614299955106, 33.50077399964325], [-112.09626999977264, 33.50077399964325], [-112.0964840000329, 33.500753999802335], [-112.09652699969061, 33.500753999802335], [-112.0965690004217, 33.500743000224944], [-112.09672400023241, 33.5006910001609], [-112.09680500042326, 33.500670000270205], [-112.09688300024108, 33.50064200015832], [-112.09712000006753, 33.500571000181935], [-112.0971960002355, 33.50054200000602], [-112.097392999879, 33.50048100027581], [-112.09747400006985, 33.50046100036721], [-112.0977090002465, 33.500385000073074], [-112.09774600005643, 33.500368000244556], [-112.09810000005875, 33.50025900020723], [-112.09817799987657, 33.50023300003373], [-112.09821899988444, 33.50022499974827], [-112.09825800024251, 33.50021300006782], [-112.09829500005243, 33.50019600020553], [-112.09837500041837, 33.50017400015848], [-112.09853000022906, 33.500119999678724], [-112.09857100023693, 33.500112000131914], [-112.09868699968959, 33.50006699995198], [-112.09887400018566, 33.49998499983024], [-112.0990199997755, 33.499908999867245], [-112.09919800005075, 33.499810999698276], [-112.09934100016588, 33.499733000248845], [-112.09989600000966, 33.4994639999278], [-112.09989600000966, 33.49939799996083], [-112.09989600000966, 33.49927000006304], [-112.09989699983457, 33.4982460000601], [-112.09989699983457, 33.497835999788364]]]}, "properties": {"geoid": "04013108901", "name": "1089.01", "value": 4.985093313152199, "coverage": 1.0000000000003368, "n_tiles": 125, "vmin": 4.9575, "vmax": 5.0651, "metric": "recovery_gap_hours", "ok": true, "relief_hours": 1.015, "no_relief": false, "window_hours": 6.0, "population": 2364.0, "over_65": 242.0, "svi": 0.4659, "pct_over_65": 10.2, "pct_poverty": 20.7, "pct_mobile_homes": 0.0, "pct_no_vehicle": 12.5, "quadrant": "low_priority"}}, {"type": "Feature", "geometry": {"type": "Polygon", "coordinates": [[[-112.10824499975244, 33.56108500019366], [-112.10824599957736, 33.56034600032175], [-112.10573800032213, 33.56033600017786], [-112.10560699990258, 33.56033700026714], [-112.10469600040665, 33.56034500023258], [-112.1041020002048, 33.56034400014334], [-112.10366799983655, 33.56034400014334], [-112.10327000035159, 33.56034600032175], [-112.10251299994314, 33.560348999840734], [-112.10206000020659, 33.56035100001904], [-112.10155499969322, 33.56035300019728], [-112.10138300016409, 33.5603549996269], [-112.10088900041968, 33.5603549996269], [-112.10059300014365, 33.56035599971596], [-112.10040999984554, 33.56036900012445], [-112.10005599984322, 33.560415999799794], [-112.09990400040559, 33.56042800011093], [-112.09987000007038, 33.56042800011093], [-112.09965699963506, 33.56043099962706], [-112.09965400016033, 33.561230999866005], [-112.09965199961218, 33.56190300014872], [-112.09965199961218, 33.562015999882064], [-112.09965099978729, 33.56226399963314], [-112.09965099978729, 33.56236699973391], [-112.09964900013745, 33.563008999911354], [-112.09964699958931, 33.56356000036541], [-112.0996459997644, 33.56385899966878], [-112.0996459997644, 33.563904000342994], [-112.0996459997644, 33.56396000001819], [-112.0996449999395, 33.56439600009665], [-112.09964300028967, 33.565060000176146], [-112.09961599962716, 33.567608999856375], [-112.09985500000178, 33.567606999846184], [-112.10041599969334, 33.567601999820525], [-112.10183099987775, 33.5675919997683], [-112.10283099996046, 33.56758399972573], [-112.10379500005813, 33.567574999676914], [-112.10485700006512, 33.567566999632724], [-112.10504100018815, 33.567565999627114], [-112.10570499981186, 33.56756100034761], [-112.10824300010263, 33.56754200023838], [-112.10824200027771, 33.56598500028273], [-112.10824200027771, 33.56568500007957], [-112.10824200027771, 33.56448099990708], [-112.10824200027771, 33.56392099966007], [-112.10824300010263, 33.563211000234695], [-112.10824399992754, 33.562500000147466], [-112.10824399992754, 33.56179100033997], [-112.10824499975244, 33.56108500019366]]]}, "properties": {"geoid": "04013105502", "name": "1055.02", "value": 2.9028713803785946, "coverage": 1.0000000000009146, "n_tiles": 81, "vmin": 2.8432, "vmax": 3.0682, "metric": "recovery_gap_hours", "ok": true, "relief_hours": 3.097, "no_relief": false, "window_hours": 6.0, "population": 1865.0, "over_65": 111.0, "svi": 0.9244, "pct_over_65": 6.0, "pct_poverty": 41.4, "pct_mobile_homes": 0.0, "pct_no_vehicle": 20.5, "quadrant": "over_targeted"}}, {"type": "Feature", "geometry": {"type": "Polygon", "coordinates": [[[-112.11719199989503, 33.56758299972032], [-112.11718100002439, 33.56744600037115], [-112.11717299962847, 33.567326000199834], [-112.11712499994788, 33.566818999712424], [-112.11704700013007, 33.566226999736976], [-112.11695199969552, 33.56578399973789], [-112.11691700043373, 33.56563700024972], [-112.11695800044161, 33.564918999673154], [-112.11697299961192, 33.56466699990483], [-112.11699500025153, 33.564296000300686], [-112.11698799968053, 33.564164999748975], [-112.11698100000784, 33.563644000199155], [-112.11696599993921, 33.5632490001093], [-112.11692800030438, 33.56219300008807], [-112.11693800035013, 33.56033299990985], [-112.11694699967265, 33.55854800014644], [-112.11694800039587, 33.55842700022472], [-112.11694800039587, 33.558413000160954], [-112.11695599989349, 33.55673900002909], [-112.11695599989349, 33.55670100028452], [-112.11696000009144, 33.55588600014318], [-112.11697299961192, 33.55309499992293], [-112.11481099996311, 33.55312200010188], [-112.11285699982845, 33.55313699969859], [-112.11267500025357, 33.55313699969859], [-112.11249299978039, 33.55313900004389], [-112.11229199993893, 33.55313900004389], [-112.11190699997447, 33.55313699969859], [-112.11001499976409, 33.55312499987172], [-112.10831300042281, 33.55311599981329], [-112.10832299957025, 33.554070000038465], [-112.1083050000269, 33.554259999889354], [-112.10826700039208, 33.554433999796004], [-112.1082060002927, 33.554611999974576], [-112.10811900025405, 33.55481700018423], [-112.10806099962943, 33.55498400015615], [-112.1080299996673, 33.555130999810416], [-112.10801600032188, 33.5552619998416], [-112.10801399977376, 33.555422000175895], [-112.1080299996673, 33.555550000080196], [-112.10806200035266, 33.55567600025699], [-112.10811000003324, 33.5557979996826], [-112.10854600005133, 33.556593999633435], [-112.10861999967118, 33.5567070003241], [-112.10874600006785, 33.55694300030263], [-112.108813000015, 33.55709299999825], [-112.10885400002289, 33.55722799980101], [-112.10887099974133, 33.55732200029878], [-112.10888099978708, 33.55742699980204], [-112.10887599976421, 33.557589000111406], [-112.10884999982494, 33.55775200023616], [-112.10880299996928, 33.55791100033244], [-112.10873699984703, 33.55806599967374], [-112.10868199959545, 33.55816399971747], [-112.1085379996554, 33.55838199969092], [-112.10844899996694, 33.558510999810935], [-112.10837299979895, 33.55865100018746], [-112.10831699972246, 33.55879299980289], [-112.10827700043781, 33.55894600034496], [-112.10825800017123, 33.55906999985153], [-112.10825300014835, 33.55958899985094], [-112.10824599957736, 33.56034600032175], [-112.10824499975244, 33.56108500019366], [-112.10824399992754, 33.56179100033997], [-112.10824399992754, 33.562500000147466], [-112.10824300010263, 33.563211000234695], [-112.10824200027771, 33.56392099966007], [-112.10824200027771, 33.56448099990708], [-112.10824200027771, 33.56568500007957], [-112.10824200027771, 33.56598500028273], [-112.10824300010263, 33.56754200023838], [-112.1082830002856, 33.56754200023838], [-112.10959200016478, 33.567549000279094], [-112.11022300017655, 33.567541000232545], [-112.11181400008805, 33.56756999964936], [-112.11251600024491, 33.567575999682354], [-112.11347799979447, 33.56758499973107], [-112.11565799988495, 33.56756100034761], [-112.11605000042043, 33.567566999632724], [-112.11676199972472, 33.567575999682354], [-112.11684700011354, 33.56757799969328], [-112.11719199989503, 33.56758299972032]]]}, "properties": {"geoid": "04013105501", "name": "1055.01", "value": 3.304666131209337, "coverage": 1.0000000000008853, "n_tiles": 153, "vmin": 2.8828, "vmax": 4.1406, "metric": "recovery_gap_hours", "ok": true, "relief_hours": 2.695, "no_relief": false, "window_hours": 6.0, "population": 2303.0, "over_65": 100.0, "svi": 0.7223, "pct_over_65": 4.3, "pct_poverty": 28.9, "pct_mobile_homes": 0.0, "pct_no_vehicle": 10.5, "quadrant": "low_priority"}}, {"type": "Feature", "geometry": {"type": "Polygon", "coordinates": [[[-112.09112899979213, 33.53561399999148], [-112.09113100034025, 33.53488100020077], [-112.09112600031737, 33.534182000043565], [-112.09112499959417, 33.53396599970358], [-112.09111799992147, 33.53306699974702], [-112.09112499959417, 33.53124999964122], [-112.0904640003435, 33.53123900019644], [-112.08947799960616, 33.53122399979405], [-112.0894519996669, 33.53122399979405], [-112.08841099957633, 33.53120499992963], [-112.08739899979804, 33.53118300027844], [-112.08705200036673, 33.531176999964124], [-112.08699399974209, 33.53117600028615], [-112.0868459996041, 33.53117400018128], [-112.08623800005688, 33.531165000083135], [-112.08494599989609, 33.53114899998961], [-112.08487300010117, 33.531148000311255], [-112.08392200042226, 33.5311289996813], [-112.08385299992698, 33.53112800000278], [-112.08241699982618, 33.531107000010785], [-112.0824329997197, 33.53341600034634], [-112.0824329997197, 33.533850000282825], [-112.08243400044294, 33.5342720000884], [-112.0824329997197, 33.534729000109685], [-112.08243199989481, 33.53552500022275], [-112.08243500026785, 33.53642499969477], [-112.08243699991766, 33.53692399973463], [-112.08243500026785, 33.537367999839226], [-112.0824329997197, 33.53835500034082], [-112.08416000007365, 33.53838599976061], [-112.08452199957357, 33.53839099997998], [-112.08465999966586, 33.53839299991788], [-112.08566499977142, 33.538405999887566], [-112.086233000034, 33.53841399963758], [-112.08650400019563, 33.53841699991798], [-112.08732199980516, 33.53843399975806], [-112.08740700019398, 33.53843500010088], [-112.0874299997602, 33.53843500010088], [-112.08840599955344, 33.53845700015298], [-112.08889900037126, 33.538462999961986], [-112.08921599966536, 33.53846800017691], [-112.08944699964403, 33.538470999706725], [-112.08951299976628, 33.53847200004912], [-112.09003199962505, 33.538479999793026], [-112.09051100019916, 33.53849000022058], [-112.09112499959417, 33.538499999898235], [-112.09112600031737, 33.537901999919015], [-112.09112700014232, 33.53709200020432], [-112.09112799996721, 33.53634999990946], [-112.09112899979213, 33.53561399999148]]]}, "properties": {"geoid": "04013106702", "name": "1067.02", "value": 3.7358329702957236, "coverage": 1.0000000000007185, "n_tiles": 81, "vmin": 2.9161, "vmax": 4.6917, "metric": "recovery_gap_hours", "ok": true, "relief_hours": 2.264, "no_relief": false, "window_hours": 6.0, "population": 1290.0, "over_65": 331.0, "svi": 0.5982, "pct_over_65": 25.7, "pct_poverty": 14.9, "pct_mobile_homes": 5.5, "pct_no_vehicle": 13.1, "quadrant": "low_priority"}}, {"type": "Feature", "geometry": {"type": "Polygon", "coordinates": [[[-112.1174859996229, 33.453234999852675], [-112.11748700034615, 33.452941000235015], [-112.11739500028463, 33.452960999873476], [-112.11731400009377, 33.45296800019556], [-112.11601600008522, 33.45299900022321], [-112.11526500042288, 33.45300300029847], [-112.11529999968465, 33.45206999966235], [-112.11531499975327, 33.45145900024848], [-112.11533499984475, 33.45111300000966], [-112.11462500019027, 33.451127000202085], [-112.11315399992937, 33.45115399997794], [-112.11163300033807, 33.45118599975688], [-112.11099099955734, 33.45119400007449], [-112.10961899992897, 33.451209000105955], [-112.10935799981306, 33.45120300024359], [-112.10877399965696, 33.451208000253885], [-112.10856600014282, 33.45120999995806], [-112.10826499984393, 33.451208000253885], [-112.10807599969804, 33.451204999947926], [-112.10777500029748, 33.45120199964193], [-112.10751099980853, 33.45119699963129], [-112.10661399965797, 33.451219999977496], [-112.10626600040175, 33.451219000125505], [-112.10532999989313, 33.45122800029201], [-112.104453999659, 33.45123099984765], [-112.10334599962127, 33.451236999708065], [-112.10232999964504, 33.45124400016931], [-112.10143599986753, 33.45124400016931], [-112.10027599995124, 33.45125099988048], [-112.10006599988898, 33.45125400018483], [-112.10006500006405, 33.4521789996303], [-112.10003800029989, 33.45313600026097], [-112.10003099972887, 33.453767000053396], [-112.10002300023126, 33.45408500002371], [-112.10002400005618, 33.45424100012014], [-112.10008799963028, 33.45473499982323], [-112.10010299969889, 33.45493999990241], [-112.100101999874, 33.45513599973696], [-112.10007599993472, 33.45590700027043], [-112.10006300041424, 33.456882000139814], [-112.10006199969101, 33.45857900004156], [-112.10003699957664, 33.4594799998881], [-112.10001700038349, 33.46039900004286], [-112.10000099959163, 33.46102700022458], [-112.0999910004442, 33.46150500000609], [-112.099989999721, 33.4615990003742], [-112.09998700024626, 33.461801999753085], [-112.09998499969812, 33.461926999632546], [-112.09998300004828, 33.46204400001595], [-112.09998200022339, 33.46210299963695], [-112.09997999967524, 33.46223700035447], [-112.09997200017763, 33.462780999652466], [-112.09997399982747, 33.46308799967394], [-112.09997700020051, 33.46399000032579], [-112.09997100035274, 33.464456000117636], [-112.09993199999468, 33.465876999654895], [-112.09993100016976, 33.46595800016601], [-112.09992299977384, 33.46702499979593], [-112.09994700006327, 33.46844100016464], [-112.09995499956091, 33.46927900015902], [-112.09993899966736, 33.469883999817455], [-112.09995100026126, 33.47011500027595], [-112.0999489997131, 33.47096200018607], [-112.09995999958376, 33.473204999985676], [-112.09996399978172, 33.474986000096976], [-112.09996399978172, 33.475076999852575], [-112.09996899980459, 33.47553700029987], [-112.09995600028411, 33.47646399978584], [-112.09995600028411, 33.47692300005755], [-112.09995799993393, 33.478523999765564], [-112.09995700010903, 33.47952899999744], [-112.09996899980459, 33.480613999845275], [-112.1001389996839, 33.480619999919924], [-112.10134100033129, 33.480627999769034], [-112.1037630002711, 33.48065899964563], [-112.10430999971895, 33.48066299994305], [-112.10478000007222, 33.4806690000143], [-112.10580500026929, 33.480676999858886], [-112.10633499999871, 33.48068299992917], [-112.10804399991099, 33.48070499968376], [-112.1083600002785, 33.480699000364254], [-112.10841399980684, 33.48069699984177], [-112.10846099966253, 33.48069600032975], [-112.11056399976009, 33.480641000177854], [-112.11065599982159, 33.48063800014128], [-112.11138700029079, 33.48061800014483], [-112.11261199960607, 33.48058400021517], [-112.11300699961627, 33.48057600036201], [-112.11321099983078, 33.48057300032318], [-112.11360900021404, 33.48056700024533], [-112.11368700003185, 33.48056599998254], [-112.1152329997375, 33.480488999944264], [-112.11596300038178, 33.4804650003562], [-112.11609300007812, 33.48046100004957], [-112.11613699956074, 33.48045900027087], [-112.11680600010564, 33.48044100001227], [-112.11696000009144, 33.480437999968814], [-112.1171330003438, 33.480433999660946], [-112.11711499990214, 33.48039300005366], [-112.11706700022157, 33.480323000222455], [-112.11705100032803, 33.48029099995971], [-112.11703200006146, 33.48020700005657], [-112.11702600021367, 33.48011699996295], [-112.11703100023655, 33.480057000348125], [-112.1170339997113, 33.4800219999292], [-112.1170410002823, 33.47943599987054], [-112.11704799995499, 33.478878000009765], [-112.11708099956695, 33.47681899976176], [-112.11710200038166, 33.47331800024481], [-112.11710200038166, 33.473290000280564], [-112.11710800022945, 33.4717070003513], [-112.1171130002523, 33.470468999657214], [-112.11711699955194, 33.469551999883755], [-112.1171330003438, 33.46699900013598], [-112.11712999997073, 33.46605900021625], [-112.1171330003438, 33.46593900021023], [-112.11718500022234, 33.46395500016148], [-112.11719600009299, 33.46357100012853], [-112.11720699996364, 33.46336100016381], [-112.1172189996592, 33.46312999968998], [-112.11724100029882, 33.46246999965484], [-112.1172460003217, 33.46217599987458], [-112.11724700014662, 33.462115999827496], [-112.11725399981933, 33.46173999998585], [-112.11726300004014, 33.46127200036031], [-112.11726700023812, 33.46113399994998], [-112.11730400004802, 33.45972499989904], [-112.11732400013952, 33.45871300021053], [-112.11733199963713, 33.45829199969877], [-112.11735199972861, 33.457704000032514], [-112.11738500023887, 33.45670100033557], [-112.11741700002592, 33.45570799978007], [-112.11744399979011, 33.454723999648046], [-112.11746899990447, 33.453814999770145], [-112.1174859996229, 33.453234999852675]]]}, "properties": {"geoid": "04013116800", "name": "1168", "value": 5.0029260507563444, "coverage": 1.000000000000782, "n_tiles": 582, "vmin": 4.9434, "vmax": 5.1084, "metric": "recovery_gap_hours", "ok": true, "relief_hours": 0.997, "no_relief": false, "window_hours": 6.0, "population": 2659.0, "over_65": 227.0, "svi": 0.8227, "pct_over_65": 8.5, "pct_poverty": 43.3, "pct_mobile_homes": 27.5, "pct_no_vehicle": 12.7, "quadrant": "over_targeted"}}, {"type": "Feature", "geometry": {"type": "Polygon", "coordinates": [[[-112.13434999968814, 33.48233999993246], [-112.13436200028201, 33.48046899991341], [-112.13265900021753, 33.480482999860534], [-112.13226800040528, 33.480485999902484], [-112.13001999964443, 33.48050499966591], [-112.12917000024788, 33.48049699980545], [-112.12834800044041, 33.48045399969989], [-112.1277280002993, 33.480437999968814], [-112.1275380003285, 33.480437999968814], [-112.12568100027822, 33.480434999925215], [-112.12396099959696, 33.480433999660946], [-112.12184400015401, 33.48043100036648], [-112.12136799995294, 33.480430000102174], [-112.12031799964153, 33.480430000102174], [-112.11867800022455, 33.48043100036648], [-112.11778899957162, 33.480437999968814], [-112.11747999977513, 33.480434999925215], [-112.11719699991788, 33.48043199988156], [-112.1171330003438, 33.480433999660946], [-112.11696000009144, 33.480437999968814], [-112.11680600010564, 33.48044100001227], [-112.11613699956074, 33.48045900027087], [-112.11609300007812, 33.48046100004957], [-112.11596300038178, 33.4804650003562], [-112.1152329997375, 33.480488999944264], [-112.11368700003185, 33.48056599998254], [-112.11360900021404, 33.48056700024533], [-112.11321099983078, 33.48057300032318], [-112.11300699961627, 33.48057600036201], [-112.11297800020228, 33.484819000180075], [-112.11295499973775, 33.48774400036935], [-112.11295499973775, 33.48780200029483], [-112.11294600041523, 33.48892599965401], [-112.11293800001931, 33.4900519997149], [-112.11293800001931, 33.4900940001472], [-112.11293800001931, 33.49014300012633], [-112.11292899979848, 33.49131700002041], [-112.11290399968412, 33.49501499992141], [-112.11299800029376, 33.49501299972952], [-112.1130920000051, 33.49501299972952], [-112.11343500013676, 33.49501299972952], [-112.11517199963814, 33.49500400036395], [-112.11555199957972, 33.4949800003031], [-112.11706600039665, 33.49496500035532], [-112.11890800037831, 33.494967999895586], [-112.1195839996976, 33.494967999895586], [-112.12134000036386, 33.494967999895586], [-112.1230969999567, 33.4949710001849], [-112.12399199955911, 33.4949710001849], [-112.12559800043755, 33.494973999724955], [-112.12672499984353, 33.49497599991773], [-112.127770999957, 33.4949770000141], [-112.12874199972738, 33.494978000110414], [-112.12921799992844, 33.49497900020677], [-112.12994000017682, 33.4949800003031], [-112.13067499994564, 33.49498099965028], [-112.13102899994797, 33.494883999993164], [-112.13111099996374, 33.49487499986497], [-112.13146900016402, 33.4948800003525], [-112.1321849996663, 33.49487399976748], [-112.13287699977741, 33.4948780001575], [-112.13360499987355, 33.494890999925715], [-112.13412799993029, 33.49488099970083], [-112.13421400014401, 33.4948800003525], [-112.13424599993105, 33.49445299963102], [-112.1342479995809, 33.49424900022549], [-112.1342690003956, 33.49221999987473], [-112.13427100004543, 33.49202199973705], [-112.13428299974099, 33.49084999994989], [-112.13429500033487, 33.48965699971857], [-112.13430200000757, 33.48893199990203], [-112.13430299983249, 33.48886100006182], [-112.13430399965738, 33.48880199992869], [-112.13430500038062, 33.48874600026037], [-112.13430500038062, 33.48870600026112], [-112.13431600025127, 33.48768999962877], [-112.1343389998175, 33.48406300017553], [-112.13434999968814, 33.48233999993246]]]}, "properties": {"geoid": "04013116900", "name": "1169", "value": 4.991450909207634, "coverage": 1.0000000000008131, "n_tiles": 357, "vmin": 4.8841, "vmax": 5.0876, "metric": "recovery_gap_hours", "ok": true, "relief_hours": 1.009, "no_relief": false, "window_hours": 6.0, "population": 2653.0, "over_65": 133.0, "svi": 0.9711, "pct_over_65": 5.0, "pct_poverty": 41.6, "pct_mobile_homes": 58.4, "pct_no_vehicle": 7.2, "quadrant": "over_targeted"}}]}